date,store_nbr,family,sales
2017-08-02,1,AUTOMOTIVE,4.0
2017-08-03,1,AUTOMOTIVE,3.0
2017-08-04,1,AUTOMOTIVE,8.0
2017-08-05,1,AUTOMOTIVE,5.0
2017-08-06,1,AUTOMOTIVE,6.0
2017-08-07,1,AUTOMOTIVE,7.0
2017-08-08,1,AUTOMOTIVE,4.0
2017-08-09,1,AUTOMOTIVE,7.0
2017-08-10,1,AUTOMOTIVE,9.0
2017-08-11,1,AUTOMOTIVE,1.0
2017-08-12,1,AUTOMOTIVE,6.0
2017-08-13,1,AUTOMOTIVE,1.0
2017-08-14,1,AUTOMOTIVE,1.0
2017-08-15,1,AUTOMOTIVE,4.0
2017-08-02,1,BABY CARE,0.0
2017-08-03,1,BABY CARE,0.0
2017-08-04,1,BABY CARE,0.0
2017-08-05,1,BABY CARE,0.0
2017-08-06,1,BABY CARE,0.0
2017-08-07,1,BABY CARE,0.0
2017-08-08,1,BABY CARE,0.0
2017-08-09,1,BABY CARE,0.0
2017-08-10,1,BABY CARE,0.0
2017-08-11,1,BABY CARE,0.0
2017-08-12,1,BABY CARE,0.0
2017-08-13,1,BABY CARE,0.0
2017-08-14,1,BABY CARE,0.0
2017-08-15,1,BABY CARE,0.0
2017-08-02,1,BEAUTY,2.0
2017-08-03,1,BEAUTY,5.0
2017-08-04,1,BEAUTY,7.0
2017-08-05,1,BEAUTY,3.0
2017-08-06,1,BEAUTY,2.0
2017-08-07,1,BEAUTY,5.0
2017-08-08,1,BEAUTY,2.0
2017-08-09,1,BEAUTY,4.0
2017-08-10,1,BEAUTY,10.0
2017-08-11,1,BEAUTY,1.0
2017-08-12,1,BEAUTY,3.0
2017-08-13,1,BEAUTY,1.0
2017-08-14,1,BEAUTY,6.0
2017-08-15,1,BEAUTY,4.0
2017-08-02,1,BEVERAGES,2645.0
2017-08-03,1,BEVERAGES,2037.0
2017-08-04,1,BEVERAGES,2479.0
2017-08-05,1,BEVERAGES,2093.0
2017-08-06,1,BEVERAGES,968.0
2017-08-07,1,BEVERAGES,2086.0
2017-08-08,1,BEVERAGES,2418.0
2017-08-09,1,BEVERAGES,2311.0
2017-08-10,1,BEVERAGES,2377.0
2017-08-11,1,BEVERAGES,1006.0
2017-08-12,1,BEVERAGES,1659.0
2017-08-13,1,BEVERAGES,803.0
2017-08-14,1,BEVERAGES,2201.0
2017-08-15,1,BEVERAGES,1942.0
2017-08-02,1,BOOKS,0.0
2017-08-03,1,BOOKS,0.0
2017-08-04,1,BOOKS,0.0
2017-08-05,1,BOOKS,0.0
2017-08-06,1,BOOKS,0.0
2017-08-07,1,BOOKS,0.0
2017-08-08,1,BOOKS,0.0
2017-08-09,1,BOOKS,0.0
2017-08-10,1,BOOKS,0.0
2017-08-11,1,BOOKS,0.0
2017-08-12,1,BOOKS,0.0
2017-08-13,1,BOOKS,0.0
2017-08-14,1,BOOKS,0.0
2017-08-15,1,BOOKS,0.0
2017-08-02,1,BREAD/BAKERY,428.186
2017-08-03,1,BREAD/BAKERY,282.81
2017-08-04,1,BREAD/BAKERY,385.044
2017-08-05,1,BREAD/BAKERY,271.579
2017-08-06,1,BREAD/BAKERY,144.024
2017-08-07,1,BREAD/BAKERY,328.382
2017-08-08,1,BREAD/BAKERY,361.412
2017-08-09,1,BREAD/BAKERY,399.547
2017-08-10,1,BREAD/BAKERY,417.021
2017-08-11,1,BREAD/BAKERY,145.607
2017-08-12,1,BREAD/BAKERY,243.22
2017-08-13,1,BREAD/BAKERY,136.679
2017-08-14,1,BREAD/BAKERY,346.038
2017-08-15,1,BREAD/BAKERY,329.54102
2017-08-02,1,CELEBRATION,7.0
2017-08-03,1,CELEBRATION,10.0
2017-08-04,1,CELEBRATION,24.0
2017-08-05,1,CELEBRATION,12.0
2017-08-06,1,CELEBRATION,2.0
2017-08-07,1,CELEBRATION,18.0
2017-08-08,1,CELEBRATION,11.0
2017-08-09,1,CELEBRATION,12.0
2017-08-10,1,CELEBRATION,17.0
2017-08-11,1,CELEBRATION,4.0
2017-08-12,1,CELEBRATION,3.0
2017-08-13,1,CELEBRATION,1.0
2017-08-14,1,CELEBRATION,4.0
2017-08-15,1,CELEBRATION,21.0
2017-08-02,1,CLEANING,942.0
2017-08-03,1,CLEANING,622.0
2017-08-04,1,CLEANING,729.0
2017-08-05,1,CLEANING,442.0
2017-08-06,1,CLEANING,233.0
2017-08-07,1,CLEANING,741.0
2017-08-08,1,CLEANING,767.0
2017-08-09,1,CLEANING,651.0
2017-08-10,1,CLEANING,696.0
2017-08-11,1,CLEANING,341.0
2017-08-12,1,CLEANING,351.0
2017-08-13,1,CLEANING,169.0
2017-08-14,1,CLEANING,571.0
2017-08-15,1,CLEANING,703.0
2017-08-02,1,DAIRY,941.0
2017-08-03,1,DAIRY,529.0
2017-08-04,1,DAIRY,767.0
2017-08-05,1,DAIRY,624.0
2017-08-06,1,DAIRY,312.0
2017-08-07,1,DAIRY,717.0
2017-08-08,1,DAIRY,569.0
2017-08-09,1,DAIRY,789.0
2017-08-10,1,DAIRY,736.0
2017-08-11,1,DAIRY,343.0
2017-08-12,1,DAIRY,526.0
2017-08-13,1,DAIRY,266.0
2017-08-14,1,DAIRY,699.0
2017-08-15,1,DAIRY,602.0
2017-08-02,1,DELI,150.745
2017-08-03,1,DELI,106.929
2017-08-04,1,DELI,170.185
2017-08-05,1,DELI,104.168
2017-08-06,1,DELI,60.289
2017-08-07,1,DELI,138.907
2017-08-08,1,DELI,130.678
2017-08-09,1,DELI,123.496
2017-08-10,1,DELI,139.761
2017-08-11,1,DELI,64.302
2017-08-12,1,DELI,99.488
2017-08-13,1,DELI,47.77
2017-08-14,1,DELI,154.578
2017-08-15,1,DELI,116.402
2017-08-02,1,EGGS,160.0
2017-08-03,1,EGGS,120.0
2017-08-04,1,EGGS,143.0
2017-08-05,1,EGGS,155.0
2017-08-06,1,EGGS,47.0
2017-08-07,1,EGGS,152.0
2017-08-08,1,EGGS,130.0
2017-08-09,1,EGGS,134.0
2017-08-10,1,EGGS,114.0
2017-08-11,1,EGGS,86.0
2017-08-12,1,EGGS,113.0
2017-08-13,1,EGGS,60.0
2017-08-14,1,EGGS,170.0
2017-08-15,1,EGGS,131.0
2017-08-02,1,FROZEN FOODS,200.899
2017-08-03,1,FROZEN FOODS,132.185
2017-08-04,1,FROZEN FOODS,143.0
2017-08-05,1,FROZEN FOODS,155.597
2017-08-06,1,FROZEN FOODS,40.0
2017-08-07,1,FROZEN FOODS,136.719
2017-08-08,1,FROZEN FOODS,134.287
2017-08-09,1,FROZEN FOODS,154.309
2017-08-10,1,FROZEN FOODS,167.70999
2017-08-11,1,FROZEN FOODS,61.0
2017-08-12,1,FROZEN FOODS,107.794
2017-08-13,1,FROZEN FOODS,50.0
2017-08-14,1,FROZEN FOODS,110.0
2017-08-15,1,FROZEN FOODS,89.0
2017-08-02,1,GROCERY I,3247.0
2017-08-03,1,GROCERY I,2177.0
2017-08-04,1,GROCERY I,2778.0
2017-08-05,1,GROCERY I,2034.0
2017-08-06,1,GROCERY I,1025.0
2017-08-07,1,GROCERY I,2551.0
2017-08-08,1,GROCERY I,3062.0
2017-08-09,1,GROCERY I,2719.0
2017-08-10,1,GROCERY I,2591.0
2017-08-11,1,GROCERY I,1270.0
2017-08-12,1,GROCERY I,1630.0
2017-08-13,1,GROCERY I,952.0
2017-08-14,1,GROCERY I,2407.0
2017-08-15,1,GROCERY I,2508.0
2017-08-02,1,GROCERY II,26.0
2017-08-03,1,GROCERY II,24.0
2017-08-04,1,GROCERY II,9.0
2017-08-05,1,GROCERY II,13.0
2017-08-06,1,GROCERY II,11.0
2017-08-07,1,GROCERY II,19.0
2017-08-08,1,GROCERY II,23.0
2017-08-09,1,GROCERY II,20.0
2017-08-10,1,GROCERY II,23.0
2017-08-11,1,GROCERY II,9.0
2017-08-12,1,GROCERY II,19.0
2017-08-13,1,GROCERY II,6.0
2017-08-14,1,GROCERY II,20.0
2017-08-15,1,GROCERY II,13.0
2017-08-02,1,HARDWARE,1.0
2017-08-03,1,HARDWARE,3.0
2017-08-04,1,HARDWARE,4.0
2017-08-05,1,HARDWARE,0.0
2017-08-06,1,HARDWARE,2.0
2017-08-07,1,HARDWARE,2.0
2017-08-08,1,HARDWARE,3.0
2017-08-09,1,HARDWARE,3.0
2017-08-10,1,HARDWARE,1.0
2017-08-11,1,HARDWARE,1.0
2017-08-12,1,HARDWARE,0.0
2017-08-13,1,HARDWARE,1.0
2017-08-14,1,HARDWARE,0.0
2017-08-15,1,HARDWARE,3.0
2017-08-02,1,HOME AND KITCHEN I,38.0
2017-08-03,1,HOME AND KITCHEN I,20.0
2017-08-04,1,HOME AND KITCHEN I,49.0
2017-08-05,1,HOME AND KITCHEN I,10.0
2017-08-06,1,HOME AND KITCHEN I,2.0
2017-08-07,1,HOME AND KITCHEN I,19.0
2017-08-08,1,HOME AND KITCHEN I,22.0
2017-08-09,1,HOME AND KITCHEN I,29.0
2017-08-10,1,HOME AND KITCHEN I,39.0
2017-08-11,1,HOME AND KITCHEN I,27.0
2017-08-12,1,HOME AND KITCHEN I,17.0
2017-08-13,1,HOME AND KITCHEN I,13.0
2017-08-14,1,HOME AND KITCHEN I,50.0
2017-08-15,1,HOME AND KITCHEN I,30.0
2017-08-02,1,HOME AND KITCHEN II,18.0
2017-08-03,1,HOME AND KITCHEN II,26.0
2017-08-04,1,HOME AND KITCHEN II,22.0
2017-08-05,1,HOME AND KITCHEN II,25.0
2017-08-06,1,HOME AND KITCHEN II,8.0
2017-08-07,1,HOME AND KITCHEN II,24.0
2017-08-08,1,HOME AND KITCHEN II,27.0
2017-08-09,1,HOME AND KITCHEN II,16.0
2017-08-10,1,HOME AND KITCHEN II,31.0
2017-08-11,1,HOME AND KITCHEN II,14.0
2017-08-12,1,HOME AND KITCHEN II,31.0
2017-08-13,1,HOME AND KITCHEN II,8.0
2017-08-14,1,HOME AND KITCHEN II,31.0
2017-08-15,1,HOME AND KITCHEN II,33.0
2017-08-02,1,HOME APPLIANCES,0.0
2017-08-03,1,HOME APPLIANCES,0.0
2017-08-04,1,HOME APPLIANCES,0.0
2017-08-05,1,HOME APPLIANCES,0.0
2017-08-06,1,HOME APPLIANCES,0.0
2017-08-07,1,HOME APPLIANCES,0.0
2017-08-08,1,HOME APPLIANCES,0.0
2017-08-09,1,HOME APPLIANCES,0.0
2017-08-10,1,HOME APPLIANCES,0.0
2017-08-11,1,HOME APPLIANCES,0.0
2017-08-12,1,HOME APPLIANCES,0.0
2017-08-13,1,HOME APPLIANCES,0.0
2017-08-14,1,HOME APPLIANCES,0.0
2017-08-15,1,HOME APPLIANCES,0.0
2017-08-02,1,HOME CARE,277.0
2017-08-03,1,HOME CARE,169.0
2017-08-04,1,HOME CARE,168.0
2017-08-05,1,HOME CARE,158.0
2017-08-06,1,HOME CARE,77.0
2017-08-07,1,HOME CARE,168.0
2017-08-08,1,HOME CARE,208.0
2017-08-09,1,HOME CARE,161.0
2017-08-10,1,HOME CARE,170.0
2017-08-11,1,HOME CARE,74.0
2017-08-12,1,HOME CARE,116.0
2017-08-13,1,HOME CARE,61.0
2017-08-14,1,HOME CARE,161.0
2017-08-15,1,HOME CARE,156.0
2017-08-02,1,LADIESWEAR,18.0
2017-08-03,1,LADIESWEAR,13.0
2017-08-04,1,LADIESWEAR,10.0
2017-08-05,1,LADIESWEAR,16.0
2017-08-06,1,LADIESWEAR,6.0
2017-08-07,1,LADIESWEAR,19.0
2017-08-08,1,LADIESWEAR,19.0
2017-08-09,1,LADIESWEAR,31.0
2017-08-10,1,LADIESWEAR,7.0
2017-08-11,1,LADIESWEAR,3.0
2017-08-12,1,LADIESWEAR,9.0
2017-08-13,1,LADIESWEAR,7.0
2017-08-14,1,LADIESWEAR,17.0
2017-08-15,1,LADIESWEAR,9.0
2017-08-02,1,LAWN AND GARDEN,31.0
2017-08-03,1,LAWN AND GARDEN,10.0
2017-08-04,1,LAWN AND GARDEN,17.0
2017-08-05,1,LAWN AND GARDEN,17.0
2017-08-06,1,LAWN AND GARDEN,9.0
2017-08-07,1,LAWN AND GARDEN,10.0
2017-08-08,1,LAWN AND GARDEN,19.0
2017-08-09,1,LAWN AND GARDEN,20.0
2017-08-10,1,LAWN AND GARDEN,22.0
2017-08-11,1,LAWN AND GARDEN,15.0
2017-08-12,1,LAWN AND GARDEN,10.0
2017-08-13,1,LAWN AND GARDEN,8.0
2017-08-14,1,LAWN AND GARDEN,27.0
2017-08-15,1,LAWN AND GARDEN,17.0
2017-08-02,1,LINGERIE,10.0
2017-08-03,1,LINGERIE,2.0
2017-08-04,1,LINGERIE,13.0
2017-08-05,1,LINGERIE,2.0
2017-08-06,1,LINGERIE,16.0
2017-08-07,1,LINGERIE,5.0
2017-08-08,1,LINGERIE,16.0
2017-08-09,1,LINGERIE,0.0
2017-08-10,1,LINGERIE,8.0
2017-08-11,1,LINGERIE,1.0
2017-08-12,1,LINGERIE,8.0
2017-08-13,1,LINGERIE,3.0
2017-08-14,1,LINGERIE,21.0
2017-08-15,1,LINGERIE,4.0
2017-08-02,1,"LIQUOR,WINE,BEER",81.0
2017-08-03,1,"LIQUOR,WINE,BEER",93.0
2017-08-04,1,"LIQUOR,WINE,BEER",155.0
2017-08-05,1,"LIQUOR,WINE,BEER",116.0
2017-08-06,1,"LIQUOR,WINE,BEER",41.0
2017-08-07,1,"LIQUOR,WINE,BEER",58.0
2017-08-08,1,"LIQUOR,WINE,BEER",87.0
2017-08-09,1,"LIQUOR,WINE,BEER",99.0
2017-08-10,1,"LIQUOR,WINE,BEER",142.0
2017-08-11,1,"LIQUOR,WINE,BEER",67.0
2017-08-12,1,"LIQUOR,WINE,BEER",90.0
2017-08-13,1,"LIQUOR,WINE,BEER",35.0
2017-08-14,1,"LIQUOR,WINE,BEER",100.0
2017-08-15,1,"LIQUOR,WINE,BEER",94.0
2017-08-02,1,MAGAZINES,7.0
2017-08-03,1,MAGAZINES,5.0
2017-08-04,1,MAGAZINES,2.0
2017-08-05,1,MAGAZINES,13.0
2017-08-06,1,MAGAZINES,4.0
2017-08-07,1,MAGAZINES,16.0
2017-08-08,1,MAGAZINES,9.0
2017-08-09,1,MAGAZINES,2.0
2017-08-10,1,MAGAZINES,7.0
2017-08-11,1,MAGAZINES,4.0
2017-08-12,1,MAGAZINES,6.0
2017-08-13,1,MAGAZINES,4.0
2017-08-14,1,MAGAZINES,8.0
2017-08-15,1,MAGAZINES,3.0
2017-08-02,1,MEATS,270.592
2017-08-03,1,MEATS,272.606
2017-08-04,1,MEATS,639.55096
2017-08-05,1,MEATS,481.923
2017-08-06,1,MEATS,116.098
2017-08-07,1,MEATS,236.746
2017-08-08,1,MEATS,226.22499
2017-08-09,1,MEATS,373.666
2017-08-10,1,MEATS,243.94301
2017-08-11,1,MEATS,385.99402
2017-08-12,1,MEATS,211.756
2017-08-13,1,MEATS,88.182
2017-08-14,1,MEATS,192.763
2017-08-15,1,MEATS,274.176
2017-08-02,1,PERSONAL CARE,169.0
2017-08-03,1,PERSONAL CARE,149.0
2017-08-04,1,PERSONAL CARE,138.0
2017-08-05,1,PERSONAL CARE,154.0
2017-08-06,1,PERSONAL CARE,74.0
2017-08-07,1,PERSONAL CARE,187.0
2017-08-08,1,PERSONAL CARE,239.0
2017-08-09,1,PERSONAL CARE,288.0
2017-08-10,1,PERSONAL CARE,183.0
2017-08-11,1,PERSONAL CARE,53.0
2017-08-12,1,PERSONAL CARE,227.0
2017-08-13,1,PERSONAL CARE,45.0
2017-08-14,1,PERSONAL CARE,159.0
2017-08-15,1,PERSONAL CARE,173.0
2017-08-02,1,PET SUPPLIES,2.0
2017-08-03,1,PET SUPPLIES,2.0
2017-08-04,1,PET SUPPLIES,7.0
2017-08-05,1,PET SUPPLIES,5.0
2017-08-06,1,PET SUPPLIES,3.0
2017-08-07,1,PET SUPPLIES,4.0
2017-08-08,1,PET SUPPLIES,6.0
2017-08-09,1,PET SUPPLIES,7.0
2017-08-10,1,PET SUPPLIES,5.0
2017-08-11,1,PET SUPPLIES,5.0
2017-08-12,1,PET SUPPLIES,3.0
2017-08-13,1,PET SUPPLIES,2.0
2017-08-14,1,PET SUPPLIES,3.0
2017-08-15,1,PET SUPPLIES,3.0
2017-08-02,1,PLAYERS AND ELECTRONICS,12.0
2017-08-03,1,PLAYERS AND ELECTRONICS,7.0
2017-08-04,1,PLAYERS AND ELECTRONICS,5.0
2017-08-05,1,PLAYERS AND ELECTRONICS,9.0
2017-08-06,1,PLAYERS AND ELECTRONICS,4.0
2017-08-07,1,PLAYERS AND ELECTRONICS,7.0
2017-08-08,1,PLAYERS AND ELECTRONICS,4.0
2017-08-09,1,PLAYERS AND ELECTRONICS,12.0
2017-08-10,1,PLAYERS AND ELECTRONICS,11.0
2017-08-11,1,PLAYERS AND ELECTRONICS,3.0
2017-08-12,1,PLAYERS AND ELECTRONICS,6.0
2017-08-13,1,PLAYERS AND ELECTRONICS,0.0
2017-08-14,1,PLAYERS AND ELECTRONICS,6.0
2017-08-15,1,PLAYERS AND ELECTRONICS,21.0
2017-08-02,1,POULTRY,375.62302
2017-08-03,1,POULTRY,233.689
2017-08-04,1,POULTRY,481.049
2017-08-05,1,POULTRY,257.44
2017-08-06,1,POULTRY,117.783
2017-08-07,1,POULTRY,364.209
2017-08-08,1,POULTRY,277.277
2017-08-09,1,POULTRY,289.324
2017-08-10,1,POULTRY,268.744
2017-08-11,1,POULTRY,259.118
2017-08-12,1,POULTRY,217.664
2017-08-13,1,POULTRY,115.758
2017-08-14,1,POULTRY,270.047
2017-08-15,1,POULTRY,234.892
2017-08-02,1,PREPARED FOODS,63.057
2017-08-03,1,PREPARED FOODS,57.154
2017-08-04,1,PREPARED FOODS,60.498
2017-08-05,1,PREPARED FOODS,66.906
2017-08-06,1,PREPARED FOODS,39.656998
2017-08-07,1,PREPARED FOODS,69.724
2017-08-08,1,PREPARED FOODS,84.333
2017-08-09,1,PREPARED FOODS,51.189
2017-08-10,1,PREPARED FOODS,97.532
2017-08-11,1,PREPARED FOODS,24.963001
2017-08-12,1,PREPARED FOODS,48.058
2017-08-13,1,PREPARED FOODS,20.346
2017-08-14,1,PREPARED FOODS,72.004
2017-08-15,1,PREPARED FOODS,42.822998
2017-08-02,1,PRODUCE,4375.5522
2017-08-03,1,PRODUCE,1925.761
2017-08-04,1,PRODUCE,2702.803
2017-08-05,1,PRODUCE,2126.341
2017-08-06,1,PRODUCE,1027.442
2017-08-07,1,PRODUCE,2416.128
2017-08-08,1,PRODUCE,2137.037
2017-08-09,1,PRODUCE,3855.684
2017-08-10,1,PRODUCE,2261.499
2017-08-11,1,PRODUCE,1115.334
2017-08-12,1,PRODUCE,1762.493
2017-08-13,1,PRODUCE,986.669
2017-08-14,1,PRODUCE,2611.755
2017-08-15,1,PRODUCE,2240.23
2017-08-02,1,SCHOOL AND OFFICE SUPPLIES,0.0
2017-08-03,1,SCHOOL AND OFFICE SUPPLIES,0.0
2017-08-04,1,SCHOOL AND OFFICE SUPPLIES,0.0
2017-08-05,1,SCHOOL AND OFFICE SUPPLIES,0.0
2017-08-06,1,SCHOOL AND OFFICE SUPPLIES,0.0
2017-08-07,1,SCHOOL AND OFFICE SUPPLIES,0.0
2017-08-08,1,SCHOOL AND OFFICE SUPPLIES,0.0
2017-08-09,1,SCHOOL AND OFFICE SUPPLIES,0.0
2017-08-10,1,SCHOOL AND OFFICE SUPPLIES,0.0
2017-08-11,1,SCHOOL AND OFFICE SUPPLIES,0.0
2017-08-12,1,SCHOOL AND OFFICE SUPPLIES,0.0
2017-08-13,1,SCHOOL AND OFFICE SUPPLIES,0.0
2017-08-14,1,SCHOOL AND OFFICE SUPPLIES,0.0
2017-08-15,1,SCHOOL AND OFFICE SUPPLIES,0.0
2017-08-02,1,SEAFOOD,24.878
2017-08-03,1,SEAFOOD,33.486
2017-08-04,1,SEAFOOD,33.768
2017-08-05,1,SEAFOOD,17.625
2017-08-06,1,SEAFOOD,11.955
2017-08-07,1,SEAFOOD,32.321
2017-08-08,1,SEAFOOD,74.51
2017-08-09,1,SEAFOOD,21.437
2017-08-10,1,SEAFOOD,39.369
2017-08-11,1,SEAFOOD,19.424
2017-08-12,1,SEAFOOD,20.15
2017-08-13,1,SEAFOOD,11.378
2017-08-14,1,SEAFOOD,14.129
2017-08-15,1,SEAFOOD,22.487
2017-08-02,2,AUTOMOTIVE,6.0
2017-08-03,2,AUTOMOTIVE,0.0
2017-08-04,2,AUTOMOTIVE,10.0
2017-08-05,2,AUTOMOTIVE,10.0
2017-08-06,2,AUTOMOTIVE,11.0
2017-08-07,2,AUTOMOTIVE,3.0
2017-08-08,2,AUTOMOTIVE,5.0
2017-08-09,2,AUTOMOTIVE,10.0
2017-08-10,2,AUTOMOTIVE,9.0
2017-08-11,2,AUTOMOTIVE,14.0
2017-08-12,2,AUTOMOTIVE,7.0
2017-08-13,2,AUTOMOTIVE,9.0
2017-08-14,2,AUTOMOTIVE,4.0
2017-08-15,2,AUTOMOTIVE,2.0
2017-08-02,2,BABY CARE,0.0
2017-08-03,2,BABY CARE,0.0
2017-08-04,2,BABY CARE,0.0
2017-08-05,2,BABY CARE,0.0
2017-08-06,2,BABY CARE,0.0
2017-08-07,2,BABY CARE,0.0
2017-08-08,2,BABY CARE,0.0
2017-08-09,2,BABY CARE,0.0
2017-08-10,2,BABY CARE,0.0
2017-08-11,2,BABY CARE,0.0
2017-08-12,2,BABY CARE,0.0
2017-08-13,2,BABY CARE,0.0
2017-08-14,2,BABY CARE,0.0
2017-08-15,2,BABY CARE,0.0
2017-08-02,2,BEAUTY,9.0
2017-08-03,2,BEAUTY,10.0
2017-08-04,2,BEAUTY,5.0
2017-08-05,2,BEAUTY,8.0
2017-08-06,2,BEAUTY,13.0
2017-08-07,2,BEAUTY,4.0
2017-08-08,2,BEAUTY,10.0
2017-08-09,2,BEAUTY,10.0
2017-08-10,2,BEAUTY,9.0
2017-08-11,2,BEAUTY,8.0
2017-08-12,2,BEAUTY,7.0
2017-08-13,2,BEAUTY,10.0
2017-08-14,2,BEAUTY,7.0
2017-08-15,2,BEAUTY,9.0
2017-08-02,2,BEVERAGES,3394.0
2017-08-03,2,BEVERAGES,2304.0
2017-08-04,2,BEVERAGES,2785.0
2017-08-05,2,BEVERAGES,3150.0
2017-08-06,2,BEVERAGES,3594.0
2017-08-07,2,BEVERAGES,2547.0
2017-08-08,2,BEVERAGES,2433.0
2017-08-09,2,BEVERAGES,2324.0
2017-08-10,2,BEVERAGES,2936.0
2017-08-11,2,BEVERAGES,2390.0
2017-08-12,2,BEVERAGES,2649.0
2017-08-13,2,BEVERAGES,2947.0
2017-08-14,2,BEVERAGES,2559.0
2017-08-15,2,BEVERAGES,2093.0
2017-08-02,2,BOOKS,0.0
2017-08-03,2,BOOKS,0.0
2017-08-04,2,BOOKS,0.0
2017-08-05,2,BOOKS,0.0
2017-08-06,2,BOOKS,0.0
2017-08-07,2,BOOKS,0.0
2017-08-08,2,BOOKS,0.0
2017-08-09,2,BOOKS,0.0
2017-08-10,2,BOOKS,0.0
2017-08-11,2,BOOKS,0.0
2017-08-12,2,BOOKS,0.0
2017-08-13,2,BOOKS,0.0
2017-08-14,2,BOOKS,0.0
2017-08-15,2,BOOKS,0.0
2017-08-02,2,BREAD/BAKERY,656.0
2017-08-03,2,BREAD/BAKERY,609.0
2017-08-04,2,BREAD/BAKERY,664.0
2017-08-05,2,BREAD/BAKERY,639.0
2017-08-06,2,BREAD/BAKERY,748.0
2017-08-07,2,BREAD/BAKERY,606.0
2017-08-08,2,BREAD/BAKERY,586.0
2017-08-09,2,BREAD/BAKERY,598.0
2017-08-10,2,BREAD/BAKERY,501.0
2017-08-11,2,BREAD/BAKERY,601.0
2017-08-12,2,BREAD/BAKERY,637.0
2017-08-13,2,BREAD/BAKERY,642.0
2017-08-14,2,BREAD/BAKERY,597.0
2017-08-15,2,BREAD/BAKERY,607.0
2017-08-02,2,CELEBRATION,9.0
2017-08-03,2,CELEBRATION,4.0
2017-08-04,2,CELEBRATION,26.0
2017-08-05,2,CELEBRATION,13.0
2017-08-06,2,CELEBRATION,9.0
2017-08-07,2,CELEBRATION,8.0
2017-08-08,2,CELEBRATION,7.0
2017-08-09,2,CELEBRATION,10.0
2017-08-10,2,CELEBRATION,16.0
2017-08-11,2,CELEBRATION,11.0
2017-08-12,2,CELEBRATION,12.0
2017-08-13,2,CELEBRATION,16.0
2017-08-14,2,CELEBRATION,7.0
2017-08-15,2,CELEBRATION,8.0
2017-08-02,2,CLEANING,1071.0
2017-08-03,2,CLEANING,847.0
2017-08-04,2,CLEANING,900.0
2017-08-05,2,CLEANING,890.0
2017-08-06,2,CLEANING,1008.0
2017-08-07,2,CLEANING,789.0
2017-08-08,2,CLEANING,716.0
2017-08-09,2,CLEANING,691.0
2017-08-10,2,CLEANING,575.0
2017-08-11,2,CLEANING,678.0
2017-08-12,2,CLEANING,659.0
2017-08-13,2,CLEANING,752.0
2017-08-14,2,CLEANING,730.0
2017-08-15,2,CLEANING,659.0
2017-08-02,2,DAIRY,870.0
2017-08-03,2,DAIRY,686.0
2017-08-04,2,DAIRY,895.0
2017-08-05,2,DAIRY,856.0
2017-08-06,2,DAIRY,1051.0
2017-08-07,2,DAIRY,779.0
2017-08-08,2,DAIRY,674.0
2017-08-09,2,DAIRY,726.0
2017-08-10,2,DAIRY,597.0
2017-08-11,2,DAIRY,790.0
2017-08-12,2,DAIRY,734.0
2017-08-13,2,DAIRY,892.0
2017-08-14,2,DAIRY,738.0
2017-08-15,2,DAIRY,703.0
2017-08-02,2,DELI,227.064
2017-08-03,2,DELI,152.613
2017-08-04,2,DELI,276.172
2017-08-05,2,DELI,285.503
2017-08-06,2,DELI,257.803
2017-08-07,2,DELI,203.618
2017-08-08,2,DELI,183.266
2017-08-09,2,DELI,198.167
2017-08-10,2,DELI,136.807
2017-08-11,2,DELI,212.375
2017-08-12,2,DELI,251.246
2017-08-13,2,DELI,192.428
2017-08-14,2,DELI,188.586
2017-08-15,2,DELI,232.882
2017-08-02,2,EGGS,183.0
2017-08-03,2,EGGS,147.0
2017-08-04,2,EGGS,194.0
2017-08-05,2,EGGS,195.0
2017-08-06,2,EGGS,241.0
2017-08-07,2,EGGS,175.0
2017-08-08,2,EGGS,142.0
2017-08-09,2,EGGS,147.0
2017-08-10,2,EGGS,139.0
2017-08-11,2,EGGS,138.0
2017-08-12,2,EGGS,179.0
2017-08-13,2,EGGS,208.0
2017-08-14,2,EGGS,155.0
2017-08-15,2,EGGS,154.0
2017-08-02,2,FROZEN FOODS,125.0
2017-08-03,2,FROZEN FOODS,77.0
2017-08-04,2,FROZEN FOODS,150.425
2017-08-05,2,FROZEN FOODS,138.0
2017-08-06,2,FROZEN FOODS,145.0
2017-08-07,2,FROZEN FOODS,56.0
2017-08-08,2,FROZEN FOODS,99.615
2017-08-09,2,FROZEN FOODS,99.0
2017-08-10,2,FROZEN FOODS,73.0
2017-08-11,2,FROZEN FOODS,133.0
2017-08-12,2,FROZEN FOODS,118.0
2017-08-13,2,FROZEN FOODS,98.0
2017-08-14,2,FROZEN FOODS,108.0
2017-08-15,2,FROZEN FOODS,79.0
2017-08-02,2,GROCERY I,4352.0
2017-08-03,2,GROCERY I,3558.0
2017-08-04,2,GROCERY I,3874.0
2017-08-05,2,GROCERY I,3929.0
2017-08-06,2,GROCERY I,4732.0
2017-08-07,2,GROCERY I,3549.0
2017-08-08,2,GROCERY I,3228.0
2017-08-09,2,GROCERY I,3197.0
2017-08-10,2,GROCERY I,2780.0
2017-08-11,2,GROCERY I,3574.0
2017-08-12,2,GROCERY I,3366.0
2017-08-13,2,GROCERY I,3735.0
2017-08-14,2,GROCERY I,3343.0
2017-08-15,2,GROCERY I,3212.0
2017-08-02,2,GROCERY II,40.0
2017-08-03,2,GROCERY II,25.0
2017-08-04,2,GROCERY II,20.0
2017-08-05,2,GROCERY II,25.0
2017-08-06,2,GROCERY II,44.0
2017-08-07,2,GROCERY II,30.0
2017-08-08,2,GROCERY II,7.0
2017-08-09,2,GROCERY II,20.0
2017-08-10,2,GROCERY II,42.0
2017-08-11,2,GROCERY II,29.0
2017-08-12,2,GROCERY II,39.0
2017-08-13,2,GROCERY II,41.0
2017-08-14,2,GROCERY II,28.0
2017-08-15,2,GROCERY II,21.0
2017-08-02,2,HARDWARE,0.0
2017-08-03,2,HARDWARE,0.0
2017-08-04,2,HARDWARE,5.0
2017-08-05,2,HARDWARE,4.0
2017-08-06,2,HARDWARE,1.0
2017-08-07,2,HARDWARE,0.0
2017-08-08,2,HARDWARE,1.0
2017-08-09,2,HARDWARE,0.0
2017-08-10,2,HARDWARE,4.0
2017-08-11,2,HARDWARE,3.0
2017-08-12,2,HARDWARE,1.0
2017-08-13,2,HARDWARE,1.0
2017-08-14,2,HARDWARE,1.0
2017-08-15,2,HARDWARE,1.0
2017-08-02,2,HOME AND KITCHEN I,26.0
2017-08-03,2,HOME AND KITCHEN I,19.0
2017-08-04,2,HOME AND KITCHEN I,21.0
2017-08-05,2,HOME AND KITCHEN I,27.0
2017-08-06,2,HOME AND KITCHEN I,27.0
2017-08-07,2,HOME AND KITCHEN I,7.0
2017-08-08,2,HOME AND KITCHEN I,15.0
2017-08-09,2,HOME AND KITCHEN I,18.0
2017-08-10,2,HOME AND KITCHEN I,20.0
2017-08-11,2,HOME AND KITCHEN I,25.0
2017-08-12,2,HOME AND KITCHEN I,28.0
2017-08-13,2,HOME AND KITCHEN I,33.0
2017-08-14,2,HOME AND KITCHEN I,19.0
2017-08-15,2,HOME AND KITCHEN I,19.0
2017-08-02,2,HOME AND KITCHEN II,35.0
2017-08-03,2,HOME AND KITCHEN II,15.0
2017-08-04,2,HOME AND KITCHEN II,13.0
2017-08-05,2,HOME AND KITCHEN II,13.0
2017-08-06,2,HOME AND KITCHEN II,32.0
2017-08-07,2,HOME AND KITCHEN II,23.0
2017-08-08,2,HOME AND KITCHEN II,19.0
2017-08-09,2,HOME AND KITCHEN II,136.0
2017-08-10,2,HOME AND KITCHEN II,22.0
2017-08-11,2,HOME AND KITCHEN II,25.0
2017-08-12,2,HOME AND KITCHEN II,12.0
2017-08-13,2,HOME AND KITCHEN II,87.0
2017-08-14,2,HOME AND KITCHEN II,31.0
2017-08-15,2,HOME AND KITCHEN II,26.0
2017-08-02,2,HOME APPLIANCES,0.0
2017-08-03,2,HOME APPLIANCES,0.0
2017-08-04,2,HOME APPLIANCES,0.0
2017-08-05,2,HOME APPLIANCES,0.0
2017-08-06,2,HOME APPLIANCES,0.0
2017-08-07,2,HOME APPLIANCES,0.0
2017-08-08,2,HOME APPLIANCES,0.0
2017-08-09,2,HOME APPLIANCES,0.0
2017-08-10,2,HOME APPLIANCES,0.0
2017-08-11,2,HOME APPLIANCES,0.0
2017-08-12,2,HOME APPLIANCES,0.0
2017-08-13,2,HOME APPLIANCES,0.0
2017-08-14,2,HOME APPLIANCES,0.0
2017-08-15,2,HOME APPLIANCES,0.0
2017-08-02,2,HOME CARE,324.0
2017-08-03,2,HOME CARE,216.0
2017-08-04,2,HOME CARE,227.0
2017-08-05,2,HOME CARE,255.0
2017-08-06,2,HOME CARE,333.0
2017-08-07,2,HOME CARE,207.0
2017-08-08,2,HOME CARE,195.0
2017-08-09,2,HOME CARE,196.0
2017-08-10,2,HOME CARE,193.0
2017-08-11,2,HOME CARE,183.0
2017-08-12,2,HOME CARE,220.0
2017-08-13,2,HOME CARE,234.0
2017-08-14,2,HOME CARE,221.0
2017-08-15,2,HOME CARE,187.0
2017-08-02,2,LADIESWEAR,28.0
2017-08-03,2,LADIESWEAR,22.0
2017-08-04,2,LADIESWEAR,20.0
2017-08-05,2,LADIESWEAR,35.0
2017-08-06,2,LADIESWEAR,40.0
2017-08-07,2,LADIESWEAR,12.0
2017-08-08,2,LADIESWEAR,16.0
2017-08-09,2,LADIESWEAR,13.0
2017-08-10,2,LADIESWEAR,11.0
2017-08-11,2,LADIESWEAR,14.0
2017-08-12,2,LADIESWEAR,30.0
2017-08-13,2,LADIESWEAR,25.0
2017-08-14,2,LADIESWEAR,18.0
2017-08-15,2,LADIESWEAR,15.0
2017-08-02,2,LAWN AND GARDEN,20.0
2017-08-03,2,LAWN AND GARDEN,15.0
2017-08-04,2,LAWN AND GARDEN,21.0
2017-08-05,2,LAWN AND GARDEN,13.0
2017-08-06,2,LAWN AND GARDEN,31.0
2017-08-07,2,LAWN AND GARDEN,11.0
2017-08-08,2,LAWN AND GARDEN,3.0
2017-08-09,2,LAWN AND GARDEN,14.0
2017-08-10,2,LAWN AND GARDEN,17.0
2017-08-11,2,LAWN AND GARDEN,10.0
2017-08-12,2,LAWN AND GARDEN,32.0
2017-08-13,2,LAWN AND GARDEN,23.0
2017-08-14,2,LAWN AND GARDEN,10.0
2017-08-15,2,LAWN AND GARDEN,21.0
2017-08-02,2,LINGERIE,11.0
2017-08-03,2,LINGERIE,2.0
2017-08-04,2,LINGERIE,0.0
2017-08-05,2,LINGERIE,7.0
2017-08-06,2,LINGERIE,5.0
2017-08-07,2,LINGERIE,3.0
2017-08-08,2,LINGERIE,6.0
2017-08-09,2,LINGERIE,7.0
2017-08-10,2,LINGERIE,2.0
2017-08-11,2,LINGERIE,8.0
2017-08-12,2,LINGERIE,6.0
2017-08-13,2,LINGERIE,8.0
2017-08-14,2,LINGERIE,4.0
2017-08-15,2,LINGERIE,3.0
2017-08-02,2,"LIQUOR,WINE,BEER",47.0
2017-08-03,2,"LIQUOR,WINE,BEER",60.0
2017-08-04,2,"LIQUOR,WINE,BEER",135.0
2017-08-05,2,"LIQUOR,WINE,BEER",134.0
2017-08-06,2,"LIQUOR,WINE,BEER",77.0
2017-08-07,2,"LIQUOR,WINE,BEER",28.0
2017-08-08,2,"LIQUOR,WINE,BEER",56.0
2017-08-09,2,"LIQUOR,WINE,BEER",90.0
2017-08-10,2,"LIQUOR,WINE,BEER",118.0
2017-08-11,2,"LIQUOR,WINE,BEER",157.0
2017-08-12,2,"LIQUOR,WINE,BEER",159.0
2017-08-13,2,"LIQUOR,WINE,BEER",100.0
2017-08-14,2,"LIQUOR,WINE,BEER",58.0
2017-08-15,2,"LIQUOR,WINE,BEER",65.0
2017-08-02,2,MAGAZINES,6.0
2017-08-03,2,MAGAZINES,1.0
2017-08-04,2,MAGAZINES,7.0
2017-08-05,2,MAGAZINES,13.0
2017-08-06,2,MAGAZINES,18.0
2017-08-07,2,MAGAZINES,14.0
2017-08-08,2,MAGAZINES,9.0
2017-08-09,2,MAGAZINES,14.0
2017-08-10,2,MAGAZINES,14.0
2017-08-11,2,MAGAZINES,8.0
2017-08-12,2,MAGAZINES,13.0
2017-08-13,2,MAGAZINES,11.0
2017-08-14,2,MAGAZINES,13.0
2017-08-15,2,MAGAZINES,15.0
2017-08-02,2,MEATS,417.792
2017-08-03,2,MEATS,287.101
2017-08-04,2,MEATS,1545.465
2017-08-05,2,MEATS,426.65298
2017-08-06,2,MEATS,435.524
2017-08-07,2,MEATS,300.464
2017-08-08,2,MEATS,390.749
2017-08-09,2,MEATS,401.509
2017-08-10,2,MEATS,894.182
2017-08-11,2,MEATS,977.961
2017-08-12,2,MEATS,304.844
2017-08-13,2,MEATS,315.441
2017-08-14,2,MEATS,433.778
2017-08-15,2,MEATS,357.513
2017-08-02,2,PERSONAL CARE,338.0
2017-08-03,2,PERSONAL CARE,274.0
2017-08-04,2,PERSONAL CARE,230.0
2017-08-05,2,PERSONAL CARE,274.0
2017-08-06,2,PERSONAL CARE,370.0
2017-08-07,2,PERSONAL CARE,267.0
2017-08-08,2,PERSONAL CARE,217.0
2017-08-09,2,PERSONAL CARE,220.0
2017-08-10,2,PERSONAL CARE,144.0
2017-08-11,2,PERSONAL CARE,353.0
2017-08-12,2,PERSONAL CARE,225.0
2017-08-13,2,PERSONAL CARE,277.0
2017-08-14,2,PERSONAL CARE,206.0
2017-08-15,2,PERSONAL CARE,202.0
2017-08-02,2,PET SUPPLIES,10.0
2017-08-03,2,PET SUPPLIES,6.0
2017-08-04,2,PET SUPPLIES,3.0
2017-08-05,2,PET SUPPLIES,4.0
2017-08-06,2,PET SUPPLIES,10.0
2017-08-07,2,PET SUPPLIES,12.0
2017-08-08,2,PET SUPPLIES,11.0
2017-08-09,2,PET SUPPLIES,13.0
2017-08-10,2,PET SUPPLIES,10.0
2017-08-11,2,PET SUPPLIES,18.0
2017-08-12,2,PET SUPPLIES,9.0
2017-08-13,2,PET SUPPLIES,6.0
2017-08-14,2,PET SUPPLIES,9.0
2017-08-15,2,PET SUPPLIES,3.0
2017-08-02,2,PLAYERS AND ELECTRONICS,16.0
2017-08-03,2,PLAYERS AND ELECTRONICS,3.0
2017-08-04,2,PLAYERS AND ELECTRONICS,7.0
2017-08-05,2,PLAYERS AND ELECTRONICS,9.0
2017-08-06,2,PLAYERS AND ELECTRONICS,19.0
2017-08-07,2,PLAYERS AND ELECTRONICS,9.0
2017-08-08,2,PLAYERS AND ELECTRONICS,8.0
2017-08-09,2,PLAYERS AND ELECTRONICS,8.0
2017-08-10,2,PLAYERS AND ELECTRONICS,7.0
2017-08-11,2,PLAYERS AND ELECTRONICS,5.0
2017-08-12,2,PLAYERS AND ELECTRONICS,8.0
2017-08-13,2,PLAYERS AND ELECTRONICS,11.0
2017-08-14,2,PLAYERS AND ELECTRONICS,7.0
2017-08-15,2,PLAYERS AND ELECTRONICS,6.0
2017-08-02,2,POULTRY,467.46
2017-08-03,2,POULTRY,399.105
2017-08-04,2,POULTRY,667.52
2017-08-05,2,POULTRY,484.394
2017-08-06,2,POULTRY,553.65
2017-08-07,2,POULTRY,383.369
2017-08-08,2,POULTRY,392.329
2017-08-09,2,POULTRY,398.318
2017-08-10,2,POULTRY,358.922
2017-08-11,2,POULTRY,533.774
2017-08-12,2,POULTRY,359.522
2017-08-13,2,POULTRY,470.487
2017-08-14,2,POULTRY,461.51102
2017-08-15,2,POULTRY,365.424
2017-08-02,2,PREPARED FOODS,146.6
2017-08-03,2,PREPARED FOODS,101.975
2017-08-04,2,PREPARED FOODS,91.213
2017-08-05,2,PREPARED FOODS,117.637
2017-08-06,2,PREPARED FOODS,115.262
2017-08-07,2,PREPARED FOODS,112.87
2017-08-08,2,PREPARED FOODS,109.178
2017-08-09,2,PREPARED FOODS,109.417
2017-08-10,2,PREPARED FOODS,73.426
2017-08-11,2,PREPARED FOODS,128.282
2017-08-12,2,PREPARED FOODS,130.451
2017-08-13,2,PREPARED FOODS,101.716995
2017-08-14,2,PREPARED FOODS,115.877
2017-08-15,2,PREPARED FOODS,90.849
2017-08-02,2,PRODUCE,3532.874
2017-08-03,2,PRODUCE,2035.934
2017-08-04,2,PRODUCE,2181.277
2017-08-05,2,PRODUCE,2396.897
2017-08-06,2,PRODUCE,3017.821
2017-08-07,2,PRODUCE,2212.084
2017-08-08,2,PRODUCE,1737.367
2017-08-09,2,PRODUCE,2905.31
2017-08-10,2,PRODUCE,1593.369
2017-08-11,2,PRODUCE,2028.704
2017-08-12,2,PRODUCE,2159.94
2017-08-13,2,PRODUCE,2476.7031
2017-08-14,2,PRODUCE,2104.065
2017-08-15,2,PRODUCE,2006.874
2017-08-02,2,SCHOOL AND OFFICE SUPPLIES,0.0
2017-08-03,2,SCHOOL AND OFFICE SUPPLIES,0.0
2017-08-04,2,SCHOOL AND OFFICE SUPPLIES,0.0
2017-08-05,2,SCHOOL AND OFFICE SUPPLIES,0.0
2017-08-06,2,SCHOOL AND OFFICE SUPPLIES,0.0
2017-08-07,2,SCHOOL AND OFFICE SUPPLIES,0.0
2017-08-08,2,SCHOOL AND OFFICE SUPPLIES,0.0
2017-08-09,2,SCHOOL AND OFFICE SUPPLIES,0.0
2017-08-10,2,SCHOOL AND OFFICE SUPPLIES,0.0
2017-08-11,2,SCHOOL AND OFFICE SUPPLIES,0.0
2017-08-12,2,SCHOOL AND OFFICE SUPPLIES,0.0
2017-08-13,2,SCHOOL AND OFFICE SUPPLIES,0.0
2017-08-14,2,SCHOOL AND OFFICE SUPPLIES,0.0
2017-08-15,2,SCHOOL AND OFFICE SUPPLIES,0.0
2017-08-02,2,SEAFOOD,37.174
2017-08-03,2,SEAFOOD,33.546
2017-08-04,2,SEAFOOD,47.119
2017-08-05,2,SEAFOOD,47.973
2017-08-06,2,SEAFOOD,48.509
2017-08-07,2,SEAFOOD,31.048
2017-08-08,2,SEAFOOD,28.051
2017-08-09,2,SEAFOOD,42.032
2017-08-10,2,SEAFOOD,22.127
2017-08-11,2,SEAFOOD,25.675001
2017-08-12,2,SEAFOOD,26.413
2017-08-13,2,SEAFOOD,44.046
2017-08-14,2,SEAFOOD,34.644
2017-08-15,2,SEAFOOD,32.718002
2017-08-02,3,AUTOMOTIVE,11.0
2017-08-03,3,AUTOMOTIVE,12.0
2017-08-04,3,AUTOMOTIVE,10.0
2017-08-05,3,AUTOMOTIVE,12.0
2017-08-06,3,AUTOMOTIVE,16.0
2017-08-07,3,AUTOMOTIVE,11.0
2017-08-08,3,AUTOMOTIVE,13.0
2017-08-09,3,AUTOMOTIVE,6.0
2017-08-10,3,AUTOMOTIVE,3.0
2017-08-11,3,AUTOMOTIVE,10.0
2017-08-12,3,AUTOMOTIVE,9.0
2017-08-13,3,AUTOMOTIVE,15.0
2017-08-14,3,AUTOMOTIVE,7.0
2017-08-15,3,AUTOMOTIVE,12.0
2017-08-02,3,BABY CARE,2.0
2017-08-03,3,BABY CARE,1.0
2017-08-04,3,BABY CARE,2.0
2017-08-05,3,BABY CARE,1.0
2017-08-06,3,BABY CARE,4.0
2017-08-07,3,BABY CARE,4.0
2017-08-08,3,BABY CARE,0.0
2017-08-09,3,BABY CARE,0.0
2017-08-10,3,BABY CARE,0.0
2017-08-11,3,BABY CARE,0.0
2017-08-12,3,BABY CARE,0.0
2017-08-13,3,BABY CARE,0.0
2017-08-14,3,BABY CARE,0.0
2017-08-15,3,BABY CARE,0.0
2017-08-02,3,BEAUTY,14.0
2017-08-03,3,BEAUTY,12.0
2017-08-04,3,BEAUTY,18.0
2017-08-05,3,BEAUTY,20.0
2017-08-06,3,BEAUTY,34.0
2017-08-07,3,BEAUTY,18.0
2017-08-08,3,BEAUTY,13.0
2017-08-09,3,BEAUTY,13.0
2017-08-10,3,BEAUTY,16.0
2017-08-11,3,BEAUTY,13.0
2017-08-12,3,BEAUTY,12.0
2017-08-13,3,BEAUTY,26.0
2017-08-14,3,BEAUTY,27.0
2017-08-15,3,BEAUTY,13.0
2017-08-02,3,BEVERAGES,8217.0
2017-08-03,3,BEVERAGES,7267.0
2017-08-04,3,BEVERAGES,7967.0
2017-08-05,3,BEVERAGES,10187.0
2017-08-06,3,BEVERAGES,10600.0
2017-08-07,3,BEVERAGES,7610.0
2017-08-08,3,BEVERAGES,6704.0
2017-08-09,3,BEVERAGES,6825.0
2017-08-10,3,BEVERAGES,6694.0
2017-08-11,3,BEVERAGES,7032.0
2017-08-12,3,BEVERAGES,7685.0
2017-08-13,3,BEVERAGES,8423.0
2017-08-14,3,BEVERAGES,7859.0
2017-08-15,3,BEVERAGES,6915.0
2017-08-02,3,BOOKS,0.0
2017-08-03,3,BOOKS,0.0
2017-08-04,3,BOOKS,0.0
2017-08-05,3,BOOKS,0.0
2017-08-06,3,BOOKS,0.0
2017-08-07,3,BOOKS,0.0
2017-08-08,3,BOOKS,0.0
2017-08-09,3,BOOKS,0.0
2017-08-10,3,BOOKS,0.0
2017-08-11,3,BOOKS,0.0
2017-08-12,3,BOOKS,0.0
2017-08-13,3,BOOKS,0.0
2017-08-14,3,BOOKS,0.0
2017-08-15,3,BOOKS,0.0
2017-08-02,3,BREAD/BAKERY,1296.196
2017-08-03,3,BREAD/BAKERY,1022.235
2017-08-04,3,BREAD/BAKERY,1271.429
2017-08-05,3,BREAD/BAKERY,1396.141
2017-08-06,3,BREAD/BAKERY,1441.139
2017-08-07,3,BREAD/BAKERY,1153.16
2017-08-08,3,BREAD/BAKERY,1086.024
2017-08-09,3,BREAD/BAKERY,1169.541
2017-08-10,3,BREAD/BAKERY,952.513
2017-08-11,3,BREAD/BAKERY,1161.047
2017-08-12,3,BREAD/BAKERY,1156.9
2017-08-13,3,BREAD/BAKERY,1182.917
2017-08-14,3,BREAD/BAKERY,1163.481
2017-08-15,3,BREAD/BAKERY,1052.915
2017-08-02,3,CELEBRATION,23.0
2017-08-03,3,CELEBRATION,112.0
2017-08-04,3,CELEBRATION,38.0
2017-08-05,3,CELEBRATION,56.0
2017-08-06,3,CELEBRATION,25.0
2017-08-07,3,CELEBRATION,23.0
2017-08-08,3,CELEBRATION,14.0
2017-08-09,3,CELEBRATION,24.0
2017-08-10,3,CELEBRATION,96.0
2017-08-11,3,CELEBRATION,37.0
2017-08-12,3,CELEBRATION,40.0
2017-08-13,3,CELEBRATION,26.0
2017-08-14,3,CELEBRATION,20.0
2017-08-15,3,CELEBRATION,31.0
2017-08-02,3,CLEANING,2670.0
2017-08-03,3,CLEANING,1647.0
2017-08-04,3,CLEANING,2022.0
2017-08-05,3,CLEANING,2222.0
2017-08-06,3,CLEANING,2266.0
2017-08-07,3,CLEANING,1756.0
2017-08-08,3,CLEANING,1959.0
2017-08-09,3,CLEANING,1720.0
2017-08-10,3,CLEANING,1244.0
2017-08-11,3,CLEANING,1832.0
2017-08-12,3,CLEANING,1543.0
2017-08-13,3,CLEANING,1887.0
2017-08-14,3,CLEANING,1754.0
2017-08-15,3,CLEANING,1627.0
2017-08-02,3,DAIRY,2297.0
2017-08-03,3,DAIRY,1740.0
2017-08-04,3,DAIRY,2217.0
2017-08-05,3,DAIRY,2391.0
2017-08-06,3,DAIRY,2602.0
2017-08-07,3,DAIRY,2018.0
2017-08-08,3,DAIRY,1747.0
2017-08-09,3,DAIRY,1918.0
2017-08-10,3,DAIRY,1617.0
2017-08-11,3,DAIRY,1992.0
2017-08-12,3,DAIRY,1989.0
2017-08-13,3,DAIRY,2167.0
2017-08-14,3,DAIRY,2125.0
2017-08-15,3,DAIRY,1832.0
2017-08-02,3,DELI,341.668
2017-08-03,3,DELI,325.867
2017-08-04,3,DELI,424.077
2017-08-05,3,DELI,386.683
2017-08-06,3,DELI,429.782
2017-08-07,3,DELI,353.54
2017-08-08,3,DELI,317.637
2017-08-09,3,DELI,299.094
2017-08-10,3,DELI,292.491
2017-08-11,3,DELI,416.172
2017-08-12,3,DELI,355.9
2017-08-13,3,DELI,395.272
2017-08-14,3,DELI,375.21
2017-08-15,3,DELI,299.215
2017-08-02,3,EGGS,563.0
2017-08-03,3,EGGS,393.0
2017-08-04,3,EGGS,502.0
2017-08-05,3,EGGS,561.0
2017-08-06,3,EGGS,628.0
2017-08-07,3,EGGS,478.0
2017-08-08,3,EGGS,400.0
2017-08-09,3,EGGS,423.0
2017-08-10,3,EGGS,387.0
2017-08-11,3,EGGS,483.0
2017-08-12,3,EGGS,497.0
2017-08-13,3,EGGS,555.0
2017-08-14,3,EGGS,466.0
2017-08-15,3,EGGS,403.0
2017-08-02,3,FROZEN FOODS,349.13
2017-08-03,3,FROZEN FOODS,335.689
2017-08-04,3,FROZEN FOODS,408.9
2017-08-05,3,FROZEN FOODS,477.745
2017-08-06,3,FROZEN FOODS,427.3
2017-08-07,3,FROZEN FOODS,300.68
2017-08-08,3,FROZEN FOODS,291.103
2017-08-09,3,FROZEN FOODS,244.759
2017-08-10,3,FROZEN FOODS,265.568
2017-08-11,3,FROZEN FOODS,432.863
2017-08-12,3,FROZEN FOODS,354.405
2017-08-13,3,FROZEN FOODS,361.183
2017-08-14,3,FROZEN FOODS,317.63
2017-08-15,3,FROZEN FOODS,273.655
2017-08-02,3,GROCERY I,8761.0
2017-08-03,3,GROCERY I,7120.0
2017-08-04,3,GROCERY I,8568.0
2017-08-05,3,GROCERY I,8532.0
2017-08-06,3,GROCERY I,9668.0
2017-08-07,3,GROCERY I,7598.0
2017-08-08,3,GROCERY I,6699.0
2017-08-09,3,GROCERY I,7285.0
2017-08-10,3,GROCERY I,6079.0
2017-08-11,3,GROCERY I,7727.0
2017-08-12,3,GROCERY I,7167.0
2017-08-13,3,GROCERY I,7749.0
2017-08-14,3,GROCERY I,7053.0
2017-08-15,3,GROCERY I,6955.0
2017-08-02,3,GROCERY II,99.0
2017-08-03,3,GROCERY II,96.0
2017-08-04,3,GROCERY II,84.0
2017-08-05,3,GROCERY II,99.0
2017-08-06,3,GROCERY II,81.0
2017-08-07,3,GROCERY II,120.0
2017-08-08,3,GROCERY II,50.0
2017-08-09,3,GROCERY II,97.0
2017-08-10,3,GROCERY II,55.0
2017-08-11,3,GROCERY II,79.0
2017-08-12,3,GROCERY II,58.0
2017-08-13,3,GROCERY II,85.0
2017-08-14,3,GROCERY II,82.0
2017-08-15,3,GROCERY II,64.0
2017-08-02,3,HARDWARE,3.0
2017-08-03,3,HARDWARE,2.0
2017-08-04,3,HARDWARE,5.0
2017-08-05,3,HARDWARE,1.0
2017-08-06,3,HARDWARE,5.0
2017-08-07,3,HARDWARE,8.0
2017-08-08,3,HARDWARE,4.0
2017-08-09,3,HARDWARE,3.0
2017-08-10,3,HARDWARE,1.0
2017-08-11,3,HARDWARE,6.0
2017-08-12,3,HARDWARE,0.0
2017-08-13,3,HARDWARE,2.0
2017-08-14,3,HARDWARE,4.0
2017-08-15,3,HARDWARE,2.0
2017-08-02,3,HOME AND KITCHEN I,37.0
2017-08-03,3,HOME AND KITCHEN I,34.0
2017-08-04,3,HOME AND KITCHEN I,60.0
2017-08-05,3,HOME AND KITCHEN I,141.0
2017-08-06,3,HOME AND KITCHEN I,62.0
2017-08-07,3,HOME AND KITCHEN I,38.0
2017-08-08,3,HOME AND KITCHEN I,33.0
2017-08-09,3,HOME AND KITCHEN I,84.0
2017-08-10,3,HOME AND KITCHEN I,73.0
2017-08-11,3,HOME AND KITCHEN I,87.0
2017-08-12,3,HOME AND KITCHEN I,58.0
2017-08-13,3,HOME AND KITCHEN I,111.0
2017-08-14,3,HOME AND KITCHEN I,48.0
2017-08-15,3,HOME AND KITCHEN I,49.0
2017-08-02,3,HOME AND KITCHEN II,65.0
2017-08-03,3,HOME AND KITCHEN II,50.0
2017-08-04,3,HOME AND KITCHEN II,66.0
2017-08-05,3,HOME AND KITCHEN II,76.0
2017-08-06,3,HOME AND KITCHEN II,78.0
2017-08-07,3,HOME AND KITCHEN II,61.0
2017-08-08,3,HOME AND KITCHEN II,55.0
2017-08-09,3,HOME AND KITCHEN II,39.0
2017-08-10,3,HOME AND KITCHEN II,39.0
2017-08-11,3,HOME AND KITCHEN II,56.0
2017-08-12,3,HOME AND KITCHEN II,44.0
2017-08-13,3,HOME AND KITCHEN II,51.0
2017-08-14,3,HOME AND KITCHEN II,60.0
2017-08-15,3,HOME AND KITCHEN II,35.0
2017-08-02,3,HOME APPLIANCES,0.0
2017-08-03,3,HOME APPLIANCES,0.0
2017-08-04,3,HOME APPLIANCES,0.0
2017-08-05,3,HOME APPLIANCES,0.0
2017-08-06,3,HOME APPLIANCES,0.0
2017-08-07,3,HOME APPLIANCES,0.0
2017-08-08,3,HOME APPLIANCES,0.0
2017-08-09,3,HOME APPLIANCES,0.0
2017-08-10,3,HOME APPLIANCES,0.0
2017-08-11,3,HOME APPLIANCES,0.0
2017-08-12,3,HOME APPLIANCES,0.0
2017-08-13,3,HOME APPLIANCES,0.0
2017-08-14,3,HOME APPLIANCES,0.0
2017-08-15,3,HOME APPLIANCES,0.0
2017-08-02,3,HOME CARE,638.0
2017-08-03,3,HOME CARE,410.0
2017-08-04,3,HOME CARE,460.0
2017-08-05,3,HOME CARE,546.0
2017-08-06,3,HOME CARE,653.0
2017-08-07,3,HOME CARE,467.0
2017-08-08,3,HOME CARE,370.0
2017-08-09,3,HOME CARE,394.0
2017-08-10,3,HOME CARE,336.0
2017-08-11,3,HOME CARE,476.0
2017-08-12,3,HOME CARE,509.0
2017-08-13,3,HOME CARE,587.0
2017-08-14,3,HOME CARE,479.0
2017-08-15,3,HOME CARE,423.0
2017-08-02,3,LADIESWEAR,42.0
2017-08-03,3,LADIESWEAR,30.0
2017-08-04,3,LADIESWEAR,45.0
2017-08-05,3,LADIESWEAR,46.0
2017-08-06,3,LADIESWEAR,82.0
2017-08-07,3,LADIESWEAR,38.0
2017-08-08,3,LADIESWEAR,27.0
2017-08-09,3,LADIESWEAR,34.0
2017-08-10,3,LADIESWEAR,18.0
2017-08-11,3,LADIESWEAR,36.0
2017-08-12,3,LADIESWEAR,53.0
2017-08-13,3,LADIESWEAR,68.0
2017-08-14,3,LADIESWEAR,45.0
2017-08-15,3,LADIESWEAR,33.0
2017-08-02,3,LAWN AND GARDEN,79.0
2017-08-03,3,LAWN AND GARDEN,32.0
2017-08-04,3,LAWN AND GARDEN,65.0
2017-08-05,3,LAWN AND GARDEN,65.0
2017-08-06,3,LAWN AND GARDEN,76.0
2017-08-07,3,LAWN AND GARDEN,39.0
2017-08-08,3,LAWN AND GARDEN,37.0
2017-08-09,3,LAWN AND GARDEN,72.0
2017-08-10,3,LAWN AND GARDEN,30.0
2017-08-11,3,LAWN AND GARDEN,62.0
2017-08-12,3,LAWN AND GARDEN,69.0
2017-08-13,3,LAWN AND GARDEN,42.0
2017-08-14,3,LAWN AND GARDEN,38.0
2017-08-15,3,LAWN AND GARDEN,43.0
2017-08-02,3,LINGERIE,30.0
2017-08-03,3,LINGERIE,45.0
2017-08-04,3,LINGERIE,30.0
2017-08-05,3,LINGERIE,20.0
2017-08-06,3,LINGERIE,19.0
2017-08-07,3,LINGERIE,16.0
2017-08-08,3,LINGERIE,25.0
2017-08-09,3,LINGERIE,12.0
2017-08-10,3,LINGERIE,23.0
2017-08-11,3,LINGERIE,18.0
2017-08-12,3,LINGERIE,27.0
2017-08-13,3,LINGERIE,28.0
2017-08-14,3,LINGERIE,23.0
2017-08-15,3,LINGERIE,28.0
2017-08-02,3,"LIQUOR,WINE,BEER",186.0
2017-08-03,3,"LIQUOR,WINE,BEER",162.0
2017-08-04,3,"LIQUOR,WINE,BEER",332.0
2017-08-05,3,"LIQUOR,WINE,BEER",357.0
2017-08-06,3,"LIQUOR,WINE,BEER",197.0
2017-08-07,3,"LIQUOR,WINE,BEER",152.0
2017-08-08,3,"LIQUOR,WINE,BEER",150.0
2017-08-09,3,"LIQUOR,WINE,BEER",156.0
2017-08-10,3,"LIQUOR,WINE,BEER",315.0
2017-08-11,3,"LIQUOR,WINE,BEER",421.0
2017-08-12,3,"LIQUOR,WINE,BEER",299.0
2017-08-13,3,"LIQUOR,WINE,BEER",212.0
2017-08-14,3,"LIQUOR,WINE,BEER",120.0
2017-08-15,3,"LIQUOR,WINE,BEER",184.0
2017-08-02,3,MAGAZINES,16.0
2017-08-03,3,MAGAZINES,13.0
2017-08-04,3,MAGAZINES,55.0
2017-08-05,3,MAGAZINES,47.0
2017-08-06,3,MAGAZINES,50.0
2017-08-07,3,MAGAZINES,40.0
2017-08-08,3,MAGAZINES,29.0
2017-08-09,3,MAGAZINES,24.0
2017-08-10,3,MAGAZINES,22.0
2017-08-11,3,MAGAZINES,35.0
2017-08-12,3,MAGAZINES,29.0
2017-08-13,3,MAGAZINES,33.0
2017-08-14,3,MAGAZINES,20.0
2017-08-15,3,MAGAZINES,37.0
2017-08-02,3,MEATS,725.44904
2017-08-03,3,MEATS,674.851
2017-08-04,3,MEATS,1386.923
2017-08-05,3,MEATS,822.768
2017-08-06,3,MEATS,884.012
2017-08-07,3,MEATS,664.506
2017-08-08,3,MEATS,601.404
2017-08-09,3,MEATS,610.756
2017-08-10,3,MEATS,545.235
2017-08-11,3,MEATS,1203.91
2017-08-12,3,MEATS,705.526
2017-08-13,3,MEATS,697.172
2017-08-14,3,MEATS,703.38403
2017-08-15,3,MEATS,662.149
2017-08-02,3,PERSONAL CARE,623.0
2017-08-03,3,PERSONAL CARE,495.0
2017-08-04,3,PERSONAL CARE,556.0
2017-08-05,3,PERSONAL CARE,674.0
2017-08-06,3,PERSONAL CARE,814.0
2017-08-07,3,PERSONAL CARE,484.0
2017-08-08,3,PERSONAL CARE,461.0
2017-08-09,3,PERSONAL CARE,478.0
2017-08-10,3,PERSONAL CARE,356.0
2017-08-11,3,PERSONAL CARE,558.0
2017-08-12,3,PERSONAL CARE,584.0
2017-08-13,3,PERSONAL CARE,700.0
2017-08-14,3,PERSONAL CARE,521.0
2017-08-15,3,PERSONAL CARE,455.0
2017-08-02,3,PET SUPPLIES,17.0
2017-08-03,3,PET SUPPLIES,24.0
2017-08-04,3,PET SUPPLIES,30.0
2017-08-05,3,PET SUPPLIES,35.0
2017-08-06,3,PET SUPPLIES,31.0
2017-08-07,3,PET SUPPLIES,20.0
2017-08-08,3,PET SUPPLIES,17.0
2017-08-09,3,PET SUPPLIES,14.0
2017-08-10,3,PET SUPPLIES,26.0
2017-08-11,3,PET SUPPLIES,27.0
2017-08-12,3,PET SUPPLIES,22.0
2017-08-13,3,PET SUPPLIES,18.0
2017-08-14,3,PET SUPPLIES,11.0
2017-08-15,3,PET SUPPLIES,12.0
2017-08-02,3,PLAYERS AND ELECTRONICS,23.0
2017-08-03,3,PLAYERS AND ELECTRONICS,19.0
2017-08-04,3,PLAYERS AND ELECTRONICS,14.0
2017-08-05,3,PLAYERS AND ELECTRONICS,40.0
2017-08-06,3,PLAYERS AND ELECTRONICS,37.0
2017-08-07,3,PLAYERS AND ELECTRONICS,26.0
2017-08-08,3,PLAYERS AND ELECTRONICS,24.0
2017-08-09,3,PLAYERS AND ELECTRONICS,21.0
2017-08-10,3,PLAYERS AND ELECTRONICS,21.0
2017-08-11,3,PLAYERS AND ELECTRONICS,29.0
2017-08-12,3,PLAYERS AND ELECTRONICS,26.0
2017-08-13,3,PLAYERS AND ELECTRONICS,34.0
2017-08-14,3,PLAYERS AND ELECTRONICS,27.0
2017-08-15,3,PLAYERS AND ELECTRONICS,30.0
2017-08-02,3,POULTRY,1121.705
2017-08-03,3,POULTRY,1034.553
2017-08-04,3,POULTRY,1586.1229
2017-08-05,3,POULTRY,1239.609
2017-08-06,3,POULTRY,1374.257
2017-08-07,3,POULTRY,1049.523
2017-08-08,3,POULTRY,947.352
2017-08-09,3,POULTRY,943.184
2017-08-10,3,POULTRY,806.341
2017-08-11,3,POULTRY,1365.597
2017-08-12,3,POULTRY,1057.825
2017-08-13,3,POULTRY,1094.738
2017-08-14,3,POULTRY,1251.017
2017-08-15,3,POULTRY,1155.024
2017-08-02,3,PREPARED FOODS,210.95999
2017-08-03,3,PREPARED FOODS,183.063
2017-08-04,3,PREPARED FOODS,249.673
2017-08-05,3,PREPARED FOODS,275.778
2017-08-06,3,PREPARED FOODS,327.892
2017-08-07,3,PREPARED FOODS,214.556
2017-08-08,3,PREPARED FOODS,193.132
2017-08-09,3,PREPARED FOODS,255.534
2017-08-10,3,PREPARED FOODS,197.133
2017-08-11,3,PREPARED FOODS,288.315
2017-08-12,3,PREPARED FOODS,231.714
2017-08-13,3,PREPARED FOODS,198.679
2017-08-14,3,PREPARED FOODS,215.657
2017-08-15,3,PREPARED FOODS,222.294
2017-08-02,3,PRODUCE,11352.238
2017-08-03,3,PRODUCE,6543.161
2017-08-04,3,PRODUCE,7445.517
2017-08-05,3,PRODUCE,8418.8545
2017-08-06,3,PRODUCE,8977.181
2017-08-07,3,PRODUCE,7237.474
2017-08-08,3,PRODUCE,6115.11
2017-08-09,3,PRODUCE,9710.546
2017-08-10,3,PRODUCE,5461.557
2017-08-11,3,PRODUCE,6906.543
2017-08-12,3,PRODUCE,7249.289
2017-08-13,3,PRODUCE,8017.7603
2017-08-14,3,PRODUCE,7941.873
2017-08-15,3,PRODUCE,7265.289
2017-08-02,3,SCHOOL AND OFFICE SUPPLIES,2.0
2017-08-03,3,SCHOOL AND OFFICE SUPPLIES,1.0
2017-08-04,3,SCHOOL AND OFFICE SUPPLIES,2.0
2017-08-05,3,SCHOOL AND OFFICE SUPPLIES,0.0
2017-08-06,3,SCHOOL AND OFFICE SUPPLIES,3.0
2017-08-07,3,SCHOOL AND OFFICE SUPPLIES,0.0
2017-08-08,3,SCHOOL AND OFFICE SUPPLIES,0.0
2017-08-09,3,SCHOOL AND OFFICE SUPPLIES,3.0
2017-08-10,3,SCHOOL AND OFFICE SUPPLIES,0.0
2017-08-11,3,SCHOOL AND OFFICE SUPPLIES,1.0
2017-08-12,3,SCHOOL AND OFFICE SUPPLIES,0.0
2017-08-13,3,SCHOOL AND OFFICE SUPPLIES,1.0
2017-08-14,3,SCHOOL AND OFFICE SUPPLIES,0.0
2017-08-15,3,SCHOOL AND OFFICE SUPPLIES,1.0
2017-08-02,3,SEAFOOD,79.145
2017-08-03,3,SEAFOOD,78.986
2017-08-04,3,SEAFOOD,114.206
2017-08-05,3,SEAFOOD,80.632
2017-08-06,3,SEAFOOD,112.807
2017-08-07,3,SEAFOOD,75.714
2017-08-08,3,SEAFOOD,68.081
2017-08-09,3,SEAFOOD,83.973
2017-08-10,3,SEAFOOD,64.095
2017-08-11,3,SEAFOOD,94.312996
2017-08-12,3,SEAFOOD,71.917
2017-08-13,3,SEAFOOD,77.398
2017-08-14,3,SEAFOOD,86.451996
2017-08-15,3,SEAFOOD,71.061
2017-08-02,4,AUTOMOTIVE,8.0
2017-08-03,4,AUTOMOTIVE,2.0
2017-08-04,4,AUTOMOTIVE,4.0
2017-08-05,4,AUTOMOTIVE,6.0
2017-08-06,4,AUTOMOTIVE,8.0
2017-08-07,4,AUTOMOTIVE,3.0
2017-08-08,4,AUTOMOTIVE,4.0
2017-08-09,4,AUTOMOTIVE,4.0
2017-08-10,4,AUTOMOTIVE,5.0
2017-08-11,4,AUTOMOTIVE,3.0
2017-08-12,4,AUTOMOTIVE,4.0
2017-08-13,4,AUTOMOTIVE,6.0
2017-08-14,4,AUTOMOTIVE,2.0
2017-08-15,4,AUTOMOTIVE,7.0
2017-08-02,4,BABY CARE,3.0
2017-08-03,4,BABY CARE,2.0
2017-08-04,4,BABY CARE,3.0
2017-08-05,4,BABY CARE,1.0
2017-08-06,4,BABY CARE,1.0
2017-08-07,4,BABY CARE,0.0
2017-08-08,4,BABY CARE,0.0
2017-08-09,4,BABY CARE,0.0
2017-08-10,4,BABY CARE,0.0
2017-08-11,4,BABY CARE,0.0
2017-08-12,4,BABY CARE,0.0
2017-08-13,4,BABY CARE,0.0
2017-08-14,4,BABY CARE,0.0
2017-08-15,4,BABY CARE,0.0
2017-08-02,4,BEAUTY,5.0
2017-08-03,4,BEAUTY,0.0
2017-08-04,4,BEAUTY,5.0
2017-08-05,4,BEAUTY,14.0
2017-08-06,4,BEAUTY,19.0
2017-08-07,4,BEAUTY,2.0
2017-08-08,4,BEAUTY,10.0
2017-08-09,4,BEAUTY,6.0
2017-08-10,4,BEAUTY,5.0
2017-08-11,4,BEAUTY,6.0
2017-08-12,4,BEAUTY,5.0
2017-08-13,4,BEAUTY,7.0
2017-08-14,4,BEAUTY,2.0
2017-08-15,4,BEAUTY,5.0
2017-08-02,4,BEVERAGES,2612.0
2017-08-03,4,BEVERAGES,1904.0
2017-08-04,4,BEVERAGES,3015.0
2017-08-05,4,BEVERAGES,2500.0
2017-08-06,4,BEVERAGES,3579.0
2017-08-07,4,BEVERAGES,2003.0
2017-08-08,4,BEVERAGES,1901.0
2017-08-09,4,BEVERAGES,2020.0
2017-08-10,4,BEVERAGES,1856.0
2017-08-11,4,BEVERAGES,2045.0
2017-08-12,4,BEVERAGES,2239.0
2017-08-13,4,BEVERAGES,2863.0
2017-08-14,4,BEVERAGES,2280.0
2017-08-15,4,BEVERAGES,1739.0
2017-08-02,4,BOOKS,0.0
2017-08-03,4,BOOKS,0.0
2017-08-04,4,BOOKS,0.0
2017-08-05,4,BOOKS,0.0
2017-08-06,4,BOOKS,0.0
2017-08-07,4,BOOKS,0.0
2017-08-08,4,BOOKS,0.0
2017-08-09,4,BOOKS,0.0
2017-08-10,4,BOOKS,0.0
2017-08-11,4,BOOKS,0.0
2017-08-12,4,BOOKS,0.0
2017-08-13,4,BOOKS,0.0
2017-08-14,4,BOOKS,0.0
2017-08-15,4,BOOKS,0.0
2017-08-02,4,BREAD/BAKERY,401.101
2017-08-03,4,BREAD/BAKERY,297.812
2017-08-04,4,BREAD/BAKERY,352.124
2017-08-05,4,BREAD/BAKERY,431.526
2017-08-06,4,BREAD/BAKERY,445.925
2017-08-07,4,BREAD/BAKERY,329.241
2017-08-08,4,BREAD/BAKERY,300.032
2017-08-09,4,BREAD/BAKERY,296.955
2017-08-10,4,BREAD/BAKERY,327.107
2017-08-11,4,BREAD/BAKERY,294.703
2017-08-12,4,BREAD/BAKERY,318.694
2017-08-13,4,BREAD/BAKERY,403.816
2017-08-14,4,BREAD/BAKERY,356.235
2017-08-15,4,BREAD/BAKERY,278.259
2017-08-02,4,CELEBRATION,4.0
2017-08-03,4,CELEBRATION,2.0
2017-08-04,4,CELEBRATION,6.0
2017-08-05,4,CELEBRATION,24.0
2017-08-06,4,CELEBRATION,5.0
2017-08-07,4,CELEBRATION,5.0
2017-08-08,4,CELEBRATION,6.0
2017-08-09,4,CELEBRATION,5.0
2017-08-10,4,CELEBRATION,8.0
2017-08-11,4,CELEBRATION,8.0
2017-08-12,4,CELEBRATION,13.0
2017-08-13,4,CELEBRATION,10.0
2017-08-14,4,CELEBRATION,9.0
2017-08-15,4,CELEBRATION,6.0
2017-08-02,4,CLEANING,926.0
2017-08-03,4,CLEANING,590.0
2017-08-04,4,CLEANING,1176.0
2017-08-05,4,CLEANING,867.0
2017-08-06,4,CLEANING,978.0
2017-08-07,4,CLEANING,653.0
2017-08-08,4,CLEANING,760.0
2017-08-09,4,CLEANING,621.0
2017-08-10,4,CLEANING,545.0
2017-08-11,4,CLEANING,648.0
2017-08-12,4,CLEANING,600.0
2017-08-13,4,CLEANING,695.0
2017-08-14,4,CLEANING,828.0
2017-08-15,4,CLEANING,687.0
2017-08-02,4,DAIRY,716.0
2017-08-03,4,DAIRY,635.0
2017-08-04,4,DAIRY,751.0
2017-08-05,4,DAIRY,851.0
2017-08-06,4,DAIRY,1005.0
2017-08-07,4,DAIRY,693.0
2017-08-08,4,DAIRY,577.0
2017-08-09,4,DAIRY,602.0
2017-08-10,4,DAIRY,526.0
2017-08-11,4,DAIRY,661.0
2017-08-12,4,DAIRY,670.0
2017-08-13,4,DAIRY,919.0
2017-08-14,4,DAIRY,738.0
2017-08-15,4,DAIRY,568.0
2017-08-02,4,DELI,207.008
2017-08-03,4,DELI,163.564
2017-08-04,4,DELI,186.772
2017-08-05,4,DELI,210.956
2017-08-06,4,DELI,258.486
2017-08-07,4,DELI,180.558
2017-08-08,4,DELI,155.136
2017-08-09,4,DELI,162.535
2017-08-10,4,DELI,165.915
2017-08-11,4,DELI,241.129
2017-08-12,4,DELI,200.597
2017-08-13,4,DELI,173.935
2017-08-14,4,DELI,134.557
2017-08-15,4,DELI,178.76
2017-08-02,4,EGGS,150.0
2017-08-03,4,EGGS,118.0
2017-08-04,4,EGGS,164.0
2017-08-05,4,EGGS,154.0
2017-08-06,4,EGGS,214.0
2017-08-07,4,EGGS,143.0
2017-08-08,4,EGGS,132.0
2017-08-09,4,EGGS,99.0
2017-08-10,4,EGGS,102.0
2017-08-11,4,EGGS,134.0
2017-08-12,4,EGGS,134.0
2017-08-13,4,EGGS,190.0
2017-08-14,4,EGGS,136.0
2017-08-15,4,EGGS,115.0
2017-08-02,4,FROZEN FOODS,106.0
2017-08-03,4,FROZEN FOODS,72.413
2017-08-04,4,FROZEN FOODS,98.0
2017-08-05,4,FROZEN FOODS,152.574
2017-08-06,4,FROZEN FOODS,131.0
2017-08-07,4,FROZEN FOODS,74.0
2017-08-08,4,FROZEN FOODS,63.0
2017-08-09,4,FROZEN FOODS,79.0
2017-08-10,4,FROZEN FOODS,53.0
2017-08-11,4,FROZEN FOODS,116.393
2017-08-12,4,FROZEN FOODS,114.0
2017-08-13,4,FROZEN FOODS,110.0
2017-08-14,4,FROZEN FOODS,48.0
2017-08-15,4,FROZEN FOODS,58.838
2017-08-02,4,GROCERY I,3652.0
2017-08-03,4,GROCERY I,2744.0
2017-08-04,4,GROCERY I,4501.0
2017-08-05,4,GROCERY I,3680.0
2017-08-06,4,GROCERY I,5154.0
2017-08-07,4,GROCERY I,2806.0
2017-08-08,4,GROCERY I,2809.0
2017-08-09,4,GROCERY I,2659.0
2017-08-10,4,GROCERY I,2493.0
2017-08-11,4,GROCERY I,2843.0
2017-08-12,4,GROCERY I,2876.0
2017-08-13,4,GROCERY I,3397.0
2017-08-14,4,GROCERY I,2750.0
2017-08-15,4,GROCERY I,2741.0
2017-08-02,4,GROCERY II,32.0
2017-08-03,4,GROCERY II,22.0
2017-08-04,4,GROCERY II,26.0
2017-08-05,4,GROCERY II,29.0
2017-08-06,4,GROCERY II,32.0
2017-08-07,4,GROCERY II,40.0
2017-08-08,4,GROCERY II,23.0
2017-08-09,4,GROCERY II,13.0
2017-08-10,4,GROCERY II,19.0
2017-08-11,4,GROCERY II,27.0
2017-08-12,4,GROCERY II,30.0
2017-08-13,4,GROCERY II,27.0
2017-08-14,4,GROCERY II,30.0
2017-08-15,4,GROCERY II,22.0
2017-08-02,4,HARDWARE,1.0
2017-08-03,4,HARDWARE,0.0
2017-08-04,4,HARDWARE,1.0
2017-08-05,4,HARDWARE,4.0
2017-08-06,4,HARDWARE,2.0
2017-08-07,4,HARDWARE,0.0
2017-08-08,4,HARDWARE,0.0
2017-08-09,4,HARDWARE,1.0
2017-08-10,4,HARDWARE,2.0
2017-08-11,4,HARDWARE,1.0
2017-08-12,4,HARDWARE,2.0
2017-08-13,4,HARDWARE,1.0
2017-08-14,4,HARDWARE,0.0
2017-08-15,4,HARDWARE,2.0
2017-08-02,4,HOME AND KITCHEN I,26.0
2017-08-03,4,HOME AND KITCHEN I,8.0
2017-08-04,4,HOME AND KITCHEN I,11.0
2017-08-05,4,HOME AND KITCHEN I,16.0
2017-08-06,4,HOME AND KITCHEN I,21.0
2017-08-07,4,HOME AND KITCHEN I,33.0
2017-08-08,4,HOME AND KITCHEN I,14.0
2017-08-09,4,HOME AND KITCHEN I,19.0
2017-08-10,4,HOME AND KITCHEN I,7.0
2017-08-11,4,HOME AND KITCHEN I,29.0
2017-08-12,4,HOME AND KITCHEN I,15.0
2017-08-13,4,HOME AND KITCHEN I,16.0
2017-08-14,4,HOME AND KITCHEN I,6.0
2017-08-15,4,HOME AND KITCHEN I,27.0
2017-08-02,4,HOME AND KITCHEN II,16.0
2017-08-03,4,HOME AND KITCHEN II,13.0
2017-08-04,4,HOME AND KITCHEN II,12.0
2017-08-05,4,HOME AND KITCHEN II,8.0
2017-08-06,4,HOME AND KITCHEN II,15.0
2017-08-07,4,HOME AND KITCHEN II,10.0
2017-08-08,4,HOME AND KITCHEN II,5.0
2017-08-09,4,HOME AND KITCHEN II,12.0
2017-08-10,4,HOME AND KITCHEN II,2.0
2017-08-11,4,HOME AND KITCHEN II,8.0
2017-08-12,4,HOME AND KITCHEN II,14.0
2017-08-13,4,HOME AND KITCHEN II,14.0
2017-08-14,4,HOME AND KITCHEN II,7.0
2017-08-15,4,HOME AND KITCHEN II,9.0
2017-08-02,4,HOME APPLIANCES,0.0
2017-08-03,4,HOME APPLIANCES,0.0
2017-08-04,4,HOME APPLIANCES,0.0
2017-08-05,4,HOME APPLIANCES,0.0
2017-08-06,4,HOME APPLIANCES,0.0
2017-08-07,4,HOME APPLIANCES,0.0
2017-08-08,4,HOME APPLIANCES,0.0
2017-08-09,4,HOME APPLIANCES,0.0
2017-08-10,4,HOME APPLIANCES,0.0
2017-08-11,4,HOME APPLIANCES,1.0
2017-08-12,4,HOME APPLIANCES,0.0
2017-08-13,4,HOME APPLIANCES,0.0
2017-08-14,4,HOME APPLIANCES,0.0
2017-08-15,4,HOME APPLIANCES,0.0
2017-08-02,4,HOME CARE,198.0
2017-08-03,4,HOME CARE,187.0
2017-08-04,4,HOME CARE,153.0
2017-08-05,4,HOME CARE,263.0
2017-08-06,4,HOME CARE,275.0
2017-08-07,4,HOME CARE,157.0
2017-08-08,4,HOME CARE,172.0
2017-08-09,4,HOME CARE,167.0
2017-08-10,4,HOME CARE,117.0
2017-08-11,4,HOME CARE,166.0
2017-08-12,4,HOME CARE,163.0
2017-08-13,4,HOME CARE,199.0
2017-08-14,4,HOME CARE,164.0
2017-08-15,4,HOME CARE,179.0
2017-08-02,4,LADIESWEAR,24.0
2017-08-03,4,LADIESWEAR,24.0
2017-08-04,4,LADIESWEAR,24.0
2017-08-05,4,LADIESWEAR,23.0
2017-08-06,4,LADIESWEAR,26.0
2017-08-07,4,LADIESWEAR,11.0
2017-08-08,4,LADIESWEAR,8.0
2017-08-09,4,LADIESWEAR,19.0
2017-08-10,4,LADIESWEAR,8.0
2017-08-11,4,LADIESWEAR,16.0
2017-08-12,4,LADIESWEAR,17.0
2017-08-13,4,LADIESWEAR,41.0
2017-08-14,4,LADIESWEAR,18.0
2017-08-15,4,LADIESWEAR,14.0
2017-08-02,4,LAWN AND GARDEN,30.0
2017-08-03,4,LAWN AND GARDEN,10.0
2017-08-04,4,LAWN AND GARDEN,28.0
2017-08-05,4,LAWN AND GARDEN,24.0
2017-08-06,4,LAWN AND GARDEN,29.0
2017-08-07,4,LAWN AND GARDEN,10.0
2017-08-08,4,LAWN AND GARDEN,21.0
2017-08-09,4,LAWN AND GARDEN,36.0
2017-08-10,4,LAWN AND GARDEN,22.0
2017-08-11,4,LAWN AND GARDEN,34.0
2017-08-12,4,LAWN AND GARDEN,16.0
2017-08-13,4,LAWN AND GARDEN,27.0
2017-08-14,4,LAWN AND GARDEN,21.0
2017-08-15,4,LAWN AND GARDEN,14.0
2017-08-02,4,LINGERIE,2.0
2017-08-03,4,LINGERIE,2.0
2017-08-04,4,LINGERIE,3.0
2017-08-05,4,LINGERIE,8.0
2017-08-06,4,LINGERIE,4.0
2017-08-07,4,LINGERIE,2.0
2017-08-08,4,LINGERIE,2.0
2017-08-09,4,LINGERIE,3.0
2017-08-10,4,LINGERIE,0.0
2017-08-11,4,LINGERIE,2.0
2017-08-12,4,LINGERIE,3.0
2017-08-13,4,LINGERIE,1.0
2017-08-14,4,LINGERIE,1.0
2017-08-15,4,LINGERIE,3.0
2017-08-02,4,"LIQUOR,WINE,BEER",85.0
2017-08-03,4,"LIQUOR,WINE,BEER",64.0
2017-08-04,4,"LIQUOR,WINE,BEER",177.0
2017-08-05,4,"LIQUOR,WINE,BEER",161.0
2017-08-06,4,"LIQUOR,WINE,BEER",79.0
2017-08-07,4,"LIQUOR,WINE,BEER",49.0
2017-08-08,4,"LIQUOR,WINE,BEER",33.0
2017-08-09,4,"LIQUOR,WINE,BEER",57.0
2017-08-10,4,"LIQUOR,WINE,BEER",135.0
2017-08-11,4,"LIQUOR,WINE,BEER",152.0
2017-08-12,4,"LIQUOR,WINE,BEER",160.0
2017-08-13,4,"LIQUOR,WINE,BEER",82.0
2017-08-14,4,"LIQUOR,WINE,BEER",49.0
2017-08-15,4,"LIQUOR,WINE,BEER",59.0
2017-08-02,4,MAGAZINES,3.0
2017-08-03,4,MAGAZINES,2.0
2017-08-04,4,MAGAZINES,7.0
2017-08-05,4,MAGAZINES,6.0
2017-08-06,4,MAGAZINES,14.0
2017-08-07,4,MAGAZINES,13.0
2017-08-08,4,MAGAZINES,9.0
2017-08-09,4,MAGAZINES,15.0
2017-08-10,4,MAGAZINES,8.0
2017-08-11,4,MAGAZINES,13.0
2017-08-12,4,MAGAZINES,9.0
2017-08-13,4,MAGAZINES,8.0
2017-08-14,4,MAGAZINES,5.0
2017-08-15,4,MAGAZINES,8.0
2017-08-02,4,MEATS,366.246
2017-08-03,4,MEATS,255.43001
2017-08-04,4,MEATS,1024.884
2017-08-05,4,MEATS,332.722
2017-08-06,4,MEATS,366.505
2017-08-07,4,MEATS,296.372
2017-08-08,4,MEATS,276.463
2017-08-09,4,MEATS,276.36
2017-08-10,4,MEATS,266.629
2017-08-11,4,MEATS,517.576
2017-08-12,4,MEATS,359.656
2017-08-13,4,MEATS,345.605
2017-08-14,4,MEATS,532.311
2017-08-15,4,MEATS,295.524
2017-08-02,4,PERSONAL CARE,267.0
2017-08-03,4,PERSONAL CARE,227.0
2017-08-04,4,PERSONAL CARE,316.0
2017-08-05,4,PERSONAL CARE,279.0
2017-08-06,4,PERSONAL CARE,418.0
2017-08-07,4,PERSONAL CARE,227.0
2017-08-08,4,PERSONAL CARE,209.0
2017-08-09,4,PERSONAL CARE,206.0
2017-08-10,4,PERSONAL CARE,147.0
2017-08-11,4,PERSONAL CARE,200.0
2017-08-12,4,PERSONAL CARE,208.0
2017-08-13,4,PERSONAL CARE,283.0
2017-08-14,4,PERSONAL CARE,197.0
2017-08-15,4,PERSONAL CARE,214.0
2017-08-02,4,PET SUPPLIES,4.0
2017-08-03,4,PET SUPPLIES,12.0
2017-08-04,4,PET SUPPLIES,5.0
2017-08-05,4,PET SUPPLIES,8.0
2017-08-06,4,PET SUPPLIES,9.0
2017-08-07,4,PET SUPPLIES,6.0
2017-08-08,4,PET SUPPLIES,4.0
2017-08-09,4,PET SUPPLIES,5.0
2017-08-10,4,PET SUPPLIES,4.0
2017-08-11,4,PET SUPPLIES,6.0
2017-08-12,4,PET SUPPLIES,7.0
2017-08-13,4,PET SUPPLIES,13.0
2017-08-14,4,PET SUPPLIES,9.0
2017-08-15,4,PET SUPPLIES,5.0
2017-08-02,4,PLAYERS AND ELECTRONICS,9.0
2017-08-03,4,PLAYERS AND ELECTRONICS,3.0
2017-08-04,4,PLAYERS AND ELECTRONICS,15.0
2017-08-05,4,PLAYERS AND ELECTRONICS,14.0
2017-08-06,4,PLAYERS AND ELECTRONICS,15.0
2017-08-07,4,PLAYERS AND ELECTRONICS,7.0
2017-08-08,4,PLAYERS AND ELECTRONICS,7.0
2017-08-09,4,PLAYERS AND ELECTRONICS,10.0
2017-08-10,4,PLAYERS AND ELECTRONICS,5.0
2017-08-11,4,PLAYERS AND ELECTRONICS,12.0
2017-08-12,4,PLAYERS AND ELECTRONICS,8.0
2017-08-13,4,PLAYERS AND ELECTRONICS,14.0
2017-08-14,4,PLAYERS AND ELECTRONICS,7.0
2017-08-15,4,PLAYERS AND ELECTRONICS,5.0
2017-08-02,4,POULTRY,363.449
2017-08-03,4,POULTRY,267.649
2017-08-04,4,POULTRY,454.709
2017-08-05,4,POULTRY,476.719
2017-08-06,4,POULTRY,530.003
2017-08-07,4,POULTRY,331.843
2017-08-08,4,POULTRY,312.2
2017-08-09,4,POULTRY,312.375
2017-08-10,4,POULTRY,250.717
2017-08-11,4,POULTRY,452.253
2017-08-12,4,POULTRY,347.38
2017-08-13,4,POULTRY,453.172
2017-08-14,4,POULTRY,431.75
2017-08-15,4,POULTRY,372.486
2017-08-02,4,PREPARED FOODS,64.162
2017-08-03,4,PREPARED FOODS,24.51
2017-08-04,4,PREPARED FOODS,48.498
2017-08-05,4,PREPARED FOODS,93.462
2017-08-06,4,PREPARED FOODS,40.346
2017-08-07,4,PREPARED FOODS,57.942
2017-08-08,4,PREPARED FOODS,57.472
2017-08-09,4,PREPARED FOODS,47.978
2017-08-10,4,PREPARED FOODS,62.181
2017-08-11,4,PREPARED FOODS,66.976
2017-08-12,4,PREPARED FOODS,71.31
2017-08-13,4,PREPARED FOODS,76.337
2017-08-14,4,PREPARED FOODS,51.924
2017-08-15,4,PREPARED FOODS,44.085
2017-08-02,4,PRODUCE,3187.924
2017-08-03,4,PRODUCE,1690.203
2017-08-04,4,PRODUCE,2036.156
2017-08-05,4,PRODUCE,2552.739
2017-08-06,4,PRODUCE,3094.069
2017-08-07,4,PRODUCE,2045.979
2017-08-08,4,PRODUCE,1860.731
2017-08-09,4,PRODUCE,2899.98
2017-08-10,4,PRODUCE,1467.554
2017-08-11,4,PRODUCE,2085.96
2017-08-12,4,PRODUCE,1993.89
2017-08-13,4,PRODUCE,2654.205
2017-08-14,4,PRODUCE,2071.369
2017-08-15,4,PRODUCE,2031.764
2017-08-02,4,SCHOOL AND OFFICE SUPPLIES,0.0
2017-08-03,4,SCHOOL AND OFFICE SUPPLIES,0.0
2017-08-04,4,SCHOOL AND OFFICE SUPPLIES,0.0
2017-08-05,4,SCHOOL AND OFFICE SUPPLIES,0.0
2017-08-06,4,SCHOOL AND OFFICE SUPPLIES,0.0
2017-08-07,4,SCHOOL AND OFFICE SUPPLIES,0.0
2017-08-08,4,SCHOOL AND OFFICE SUPPLIES,0.0
2017-08-09,4,SCHOOL AND OFFICE SUPPLIES,0.0
2017-08-10,4,SCHOOL AND OFFICE SUPPLIES,0.0
2017-08-11,4,SCHOOL AND OFFICE SUPPLIES,0.0
2017-08-12,4,SCHOOL AND OFFICE SUPPLIES,0.0
2017-08-13,4,SCHOOL AND OFFICE SUPPLIES,1.0
2017-08-14,4,SCHOOL AND OFFICE SUPPLIES,0.0
2017-08-15,4,SCHOOL AND OFFICE SUPPLIES,0.0
2017-08-02,4,SEAFOOD,24.423
2017-08-03,4,SEAFOOD,17.887
2017-08-04,4,SEAFOOD,30.428001
2017-08-05,4,SEAFOOD,26.146
2017-08-06,4,SEAFOOD,32.712
2017-08-07,4,SEAFOOD,25.204
2017-08-08,4,SEAFOOD,29.231
2017-08-09,4,SEAFOOD,17.544
2017-08-10,4,SEAFOOD,14.259
2017-08-11,4,SEAFOOD,29.553
2017-08-12,4,SEAFOOD,23.773
2017-08-13,4,SEAFOOD,34.833
2017-08-14,4,SEAFOOD,26.744
2017-08-15,4,SEAFOOD,20.37
2017-08-02,5,AUTOMOTIVE,6.0
2017-08-03,5,AUTOMOTIVE,3.0
2017-08-04,5,AUTOMOTIVE,9.0
2017-08-05,5,AUTOMOTIVE,8.0
2017-08-06,5,AUTOMOTIVE,12.0
2017-08-07,5,AUTOMOTIVE,4.0
2017-08-08,5,AUTOMOTIVE,8.0
2017-08-09,5,AUTOMOTIVE,3.0
2017-08-10,5,AUTOMOTIVE,7.0
2017-08-11,5,AUTOMOTIVE,12.0
2017-08-12,5,AUTOMOTIVE,1.0
2017-08-13,5,AUTOMOTIVE,15.0
2017-08-14,5,AUTOMOTIVE,6.0
2017-08-15,5,AUTOMOTIVE,9.0
2017-08-02,5,BABY CARE,0.0
2017-08-03,5,BABY CARE,0.0
2017-08-04,5,BABY CARE,0.0
2017-08-05,5,BABY CARE,1.0
2017-08-06,5,BABY CARE,3.0
2017-08-07,5,BABY CARE,1.0
2017-08-08,5,BABY CARE,1.0
2017-08-09,5,BABY CARE,0.0
2017-08-10,5,BABY CARE,0.0
2017-08-11,5,BABY CARE,1.0
2017-08-12,5,BABY CARE,0.0
2017-08-13,5,BABY CARE,0.0
2017-08-14,5,BABY CARE,0.0
2017-08-15,5,BABY CARE,0.0
2017-08-02,5,BEAUTY,9.0
2017-08-03,5,BEAUTY,11.0
2017-08-04,5,BEAUTY,12.0
2017-08-05,5,BEAUTY,17.0
2017-08-06,5,BEAUTY,17.0
2017-08-07,5,BEAUTY,6.0
2017-08-08,5,BEAUTY,8.0
2017-08-09,5,BEAUTY,3.0
2017-08-10,5,BEAUTY,3.0
2017-08-11,5,BEAUTY,5.0
2017-08-12,5,BEAUTY,10.0
2017-08-13,5,BEAUTY,5.0
2017-08-14,5,BEAUTY,6.0
2017-08-15,5,BEAUTY,7.0
2017-08-02,5,BEVERAGES,2920.0
2017-08-03,5,BEVERAGES,1234.0
2017-08-04,5,BEVERAGES,1774.0
2017-08-05,5,BEVERAGES,2164.0
2017-08-06,5,BEVERAGES,2166.0
2017-08-07,5,BEVERAGES,1884.0
2017-08-08,5,BEVERAGES,1367.0
2017-08-09,5,BEVERAGES,1575.0
2017-08-10,5,BEVERAGES,1658.0
2017-08-11,5,BEVERAGES,1717.0
2017-08-12,5,BEVERAGES,1353.0
2017-08-13,5,BEVERAGES,1838.0
2017-08-14,5,BEVERAGES,1771.0
2017-08-15,5,BEVERAGES,1654.0
2017-08-02,5,BOOKS,0.0
2017-08-03,5,BOOKS,0.0
2017-08-04,5,BOOKS,0.0
2017-08-05,5,BOOKS,0.0
2017-08-06,5,BOOKS,0.0
2017-08-07,5,BOOKS,0.0
2017-08-08,5,BOOKS,0.0
2017-08-09,5,BOOKS,0.0
2017-08-10,5,BOOKS,0.0
2017-08-11,5,BOOKS,0.0
2017-08-12,5,BOOKS,0.0
2017-08-13,5,BOOKS,0.0
2017-08-14,5,BOOKS,0.0
2017-08-15,5,BOOKS,0.0
2017-08-02,5,BREAD/BAKERY,365.026
2017-08-03,5,BREAD/BAKERY,289.485
2017-08-04,5,BREAD/BAKERY,345.226
2017-08-05,5,BREAD/BAKERY,384.263
2017-08-06,5,BREAD/BAKERY,399.051
2017-08-07,5,BREAD/BAKERY,412.288
2017-08-08,5,BREAD/BAKERY,350.951
2017-08-09,5,BREAD/BAKERY,347.098
2017-08-10,5,BREAD/BAKERY,344.701
2017-08-11,5,BREAD/BAKERY,312.186
2017-08-12,5,BREAD/BAKERY,247.893
2017-08-13,5,BREAD/BAKERY,366.425
2017-08-14,5,BREAD/BAKERY,393.15
2017-08-15,5,BREAD/BAKERY,334.434
2017-08-02,5,CELEBRATION,21.0
2017-08-03,5,CELEBRATION,22.0
2017-08-04,5,CELEBRATION,27.0
2017-08-05,5,CELEBRATION,54.0
2017-08-06,5,CELEBRATION,22.0
2017-08-07,5,CELEBRATION,26.0
2017-08-08,5,CELEBRATION,14.0
2017-08-09,5,CELEBRATION,26.0
2017-08-10,5,CELEBRATION,29.0
2017-08-11,5,CELEBRATION,39.0
2017-08-12,5,CELEBRATION,23.0
2017-08-13,5,CELEBRATION,20.0
2017-08-14,5,CELEBRATION,28.0
2017-08-15,5,CELEBRATION,28.0
2017-08-02,5,CLEANING,1069.0
2017-08-03,5,CLEANING,664.0
2017-08-04,5,CLEANING,865.0
2017-08-05,5,CLEANING,937.0
2017-08-06,5,CLEANING,926.0
2017-08-07,5,CLEANING,793.0
2017-08-08,5,CLEANING,530.0
2017-08-09,5,CLEANING,687.0
2017-08-10,5,CLEANING,845.0
2017-08-11,5,CLEANING,775.0
2017-08-12,5,CLEANING,686.0
2017-08-13,5,CLEANING,927.0
2017-08-14,5,CLEANING,676.0
2017-08-15,5,CLEANING,721.0
2017-08-02,5,DAIRY,590.0
2017-08-03,5,DAIRY,459.0
2017-08-04,5,DAIRY,491.0
2017-08-05,5,DAIRY,595.0
2017-08-06,5,DAIRY,663.0
2017-08-07,5,DAIRY,599.0
2017-08-08,5,DAIRY,479.0
2017-08-09,5,DAIRY,520.0
2017-08-10,5,DAIRY,495.0
2017-08-11,5,DAIRY,489.0
2017-08-12,5,DAIRY,433.0
2017-08-13,5,DAIRY,572.0
2017-08-14,5,DAIRY,580.0
2017-08-15,5,DAIRY,547.0
2017-08-02,5,DELI,282.108
2017-08-03,5,DELI,205.446
2017-08-04,5,DELI,246.374
2017-08-05,5,DELI,252.953
2017-08-06,5,DELI,242.48
2017-08-07,5,DELI,218.783
2017-08-08,5,DELI,168.751
2017-08-09,5,DELI,191.371
2017-08-10,5,DELI,199.37
2017-08-11,5,DELI,274.363
2017-08-12,5,DELI,167.978
2017-08-13,5,DELI,254.995
2017-08-14,5,DELI,205.163
2017-08-15,5,DELI,194.971
2017-08-02,5,EGGS,84.0
2017-08-03,5,EGGS,59.0
2017-08-04,5,EGGS,91.0
2017-08-05,5,EGGS,85.0
2017-08-06,5,EGGS,97.0
2017-08-07,5,EGGS,83.0
2017-08-08,5,EGGS,72.0
2017-08-09,5,EGGS,78.0
2017-08-10,5,EGGS,69.0
2017-08-11,5,EGGS,95.0
2017-08-12,5,EGGS,77.0
2017-08-13,5,EGGS,100.0
2017-08-14,5,EGGS,85.0
2017-08-15,5,EGGS,68.0
2017-08-02,5,FROZEN FOODS,75.0
2017-08-03,5,FROZEN FOODS,76.664
2017-08-04,5,FROZEN FOODS,135.183
2017-08-05,5,FROZEN FOODS,197.08
2017-08-06,5,FROZEN FOODS,76.0
2017-08-07,5,FROZEN FOODS,69.421
2017-08-08,5,FROZEN FOODS,80.6
2017-08-09,5,FROZEN FOODS,87.0
2017-08-10,5,FROZEN FOODS,95.907
2017-08-11,5,FROZEN FOODS,107.0
2017-08-12,5,FROZEN FOODS,164.378
2017-08-13,5,FROZEN FOODS,68.0
2017-08-14,5,FROZEN FOODS,81.15
2017-08-15,5,FROZEN FOODS,49.465
2017-08-02,5,GROCERY I,3534.0
2017-08-03,5,GROCERY I,2364.0
2017-08-04,5,GROCERY I,2968.0
2017-08-05,5,GROCERY I,3396.0
2017-08-06,5,GROCERY I,3460.0
2017-08-07,5,GROCERY I,3084.0
2017-08-08,5,GROCERY I,2382.0
2017-08-09,5,GROCERY I,2872.0
2017-08-10,5,GROCERY I,2687.0
2017-08-11,5,GROCERY I,2864.0
2017-08-12,5,GROCERY I,2476.0
2017-08-13,5,GROCERY I,3141.0
2017-08-14,5,GROCERY I,2717.0
2017-08-15,5,GROCERY I,2696.0
2017-08-02,5,GROCERY II,78.0
2017-08-03,5,GROCERY II,17.0
2017-08-04,5,GROCERY II,28.0
2017-08-05,5,GROCERY II,46.0
2017-08-06,5,GROCERY II,33.0
2017-08-07,5,GROCERY II,38.0
2017-08-08,5,GROCERY II,32.0
2017-08-09,5,GROCERY II,17.0
2017-08-10,5,GROCERY II,35.0
2017-08-11,5,GROCERY II,39.0
2017-08-12,5,GROCERY II,23.0
2017-08-13,5,GROCERY II,27.0
2017-08-14,5,GROCERY II,17.0
2017-08-15,5,GROCERY II,21.0
2017-08-02,5,HARDWARE,1.0
2017-08-03,5,HARDWARE,0.0
2017-08-04,5,HARDWARE,0.0
2017-08-05,5,HARDWARE,1.0
2017-08-06,5,HARDWARE,5.0
2017-08-07,5,HARDWARE,1.0
2017-08-08,5,HARDWARE,1.0
2017-08-09,5,HARDWARE,4.0
2017-08-10,5,HARDWARE,1.0
2017-08-11,5,HARDWARE,2.0
2017-08-12,5,HARDWARE,1.0
2017-08-13,5,HARDWARE,3.0
2017-08-14,5,HARDWARE,1.0
2017-08-15,5,HARDWARE,0.0
2017-08-02,5,HOME AND KITCHEN I,48.0
2017-08-03,5,HOME AND KITCHEN I,52.0
2017-08-04,5,HOME AND KITCHEN I,31.0
2017-08-05,5,HOME AND KITCHEN I,32.0
2017-08-06,5,HOME AND KITCHEN I,25.0
2017-08-07,5,HOME AND KITCHEN I,27.0
2017-08-08,5,HOME AND KITCHEN I,22.0
2017-08-09,5,HOME AND KITCHEN I,30.0
2017-08-10,5,HOME AND KITCHEN I,27.0
2017-08-11,5,HOME AND KITCHEN I,31.0
2017-08-12,5,HOME AND KITCHEN I,33.0
2017-08-13,5,HOME AND KITCHEN I,30.0
2017-08-14,5,HOME AND KITCHEN I,27.0
2017-08-15,5,HOME AND KITCHEN I,26.0
2017-08-02,5,HOME AND KITCHEN II,21.0
2017-08-03,5,HOME AND KITCHEN II,12.0
2017-08-04,5,HOME AND KITCHEN II,11.0
2017-08-05,5,HOME AND KITCHEN II,13.0
2017-08-06,5,HOME AND KITCHEN II,34.0
2017-08-07,5,HOME AND KITCHEN II,17.0
2017-08-08,5,HOME AND KITCHEN II,10.0
2017-08-09,5,HOME AND KITCHEN II,14.0
2017-08-10,5,HOME AND KITCHEN II,25.0
2017-08-11,5,HOME AND KITCHEN II,29.0
2017-08-12,5,HOME AND KITCHEN II,17.0
2017-08-13,5,HOME AND KITCHEN II,20.0
2017-08-14,5,HOME AND KITCHEN II,28.0
2017-08-15,5,HOME AND KITCHEN II,15.0
2017-08-02,5,HOME APPLIANCES,0.0
2017-08-03,5,HOME APPLIANCES,0.0
2017-08-04,5,HOME APPLIANCES,0.0
2017-08-05,5,HOME APPLIANCES,0.0
2017-08-06,5,HOME APPLIANCES,0.0
2017-08-07,5,HOME APPLIANCES,0.0
2017-08-08,5,HOME APPLIANCES,0.0
2017-08-09,5,HOME APPLIANCES,0.0
2017-08-10,5,HOME APPLIANCES,0.0
2017-08-11,5,HOME APPLIANCES,0.0
2017-08-12,5,HOME APPLIANCES,0.0
2017-08-13,5,HOME APPLIANCES,0.0
2017-08-14,5,HOME APPLIANCES,0.0
2017-08-15,5,HOME APPLIANCES,0.0
2017-08-02,5,HOME CARE,232.0
2017-08-03,5,HOME CARE,149.0
2017-08-04,5,HOME CARE,166.0
2017-08-05,5,HOME CARE,209.0
2017-08-06,5,HOME CARE,237.0
2017-08-07,5,HOME CARE,209.0
2017-08-08,5,HOME CARE,162.0
2017-08-09,5,HOME CARE,165.0
2017-08-10,5,HOME CARE,163.0
2017-08-11,5,HOME CARE,167.0
2017-08-12,5,HOME CARE,129.0
2017-08-13,5,HOME CARE,238.0
2017-08-14,5,HOME CARE,157.0
2017-08-15,5,HOME CARE,173.0
2017-08-02,5,LADIESWEAR,13.0
2017-08-03,5,LADIESWEAR,9.0
2017-08-04,5,LADIESWEAR,15.0
2017-08-05,5,LADIESWEAR,12.0
2017-08-06,5,LADIESWEAR,33.0
2017-08-07,5,LADIESWEAR,6.0
2017-08-08,5,LADIESWEAR,15.0
2017-08-09,5,LADIESWEAR,5.0
2017-08-10,5,LADIESWEAR,8.0
2017-08-11,5,LADIESWEAR,5.0
2017-08-12,5,LADIESWEAR,13.0
2017-08-13,5,LADIESWEAR,12.0
2017-08-14,5,LADIESWEAR,14.0
2017-08-15,5,LADIESWEAR,14.0
2017-08-02,5,LAWN AND GARDEN,12.0
2017-08-03,5,LAWN AND GARDEN,6.0
2017-08-04,5,LAWN AND GARDEN,18.0
2017-08-05,5,LAWN AND GARDEN,11.0
2017-08-06,5,LAWN AND GARDEN,9.0
2017-08-07,5,LAWN AND GARDEN,7.0
2017-08-08,5,LAWN AND GARDEN,8.0
2017-08-09,5,LAWN AND GARDEN,6.0
2017-08-10,5,LAWN AND GARDEN,6.0
2017-08-11,5,LAWN AND GARDEN,16.0
2017-08-12,5,LAWN AND GARDEN,12.0
2017-08-13,5,LAWN AND GARDEN,6.0
2017-08-14,5,LAWN AND GARDEN,15.0
2017-08-15,5,LAWN AND GARDEN,2.0
2017-08-02,5,LINGERIE,11.0
2017-08-03,5,LINGERIE,8.0
2017-08-04,5,LINGERIE,3.0
2017-08-05,5,LINGERIE,11.0
2017-08-06,5,LINGERIE,20.0
2017-08-07,5,LINGERIE,12.0
2017-08-08,5,LINGERIE,13.0
2017-08-09,5,LINGERIE,14.0
2017-08-10,5,LINGERIE,15.0
2017-08-11,5,LINGERIE,7.0
2017-08-12,5,LINGERIE,8.0
2017-08-13,5,LINGERIE,9.0
2017-08-14,5,LINGERIE,12.0
2017-08-15,5,LINGERIE,13.0
2017-08-02,5,"LIQUOR,WINE,BEER",44.0
2017-08-03,5,"LIQUOR,WINE,BEER",62.0
2017-08-04,5,"LIQUOR,WINE,BEER",68.0
2017-08-05,5,"LIQUOR,WINE,BEER",117.0
2017-08-06,5,"LIQUOR,WINE,BEER",63.0
2017-08-07,5,"LIQUOR,WINE,BEER",36.0
2017-08-08,5,"LIQUOR,WINE,BEER",20.0
2017-08-09,5,"LIQUOR,WINE,BEER",67.0
2017-08-10,5,"LIQUOR,WINE,BEER",83.0
2017-08-11,5,"LIQUOR,WINE,BEER",136.0
2017-08-12,5,"LIQUOR,WINE,BEER",133.0
2017-08-13,5,"LIQUOR,WINE,BEER",52.0
2017-08-14,5,"LIQUOR,WINE,BEER",23.0
2017-08-15,5,"LIQUOR,WINE,BEER",33.0
2017-08-02,5,MAGAZINES,8.0
2017-08-03,5,MAGAZINES,2.0
2017-08-04,5,MAGAZINES,12.0
2017-08-05,5,MAGAZINES,13.0
2017-08-06,5,MAGAZINES,6.0
2017-08-07,5,MAGAZINES,8.0
2017-08-08,5,MAGAZINES,6.0
2017-08-09,5,MAGAZINES,5.0
2017-08-10,5,MAGAZINES,11.0
2017-08-11,5,MAGAZINES,8.0
2017-08-12,5,MAGAZINES,8.0
2017-08-13,5,MAGAZINES,20.0
2017-08-14,5,MAGAZINES,12.0
2017-08-15,5,MAGAZINES,15.0
2017-08-02,5,MEATS,216.916
2017-08-03,5,MEATS,232.503
2017-08-04,5,MEATS,326.74
2017-08-05,5,MEATS,328.404
2017-08-06,5,MEATS,241.046
2017-08-07,5,MEATS,306.94
2017-08-08,5,MEATS,179.984
2017-08-09,5,MEATS,200.516
2017-08-10,5,MEATS,265.429
2017-08-11,5,MEATS,327.28
2017-08-12,5,MEATS,234.644
2017-08-13,5,MEATS,241.696
2017-08-14,5,MEATS,211.646
2017-08-15,5,MEATS,226.199
2017-08-02,5,PERSONAL CARE,292.0
2017-08-03,5,PERSONAL CARE,210.0
2017-08-04,5,PERSONAL CARE,225.0
2017-08-05,5,PERSONAL CARE,280.0
2017-08-06,5,PERSONAL CARE,326.0
2017-08-07,5,PERSONAL CARE,268.0
2017-08-08,5,PERSONAL CARE,236.0
2017-08-09,5,PERSONAL CARE,212.0
2017-08-10,5,PERSONAL CARE,188.0
2017-08-11,5,PERSONAL CARE,204.0
2017-08-12,5,PERSONAL CARE,159.0
2017-08-13,5,PERSONAL CARE,269.0
2017-08-14,5,PERSONAL CARE,196.0
2017-08-15,5,PERSONAL CARE,183.0
2017-08-02,5,PET SUPPLIES,1.0
2017-08-03,5,PET SUPPLIES,0.0
2017-08-04,5,PET SUPPLIES,4.0
2017-08-05,5,PET SUPPLIES,1.0
2017-08-06,5,PET SUPPLIES,7.0
2017-08-07,5,PET SUPPLIES,6.0
2017-08-08,5,PET SUPPLIES,4.0
2017-08-09,5,PET SUPPLIES,6.0
2017-08-10,5,PET SUPPLIES,1.0
2017-08-11,5,PET SUPPLIES,7.0
2017-08-12,5,PET SUPPLIES,3.0
2017-08-13,5,PET SUPPLIES,3.0
2017-08-14,5,PET SUPPLIES,0.0
2017-08-15,5,PET SUPPLIES,4.0
2017-08-02,5,PLAYERS AND ELECTRONICS,8.0
2017-08-03,5,PLAYERS AND ELECTRONICS,7.0
2017-08-04,5,PLAYERS AND ELECTRONICS,6.0
2017-08-05,5,PLAYERS AND ELECTRONICS,12.0
2017-08-06,5,PLAYERS AND ELECTRONICS,10.0
2017-08-07,5,PLAYERS AND ELECTRONICS,7.0
2017-08-08,5,PLAYERS AND ELECTRONICS,4.0
2017-08-09,5,PLAYERS AND ELECTRONICS,10.0
2017-08-10,5,PLAYERS AND ELECTRONICS,6.0
2017-08-11,5,PLAYERS AND ELECTRONICS,9.0
2017-08-12,5,PLAYERS AND ELECTRONICS,6.0
2017-08-13,5,PLAYERS AND ELECTRONICS,8.0
2017-08-14,5,PLAYERS AND ELECTRONICS,2.0
2017-08-15,5,PLAYERS AND ELECTRONICS,9.0
2017-08-02,5,POULTRY,225.189
2017-08-03,5,POULTRY,209.174
2017-08-04,5,POULTRY,302.71
2017-08-05,5,POULTRY,278.13
2017-08-06,5,POULTRY,253.303
2017-08-07,5,POULTRY,176.033
2017-08-08,5,POULTRY,214.09799
2017-08-09,5,POULTRY,215.72
2017-08-10,5,POULTRY,198.971
2017-08-11,5,POULTRY,297.857
2017-08-12,5,POULTRY,214.238
2017-08-13,5,POULTRY,232.897
2017-08-14,5,POULTRY,203.0
2017-08-15,5,POULTRY,241.011
2017-08-02,5,PREPARED FOODS,51.819
2017-08-03,5,PREPARED FOODS,58.886
2017-08-04,5,PREPARED FOODS,56.919
2017-08-05,5,PREPARED FOODS,81.976
2017-08-06,5,PREPARED FOODS,64.295
2017-08-07,5,PREPARED FOODS,85.178
2017-08-08,5,PREPARED FOODS,51.036
2017-08-09,5,PREPARED FOODS,53.745
2017-08-10,5,PREPARED FOODS,53.276
2017-08-11,5,PREPARED FOODS,55.691
2017-08-12,5,PREPARED FOODS,46.91
2017-08-13,5,PREPARED FOODS,65.945
2017-08-14,5,PREPARED FOODS,79.535
2017-08-15,5,PREPARED FOODS,52.121
2017-08-02,5,PRODUCE,2281.91
2017-08-03,5,PRODUCE,1343.708
2017-08-04,5,PRODUCE,1697.238
2017-08-05,5,PRODUCE,1676.279
2017-08-06,5,PRODUCE,1800.523
2017-08-07,5,PRODUCE,1612.007
2017-08-08,5,PRODUCE,1416.825
2017-08-09,5,PRODUCE,1901.853
2017-08-10,5,PRODUCE,1383.316
2017-08-11,5,PRODUCE,1470.092
2017-08-12,5,PRODUCE,1466.709
2017-08-13,5,PRODUCE,1487.221
2017-08-14,5,PRODUCE,1453.2369
2017-08-15,5,PRODUCE,1357.823
2017-08-02,5,SCHOOL AND OFFICE SUPPLIES,2.0
2017-08-03,5,SCHOOL AND OFFICE SUPPLIES,0.0
2017-08-04,5,SCHOOL AND OFFICE SUPPLIES,1.0
2017-08-05,5,SCHOOL AND OFFICE SUPPLIES,2.0
2017-08-06,5,SCHOOL AND OFFICE SUPPLIES,0.0
2017-08-07,5,SCHOOL AND OFFICE SUPPLIES,0.0
2017-08-08,5,SCHOOL AND OFFICE SUPPLIES,1.0
2017-08-09,5,SCHOOL AND OFFICE SUPPLIES,1.0
2017-08-10,5,SCHOOL AND OFFICE SUPPLIES,0.0
2017-08-11,5,SCHOOL AND OFFICE SUPPLIES,1.0
2017-08-12,5,SCHOOL AND OFFICE SUPPLIES,3.0
2017-08-13,5,SCHOOL AND OFFICE SUPPLIES,1.0
2017-08-14,5,SCHOOL AND OFFICE SUPPLIES,0.0
2017-08-15,5,SCHOOL AND OFFICE SUPPLIES,0.0
2017-08-02,5,SEAFOOD,17.417
2017-08-03,5,SEAFOOD,9.515
2017-08-04,5,SEAFOOD,9.582
2017-08-05,5,SEAFOOD,5.852
2017-08-06,5,SEAFOOD,13.866
2017-08-07,5,SEAFOOD,9.011
2017-08-08,5,SEAFOOD,10.88
2017-08-09,5,SEAFOOD,9.355
2017-08-10,5,SEAFOOD,7.0959997
2017-08-11,5,SEAFOOD,8.402
2017-08-12,5,SEAFOOD,7.32
2017-08-13,5,SEAFOOD,11.642
2017-08-14,5,SEAFOOD,11.694
2017-08-15,5,SEAFOOD,9.669
2017-08-02,6,AUTOMOTIVE,15.0
2017-08-03,6,AUTOMOTIVE,7.0
2017-08-04,6,AUTOMOTIVE,14.0
2017-08-05,6,AUTOMOTIVE,7.0
2017-08-06,6,AUTOMOTIVE,9.0
2017-08-07,6,AUTOMOTIVE,7.0
2017-08-08,6,AUTOMOTIVE,6.0
2017-08-09,6,AUTOMOTIVE,6.0
2017-08-10,6,AUTOMOTIVE,6.0
2017-08-11,6,AUTOMOTIVE,5.0
2017-08-12,6,AUTOMOTIVE,7.0
2017-08-13,6,AUTOMOTIVE,11.0
2017-08-14,6,AUTOMOTIVE,10.0
2017-08-15,6,AUTOMOTIVE,7.0
2017-08-02,6,BABY CARE,0.0
2017-08-03,6,BABY CARE,0.0
2017-08-04,6,BABY CARE,0.0
2017-08-05,6,BABY CARE,0.0
2017-08-06,6,BABY CARE,0.0
2017-08-07,6,BABY CARE,0.0
2017-08-08,6,BABY CARE,0.0
2017-08-09,6,BABY CARE,0.0
2017-08-10,6,BABY CARE,0.0
2017-08-11,6,BABY CARE,0.0
2017-08-12,6,BABY CARE,0.0
2017-08-13,6,BABY CARE,0.0
2017-08-14,6,BABY CARE,0.0
2017-08-15,6,BABY CARE,0.0
2017-08-02,6,BEAUTY,10.0
2017-08-03,6,BEAUTY,4.0
2017-08-04,6,BEAUTY,7.0
2017-08-05,6,BEAUTY,5.0
2017-08-06,6,BEAUTY,8.0
2017-08-07,6,BEAUTY,6.0
2017-08-08,6,BEAUTY,5.0
2017-08-09,6,BEAUTY,10.0
2017-08-10,6,BEAUTY,5.0
2017-08-11,6,BEAUTY,6.0
2017-08-12,6,BEAUTY,6.0
2017-08-13,6,BEAUTY,9.0
2017-08-14,6,BEAUTY,7.0
2017-08-15,6,BEAUTY,6.0
2017-08-02,6,BEVERAGES,3706.0
2017-08-03,6,BEVERAGES,2844.0
2017-08-04,6,BEVERAGES,3235.0
2017-08-05,6,BEVERAGES,4212.0
2017-08-06,6,BEVERAGES,4664.0
2017-08-07,6,BEVERAGES,3199.0
2017-08-08,6,BEVERAGES,2707.0
2017-08-09,6,BEVERAGES,2854.0
2017-08-10,6,BEVERAGES,2466.0
2017-08-11,6,BEVERAGES,3173.0
2017-08-12,6,BEVERAGES,2843.0
2017-08-13,6,BEVERAGES,4058.0
2017-08-14,6,BEVERAGES,2880.0
2017-08-15,6,BEVERAGES,2678.0
2017-08-02,6,BOOKS,0.0
2017-08-03,6,BOOKS,0.0
2017-08-04,6,BOOKS,0.0
2017-08-05,6,BOOKS,0.0
2017-08-06,6,BOOKS,0.0
2017-08-07,6,BOOKS,0.0
2017-08-08,6,BOOKS,0.0
2017-08-09,6,BOOKS,0.0
2017-08-10,6,BOOKS,0.0
2017-08-11,6,BOOKS,0.0
2017-08-12,6,BOOKS,0.0
2017-08-13,6,BOOKS,0.0
2017-08-14,6,BOOKS,0.0
2017-08-15,6,BOOKS,0.0
2017-08-02,6,BREAD/BAKERY,634.485
2017-08-03,6,BREAD/BAKERY,445.551
2017-08-04,6,BREAD/BAKERY,516.863
2017-08-05,6,BREAD/BAKERY,693.098
2017-08-06,6,BREAD/BAKERY,585.378
2017-08-07,6,BREAD/BAKERY,608.566
2017-08-08,6,BREAD/BAKERY,470.199
2017-08-09,6,BREAD/BAKERY,515.895
2017-08-10,6,BREAD/BAKERY,392.718
2017-08-11,6,BREAD/BAKERY,533.632
2017-08-12,6,BREAD/BAKERY,536.026
2017-08-13,6,BREAD/BAKERY,577.442
2017-08-14,6,BREAD/BAKERY,504.859
2017-08-15,6,BREAD/BAKERY,499.485
2017-08-02,6,CELEBRATION,17.0
2017-08-03,6,CELEBRATION,22.0
2017-08-04,6,CELEBRATION,13.0
2017-08-05,6,CELEBRATION,11.0
2017-08-06,6,CELEBRATION,13.0
2017-08-07,6,CELEBRATION,41.0
2017-08-08,6,CELEBRATION,9.0
2017-08-09,6,CELEBRATION,13.0
2017-08-10,6,CELEBRATION,6.0
2017-08-11,6,CELEBRATION,11.0
2017-08-12,6,CELEBRATION,11.0
2017-08-13,6,CELEBRATION,16.0
2017-08-14,6,CELEBRATION,7.0
2017-08-15,6,CELEBRATION,8.0
2017-08-02,6,CLEANING,1358.0
2017-08-03,6,CLEANING,1022.0
2017-08-04,6,CLEANING,1158.0
2017-08-05,6,CLEANING,1381.0
2017-08-06,6,CLEANING,1508.0
2017-08-07,6,CLEANING,1139.0
2017-08-08,6,CLEANING,986.0
2017-08-09,6,CLEANING,1130.0
2017-08-10,6,CLEANING,759.0
2017-08-11,6,CLEANING,953.0
2017-08-12,6,CLEANING,917.0
2017-08-13,6,CLEANING,1345.0
2017-08-14,6,CLEANING,1014.0
2017-08-15,6,CLEANING,1004.0
2017-08-02,6,DAIRY,979.0
2017-08-03,6,DAIRY,800.0
2017-08-04,6,DAIRY,885.0
2017-08-05,6,DAIRY,1047.0
2017-08-06,6,DAIRY,1396.0
2017-08-07,6,DAIRY,995.0
2017-08-08,6,DAIRY,758.0
2017-08-09,6,DAIRY,837.0
2017-08-10,6,DAIRY,695.0
2017-08-11,6,DAIRY,1044.0
2017-08-12,6,DAIRY,895.0
2017-08-13,6,DAIRY,1257.0
2017-08-14,6,DAIRY,907.0
2017-08-15,6,DAIRY,845.0
2017-08-02,6,DELI,404.676
2017-08-03,6,DELI,267.401
2017-08-04,6,DELI,326.294
2017-08-05,6,DELI,336.153
2017-08-06,6,DELI,402.416
2017-08-07,6,DELI,265.913
2017-08-08,6,DELI,268.547
2017-08-09,6,DELI,269.276
2017-08-10,6,DELI,203.828
2017-08-11,6,DELI,368.088
2017-08-12,6,DELI,357.473
2017-08-13,6,DELI,461.025
2017-08-14,6,DELI,321.352
2017-08-15,6,DELI,328.256
2017-08-02,6,EGGS,202.0
2017-08-03,6,EGGS,131.0
2017-08-04,6,EGGS,167.0
2017-08-05,6,EGGS,210.0
2017-08-06,6,EGGS,275.0
2017-08-07,6,EGGS,176.0
2017-08-08,6,EGGS,130.0
2017-08-09,6,EGGS,153.0
2017-08-10,6,EGGS,125.0
2017-08-11,6,EGGS,178.0
2017-08-12,6,EGGS,172.0
2017-08-13,6,EGGS,247.0
2017-08-14,6,EGGS,178.0
2017-08-15,6,EGGS,147.0
2017-08-02,6,FROZEN FOODS,137.0
2017-08-03,6,FROZEN FOODS,104.0
2017-08-04,6,FROZEN FOODS,141.0
2017-08-05,6,FROZEN FOODS,253.0
2017-08-06,6,FROZEN FOODS,249.0
2017-08-07,6,FROZEN FOODS,127.913
2017-08-08,6,FROZEN FOODS,139.749
2017-08-09,6,FROZEN FOODS,135.419
2017-08-10,6,FROZEN FOODS,98.0
2017-08-11,6,FROZEN FOODS,183.425
2017-08-12,6,FROZEN FOODS,135.0
2017-08-13,6,FROZEN FOODS,189.901
2017-08-14,6,FROZEN FOODS,118.125
2017-08-15,6,FROZEN FOODS,111.0
2017-08-02,6,GROCERY I,5166.0
2017-08-03,6,GROCERY I,4221.0
2017-08-04,6,GROCERY I,4265.0
2017-08-05,6,GROCERY I,5581.0
2017-08-06,6,GROCERY I,6422.0
2017-08-07,6,GROCERY I,4929.0
2017-08-08,6,GROCERY I,4079.0
2017-08-09,6,GROCERY I,4331.0
2017-08-10,6,GROCERY I,3482.0
2017-08-11,6,GROCERY I,4466.0
2017-08-12,6,GROCERY I,4027.0
2017-08-13,6,GROCERY I,5481.0
2017-08-14,6,GROCERY I,4142.0
2017-08-15,6,GROCERY I,4334.0
2017-08-02,6,GROCERY II,21.0
2017-08-03,6,GROCERY II,26.0
2017-08-04,6,GROCERY II,34.0
2017-08-05,6,GROCERY II,41.0
2017-08-06,6,GROCERY II,62.0
2017-08-07,6,GROCERY II,42.0
2017-08-08,6,GROCERY II,36.0
2017-08-09,6,GROCERY II,29.0
2017-08-10,6,GROCERY II,24.0
2017-08-11,6,GROCERY II,41.0
2017-08-12,6,GROCERY II,46.0
2017-08-13,6,GROCERY II,48.0
2017-08-14,6,GROCERY II,38.0
2017-08-15,6,GROCERY II,41.0
2017-08-02,6,HARDWARE,0.0
2017-08-03,6,HARDWARE,0.0
2017-08-04,6,HARDWARE,1.0
2017-08-05,6,HARDWARE,1.0
2017-08-06,6,HARDWARE,4.0
2017-08-07,6,HARDWARE,1.0
2017-08-08,6,HARDWARE,2.0
2017-08-09,6,HARDWARE,0.0
2017-08-10,6,HARDWARE,2.0
2017-08-11,6,HARDWARE,1.0
2017-08-12,6,HARDWARE,0.0
2017-08-13,6,HARDWARE,1.0
2017-08-14,6,HARDWARE,0.0
2017-08-15,6,HARDWARE,1.0
2017-08-02,6,HOME AND KITCHEN I,25.0
2017-08-03,6,HOME AND KITCHEN I,16.0
2017-08-04,6,HOME AND KITCHEN I,49.0
2017-08-05,6,HOME AND KITCHEN I,26.0
2017-08-06,6,HOME AND KITCHEN I,36.0
2017-08-07,6,HOME AND KITCHEN I,39.0
2017-08-08,6,HOME AND KITCHEN I,20.0
2017-08-09,6,HOME AND KITCHEN I,10.0
2017-08-10,6,HOME AND KITCHEN I,17.0
2017-08-11,6,HOME AND KITCHEN I,24.0
2017-08-12,6,HOME AND KITCHEN I,28.0
2017-08-13,6,HOME AND KITCHEN I,31.0
2017-08-14,6,HOME AND KITCHEN I,28.0
2017-08-15,6,HOME AND KITCHEN I,24.0
2017-08-02,6,HOME AND KITCHEN II,57.0
2017-08-03,6,HOME AND KITCHEN II,35.0
2017-08-04,6,HOME AND KITCHEN II,101.0
2017-08-05,6,HOME AND KITCHEN II,68.0
2017-08-06,6,HOME AND KITCHEN II,68.0
2017-08-07,6,HOME AND KITCHEN II,44.0
2017-08-08,6,HOME AND KITCHEN II,262.0
2017-08-09,6,HOME AND KITCHEN II,53.0
2017-08-10,6,HOME AND KITCHEN II,40.0
2017-08-11,6,HOME AND KITCHEN II,44.0
2017-08-12,6,HOME AND KITCHEN II,29.0
2017-08-13,6,HOME AND KITCHEN II,22.0
2017-08-14,6,HOME AND KITCHEN II,29.0
2017-08-15,6,HOME AND KITCHEN II,37.0
2017-08-02,6,HOME APPLIANCES,0.0
2017-08-03,6,HOME APPLIANCES,0.0
2017-08-04,6,HOME APPLIANCES,0.0
2017-08-05,6,HOME APPLIANCES,0.0
2017-08-06,6,HOME APPLIANCES,0.0
2017-08-07,6,HOME APPLIANCES,0.0
2017-08-08,6,HOME APPLIANCES,0.0
2017-08-09,6,HOME APPLIANCES,0.0
2017-08-10,6,HOME APPLIANCES,0.0
2017-08-11,6,HOME APPLIANCES,0.0
2017-08-12,6,HOME APPLIANCES,0.0
2017-08-13,6,HOME APPLIANCES,0.0
2017-08-14,6,HOME APPLIANCES,0.0
2017-08-15,6,HOME APPLIANCES,0.0
2017-08-02,6,HOME CARE,352.0
2017-08-03,6,HOME CARE,244.0
2017-08-04,6,HOME CARE,275.0
2017-08-05,6,HOME CARE,359.0
2017-08-06,6,HOME CARE,443.0
2017-08-07,6,HOME CARE,279.0
2017-08-08,6,HOME CARE,232.0
2017-08-09,6,HOME CARE,217.0
2017-08-10,6,HOME CARE,164.0
2017-08-11,6,HOME CARE,209.0
2017-08-12,6,HOME CARE,268.0
2017-08-13,6,HOME CARE,315.0
2017-08-14,6,HOME CARE,248.0
2017-08-15,6,HOME CARE,258.0
2017-08-02,6,LADIESWEAR,23.0
2017-08-03,6,LADIESWEAR,25.0
2017-08-04,6,LADIESWEAR,22.0
2017-08-05,6,LADIESWEAR,31.0
2017-08-06,6,LADIESWEAR,43.0
2017-08-07,6,LADIESWEAR,22.0
2017-08-08,6,LADIESWEAR,24.0
2017-08-09,6,LADIESWEAR,14.0
2017-08-10,6,LADIESWEAR,8.0
2017-08-11,6,LADIESWEAR,16.0
2017-08-12,6,LADIESWEAR,17.0
2017-08-13,6,LADIESWEAR,49.0
2017-08-14,6,LADIESWEAR,14.0
2017-08-15,6,LADIESWEAR,17.0
2017-08-02,6,LAWN AND GARDEN,20.0
2017-08-03,6,LAWN AND GARDEN,13.0
2017-08-04,6,LAWN AND GARDEN,8.0
2017-08-05,6,LAWN AND GARDEN,26.0
2017-08-06,6,LAWN AND GARDEN,29.0
2017-08-07,6,LAWN AND GARDEN,14.0
2017-08-08,6,LAWN AND GARDEN,11.0
2017-08-09,6,LAWN AND GARDEN,23.0
2017-08-10,6,LAWN AND GARDEN,20.0
2017-08-11,6,LAWN AND GARDEN,23.0
2017-08-12,6,LAWN AND GARDEN,27.0
2017-08-13,6,LAWN AND GARDEN,23.0
2017-08-14,6,LAWN AND GARDEN,11.0
2017-08-15,6,LAWN AND GARDEN,18.0
2017-08-02,6,LINGERIE,8.0
2017-08-03,6,LINGERIE,17.0
2017-08-04,6,LINGERIE,12.0
2017-08-05,6,LINGERIE,15.0
2017-08-06,6,LINGERIE,12.0
2017-08-07,6,LINGERIE,34.0
2017-08-08,6,LINGERIE,6.0
2017-08-09,6,LINGERIE,14.0
2017-08-10,6,LINGERIE,17.0
2017-08-11,6,LINGERIE,20.0
2017-08-12,6,LINGERIE,11.0
2017-08-13,6,LINGERIE,5.0
2017-08-14,6,LINGERIE,8.0
2017-08-15,6,LINGERIE,6.0
2017-08-02,6,"LIQUOR,WINE,BEER",67.0
2017-08-03,6,"LIQUOR,WINE,BEER",77.0
2017-08-04,6,"LIQUOR,WINE,BEER",123.0
2017-08-05,6,"LIQUOR,WINE,BEER",167.0
2017-08-06,6,"LIQUOR,WINE,BEER",84.0
2017-08-07,6,"LIQUOR,WINE,BEER",45.0
2017-08-08,6,"LIQUOR,WINE,BEER",52.0
2017-08-09,6,"LIQUOR,WINE,BEER",50.0
2017-08-10,6,"LIQUOR,WINE,BEER",105.0
2017-08-11,6,"LIQUOR,WINE,BEER",177.0
2017-08-12,6,"LIQUOR,WINE,BEER",198.0
2017-08-13,6,"LIQUOR,WINE,BEER",89.0
2017-08-14,6,"LIQUOR,WINE,BEER",51.0
2017-08-15,6,"LIQUOR,WINE,BEER",56.0
2017-08-02,6,MAGAZINES,7.0
2017-08-03,6,MAGAZINES,5.0
2017-08-04,6,MAGAZINES,7.0
2017-08-05,6,MAGAZINES,12.0
2017-08-06,6,MAGAZINES,11.0
2017-08-07,6,MAGAZINES,7.0
2017-08-08,6,MAGAZINES,6.0
2017-08-09,6,MAGAZINES,6.0
2017-08-10,6,MAGAZINES,6.0
2017-08-11,6,MAGAZINES,11.0
2017-08-12,6,MAGAZINES,5.0
2017-08-13,6,MAGAZINES,6.0
2017-08-14,6,MAGAZINES,11.0
2017-08-15,6,MAGAZINES,6.0
2017-08-02,6,MEATS,492.12
2017-08-03,6,MEATS,399.102
2017-08-04,6,MEATS,667.05597
2017-08-05,6,MEATS,685.736
2017-08-06,6,MEATS,528.417
2017-08-07,6,MEATS,479.185
2017-08-08,6,MEATS,401.966
2017-08-09,6,MEATS,395.181
2017-08-10,6,MEATS,364.42398
2017-08-11,6,MEATS,621.549
2017-08-12,6,MEATS,461.069
2017-08-13,6,MEATS,465.10098
2017-08-14,6,MEATS,360.109
2017-08-15,6,MEATS,417.345
2017-08-02,6,PERSONAL CARE,427.0
2017-08-03,6,PERSONAL CARE,328.0
2017-08-04,6,PERSONAL CARE,310.0
2017-08-05,6,PERSONAL CARE,441.0
2017-08-06,6,PERSONAL CARE,541.0
2017-08-07,6,PERSONAL CARE,539.0
2017-08-08,6,PERSONAL CARE,341.0
2017-08-09,6,PERSONAL CARE,326.0
2017-08-10,6,PERSONAL CARE,250.0
2017-08-11,6,PERSONAL CARE,292.0
2017-08-12,6,PERSONAL CARE,325.0
2017-08-13,6,PERSONAL CARE,404.0
2017-08-14,6,PERSONAL CARE,308.0
2017-08-15,6,PERSONAL CARE,316.0
2017-08-02,6,PET SUPPLIES,15.0
2017-08-03,6,PET SUPPLIES,11.0
2017-08-04,6,PET SUPPLIES,9.0
2017-08-05,6,PET SUPPLIES,12.0
2017-08-06,6,PET SUPPLIES,11.0
2017-08-07,6,PET SUPPLIES,7.0
2017-08-08,6,PET SUPPLIES,12.0
2017-08-09,6,PET SUPPLIES,6.0
2017-08-10,6,PET SUPPLIES,7.0
2017-08-11,6,PET SUPPLIES,10.0
2017-08-12,6,PET SUPPLIES,16.0
2017-08-13,6,PET SUPPLIES,8.0
2017-08-14,6,PET SUPPLIES,7.0
2017-08-15,6,PET SUPPLIES,11.0
2017-08-02,6,PLAYERS AND ELECTRONICS,16.0
2017-08-03,6,PLAYERS AND ELECTRONICS,14.0
2017-08-04,6,PLAYERS AND ELECTRONICS,10.0
2017-08-05,6,PLAYERS AND ELECTRONICS,12.0
2017-08-06,6,PLAYERS AND ELECTRONICS,27.0
2017-08-07,6,PLAYERS AND ELECTRONICS,19.0
2017-08-08,6,PLAYERS AND ELECTRONICS,6.0
2017-08-09,6,PLAYERS AND ELECTRONICS,10.0
2017-08-10,6,PLAYERS AND ELECTRONICS,15.0
2017-08-11,6,PLAYERS AND ELECTRONICS,36.0
2017-08-12,6,PLAYERS AND ELECTRONICS,21.0
2017-08-13,6,PLAYERS AND ELECTRONICS,21.0
2017-08-14,6,PLAYERS AND ELECTRONICS,13.0
2017-08-15,6,PLAYERS AND ELECTRONICS,15.0
2017-08-02,6,POULTRY,495.27798
2017-08-03,6,POULTRY,458.419
2017-08-04,6,POULTRY,646.553
2017-08-05,6,POULTRY,686.598
2017-08-06,6,POULTRY,663.618
2017-08-07,6,POULTRY,546.533
2017-08-08,6,POULTRY,472.249
2017-08-09,6,POULTRY,409.068
2017-08-10,6,POULTRY,371.706
2017-08-11,6,POULTRY,605.954
2017-08-12,6,POULTRY,511.378
2017-08-13,6,POULTRY,666.659
2017-08-14,6,POULTRY,523.63403
2017-08-15,6,POULTRY,434.57
2017-08-02,6,PREPARED FOODS,91.522
2017-08-03,6,PREPARED FOODS,65.015
2017-08-04,6,PREPARED FOODS,103.645996
2017-08-05,6,PREPARED FOODS,149.114
2017-08-06,6,PREPARED FOODS,135.397
2017-08-07,6,PREPARED FOODS,70.747
2017-08-08,6,PREPARED FOODS,89.618
2017-08-09,6,PREPARED FOODS,85.632996
2017-08-10,6,PREPARED FOODS,75.479996
2017-08-11,6,PREPARED FOODS,131.786
2017-08-12,6,PREPARED FOODS,98.66
2017-08-13,6,PREPARED FOODS,109.625
2017-08-14,6,PREPARED FOODS,96.745
2017-08-15,6,PREPARED FOODS,102.341995
2017-08-02,6,PRODUCE,4079.749
2017-08-03,6,PRODUCE,1907.37
2017-08-04,6,PRODUCE,2330.458
2017-08-05,6,PRODUCE,3105.783
2017-08-06,6,PRODUCE,3540.939
2017-08-07,6,PRODUCE,2684.03
2017-08-08,6,PRODUCE,2012.179
2017-08-09,6,PRODUCE,3107.496
2017-08-10,6,PRODUCE,1712.632
2017-08-11,6,PRODUCE,2538.691
2017-08-12,6,PRODUCE,2498.872
2017-08-13,6,PRODUCE,3287.696
2017-08-14,6,PRODUCE,2332.902
2017-08-15,6,PRODUCE,2073.636
2017-08-02,6,SCHOOL AND OFFICE SUPPLIES,0.0
2017-08-03,6,SCHOOL AND OFFICE SUPPLIES,0.0
2017-08-04,6,SCHOOL AND OFFICE SUPPLIES,0.0
2017-08-05,6,SCHOOL AND OFFICE SUPPLIES,0.0
2017-08-06,6,SCHOOL AND OFFICE SUPPLIES,0.0
2017-08-07,6,SCHOOL AND OFFICE SUPPLIES,0.0
2017-08-08,6,SCHOOL AND OFFICE SUPPLIES,0.0
2017-08-09,6,SCHOOL AND OFFICE SUPPLIES,0.0
2017-08-10,6,SCHOOL AND OFFICE SUPPLIES,0.0
2017-08-11,6,SCHOOL AND OFFICE SUPPLIES,0.0
2017-08-12,6,SCHOOL AND OFFICE SUPPLIES,0.0
2017-08-13,6,SCHOOL AND OFFICE SUPPLIES,0.0
2017-08-14,6,SCHOOL AND OFFICE SUPPLIES,0.0
2017-08-15,6,SCHOOL AND OFFICE SUPPLIES,0.0
2017-08-02,6,SEAFOOD,47.934002
2017-08-03,6,SEAFOOD,20.579
2017-08-04,6,SEAFOOD,48.541
2017-08-05,6,SEAFOOD,49.217
2017-08-06,6,SEAFOOD,50.847
2017-08-07,6,SEAFOOD,36.592
2017-08-08,6,SEAFOOD,30.244
2017-08-09,6,SEAFOOD,30.630001
2017-08-10,6,SEAFOOD,18.449
2017-08-11,6,SEAFOOD,52.797
2017-08-12,6,SEAFOOD,35.03
2017-08-13,6,SEAFOOD,58.47
2017-08-14,6,SEAFOOD,37.879
2017-08-15,6,SEAFOOD,47.575
2017-08-02,7,AUTOMOTIVE,5.0
2017-08-03,7,AUTOMOTIVE,4.0
2017-08-04,7,AUTOMOTIVE,8.0
2017-08-05,7,AUTOMOTIVE,2.0
2017-08-06,7,AUTOMOTIVE,5.0
2017-08-07,7,AUTOMOTIVE,9.0
2017-08-08,7,AUTOMOTIVE,3.0
2017-08-09,7,AUTOMOTIVE,6.0
2017-08-10,7,AUTOMOTIVE,5.0
2017-08-11,7,AUTOMOTIVE,2.0
2017-08-12,7,AUTOMOTIVE,10.0
2017-08-13,7,AUTOMOTIVE,3.0
2017-08-14,7,AUTOMOTIVE,3.0
2017-08-15,7,AUTOMOTIVE,5.0
2017-08-02,7,BABY CARE,0.0
2017-08-03,7,BABY CARE,0.0
2017-08-04,7,BABY CARE,0.0
2017-08-05,7,BABY CARE,0.0
2017-08-06,7,BABY CARE,0.0
2017-08-07,7,BABY CARE,0.0
2017-08-08,7,BABY CARE,0.0
2017-08-09,7,BABY CARE,0.0
2017-08-10,7,BABY CARE,0.0
2017-08-11,7,BABY CARE,0.0
2017-08-12,7,BABY CARE,0.0
2017-08-13,7,BABY CARE,0.0
2017-08-14,7,BABY CARE,0.0
2017-08-15,7,BABY CARE,0.0
2017-08-02,7,BEAUTY,3.0
2017-08-03,7,BEAUTY,5.0
2017-08-04,7,BEAUTY,5.0
2017-08-05,7,BEAUTY,3.0
2017-08-06,7,BEAUTY,8.0
2017-08-07,7,BEAUTY,6.0
2017-08-08,7,BEAUTY,8.0
2017-08-09,7,BEAUTY,10.0
2017-08-10,7,BEAUTY,9.0
2017-08-11,7,BEAUTY,3.0
2017-08-12,7,BEAUTY,4.0
2017-08-13,7,BEAUTY,9.0
2017-08-14,7,BEAUTY,9.0
2017-08-15,7,BEAUTY,11.0
2017-08-02,7,BEVERAGES,4686.0
2017-08-03,7,BEVERAGES,3200.0
2017-08-04,7,BEVERAGES,3750.0
2017-08-05,7,BEVERAGES,3638.0
2017-08-06,7,BEVERAGES,3858.0
2017-08-07,7,BEVERAGES,3873.0
2017-08-08,7,BEVERAGES,3310.0
2017-08-09,7,BEVERAGES,3982.0
2017-08-10,7,BEVERAGES,3246.0
2017-08-11,7,BEVERAGES,3100.0
2017-08-12,7,BEVERAGES,3110.0
2017-08-13,7,BEVERAGES,3325.0
2017-08-14,7,BEVERAGES,3864.0
2017-08-15,7,BEVERAGES,3999.0
2017-08-02,7,BOOKS,1.0
2017-08-03,7,BOOKS,0.0
2017-08-04,7,BOOKS,1.0
2017-08-05,7,BOOKS,0.0
2017-08-06,7,BOOKS,0.0
2017-08-07,7,BOOKS,0.0
2017-08-08,7,BOOKS,1.0
2017-08-09,7,BOOKS,0.0
2017-08-10,7,BOOKS,0.0
2017-08-11,7,BOOKS,0.0
2017-08-12,7,BOOKS,0.0
2017-08-13,7,BOOKS,0.0
2017-08-14,7,BOOKS,0.0
2017-08-15,7,BOOKS,0.0
2017-08-02,7,BREAD/BAKERY,692.179
2017-08-03,7,BREAD/BAKERY,539.801
2017-08-04,7,BREAD/BAKERY,698.526
2017-08-05,7,BREAD/BAKERY,550.075
2017-08-06,7,BREAD/BAKERY,597.132
2017-08-07,7,BREAD/BAKERY,703.335
2017-08-08,7,BREAD/BAKERY,617.179
2017-08-09,7,BREAD/BAKERY,578.09
2017-08-10,7,BREAD/BAKERY,573.494
2017-08-11,7,BREAD/BAKERY,495.624
2017-08-12,7,BREAD/BAKERY,551.645
2017-08-13,7,BREAD/BAKERY,552.075
2017-08-14,7,BREAD/BAKERY,719.231
2017-08-15,7,BREAD/BAKERY,659.156
2017-08-02,7,CELEBRATION,14.0
2017-08-03,7,CELEBRATION,16.0
2017-08-04,7,CELEBRATION,26.0
2017-08-05,7,CELEBRATION,15.0
2017-08-06,7,CELEBRATION,16.0
2017-08-07,7,CELEBRATION,24.0
2017-08-08,7,CELEBRATION,17.0
2017-08-09,7,CELEBRATION,17.0
2017-08-10,7,CELEBRATION,21.0
2017-08-11,7,CELEBRATION,15.0
2017-08-12,7,CELEBRATION,18.0
2017-08-13,7,CELEBRATION,7.0
2017-08-14,7,CELEBRATION,22.0
2017-08-15,7,CELEBRATION,11.0
2017-08-02,7,CLEANING,1389.0
2017-08-03,7,CLEANING,996.0
2017-08-04,7,CLEANING,995.0
2017-08-05,7,CLEANING,769.0
2017-08-06,7,CLEANING,832.0
2017-08-07,7,CLEANING,1123.0
2017-08-08,7,CLEANING,1028.0
2017-08-09,7,CLEANING,1069.0
2017-08-10,7,CLEANING,816.0
2017-08-11,7,CLEANING,723.0
2017-08-12,7,CLEANING,671.0
2017-08-13,7,CLEANING,704.0
2017-08-14,7,CLEANING,1055.0
2017-08-15,7,CLEANING,1139.0
2017-08-02,7,DAIRY,1562.0
2017-08-03,7,DAIRY,1046.0
2017-08-04,7,DAIRY,1317.0
2017-08-05,7,DAIRY,1146.0
2017-08-06,7,DAIRY,1178.0
2017-08-07,7,DAIRY,1246.0
2017-08-08,7,DAIRY,1217.0
2017-08-09,7,DAIRY,1274.0
2017-08-10,7,DAIRY,1085.0
2017-08-11,7,DAIRY,1084.0
2017-08-12,7,DAIRY,1056.0
2017-08-13,7,DAIRY,1023.0
2017-08-14,7,DAIRY,1398.0
2017-08-15,7,DAIRY,1279.0
2017-08-02,7,DELI,216.93
2017-08-03,7,DELI,125.992
2017-08-04,7,DELI,246.206
2017-08-05,7,DELI,203.039
2017-08-06,7,DELI,158.564
2017-08-07,7,DELI,222.098
2017-08-08,7,DELI,169.842
2017-08-09,7,DELI,172.702
2017-08-10,7,DELI,159.617
2017-08-11,7,DELI,160.218
2017-08-12,7,DELI,133.877
2017-08-13,7,DELI,133.361
2017-08-14,7,DELI,216.397
2017-08-15,7,DELI,172.975
2017-08-02,7,EGGS,313.0
2017-08-03,7,EGGS,235.0
2017-08-04,7,EGGS,298.0
2017-08-05,7,EGGS,229.0
2017-08-06,7,EGGS,258.0
2017-08-07,7,EGGS,286.0
2017-08-08,7,EGGS,250.0
2017-08-09,7,EGGS,269.0
2017-08-10,7,EGGS,227.0
2017-08-11,7,EGGS,212.0
2017-08-12,7,EGGS,255.0
2017-08-13,7,EGGS,229.0
2017-08-14,7,EGGS,331.0
2017-08-15,7,EGGS,299.0
2017-08-02,7,FROZEN FOODS,257.356
2017-08-03,7,FROZEN FOODS,166.904
2017-08-04,7,FROZEN FOODS,288.0
2017-08-05,7,FROZEN FOODS,285.0
2017-08-06,7,FROZEN FOODS,217.635
2017-08-07,7,FROZEN FOODS,185.0
2017-08-08,7,FROZEN FOODS,163.96
2017-08-09,7,FROZEN FOODS,173.92
2017-08-10,7,FROZEN FOODS,160.04
2017-08-11,7,FROZEN FOODS,237.0
2017-08-12,7,FROZEN FOODS,182.0
2017-08-13,7,FROZEN FOODS,153.66
2017-08-14,7,FROZEN FOODS,186.0
2017-08-15,7,FROZEN FOODS,235.351
2017-08-02,7,GROCERY I,4968.0
2017-08-03,7,GROCERY I,3373.0
2017-08-04,7,GROCERY I,3998.0
2017-08-05,7,GROCERY I,3229.0
2017-08-06,7,GROCERY I,3348.0
2017-08-07,7,GROCERY I,3870.0
2017-08-08,7,GROCERY I,3632.0
2017-08-09,7,GROCERY I,3959.0
2017-08-10,7,GROCERY I,3080.0
2017-08-11,7,GROCERY I,3146.0
2017-08-12,7,GROCERY I,2851.0
2017-08-13,7,GROCERY I,2864.0
2017-08-14,7,GROCERY I,3872.0
2017-08-15,7,GROCERY I,3678.0
2017-08-02,7,GROCERY II,51.0
2017-08-03,7,GROCERY II,31.0
2017-08-04,7,GROCERY II,35.0
2017-08-05,7,GROCERY II,43.0
2017-08-06,7,GROCERY II,25.0
2017-08-07,7,GROCERY II,28.0
2017-08-08,7,GROCERY II,29.0
2017-08-09,7,GROCERY II,43.0
2017-08-10,7,GROCERY II,23.0
2017-08-11,7,GROCERY II,45.0
2017-08-12,7,GROCERY II,37.0
2017-08-13,7,GROCERY II,33.0
2017-08-14,7,GROCERY II,58.0
2017-08-15,7,GROCERY II,33.0
2017-08-02,7,HARDWARE,6.0
2017-08-03,7,HARDWARE,2.0
2017-08-04,7,HARDWARE,0.0
2017-08-05,7,HARDWARE,1.0
2017-08-06,7,HARDWARE,11.0
2017-08-07,7,HARDWARE,2.0
2017-08-08,7,HARDWARE,1.0
2017-08-09,7,HARDWARE,4.0
2017-08-10,7,HARDWARE,3.0
2017-08-11,7,HARDWARE,3.0
2017-08-12,7,HARDWARE,4.0
2017-08-13,7,HARDWARE,1.0
2017-08-14,7,HARDWARE,3.0
2017-08-15,7,HARDWARE,1.0
2017-08-02,7,HOME AND KITCHEN I,19.0
2017-08-03,7,HOME AND KITCHEN I,38.0
2017-08-04,7,HOME AND KITCHEN I,50.0
2017-08-05,7,HOME AND KITCHEN I,23.0
2017-08-06,7,HOME AND KITCHEN I,31.0
2017-08-07,7,HOME AND KITCHEN I,62.0
2017-08-08,7,HOME AND KITCHEN I,28.0
2017-08-09,7,HOME AND KITCHEN I,28.0
2017-08-10,7,HOME AND KITCHEN I,54.0
2017-08-11,7,HOME AND KITCHEN I,21.0
2017-08-12,7,HOME AND KITCHEN I,75.0
2017-08-13,7,HOME AND KITCHEN I,21.0
2017-08-14,7,HOME AND KITCHEN I,38.0
2017-08-15,7,HOME AND KITCHEN I,42.0
2017-08-02,7,HOME AND KITCHEN II,24.0
2017-08-03,7,HOME AND KITCHEN II,14.0
2017-08-04,7,HOME AND KITCHEN II,42.0
2017-08-05,7,HOME AND KITCHEN II,21.0
2017-08-06,7,HOME AND KITCHEN II,16.0
2017-08-07,7,HOME AND KITCHEN II,29.0
2017-08-08,7,HOME AND KITCHEN II,28.0
2017-08-09,7,HOME AND KITCHEN II,21.0
2017-08-10,7,HOME AND KITCHEN II,28.0
2017-08-11,7,HOME AND KITCHEN II,17.0
2017-08-12,7,HOME AND KITCHEN II,31.0
2017-08-13,7,HOME AND KITCHEN II,24.0
2017-08-14,7,HOME AND KITCHEN II,197.0
2017-08-15,7,HOME AND KITCHEN II,44.0
2017-08-02,7,HOME APPLIANCES,0.0
2017-08-03,7,HOME APPLIANCES,1.0
2017-08-04,7,HOME APPLIANCES,0.0
2017-08-05,7,HOME APPLIANCES,1.0
2017-08-06,7,HOME APPLIANCES,1.0
2017-08-07,7,HOME APPLIANCES,0.0
2017-08-08,7,HOME APPLIANCES,1.0
2017-08-09,7,HOME APPLIANCES,2.0
2017-08-10,7,HOME APPLIANCES,1.0
2017-08-11,7,HOME APPLIANCES,2.0
2017-08-12,7,HOME APPLIANCES,0.0
2017-08-13,7,HOME APPLIANCES,0.0
2017-08-14,7,HOME APPLIANCES,0.0
2017-08-15,7,HOME APPLIANCES,1.0
2017-08-02,7,HOME CARE,344.0
2017-08-03,7,HOME CARE,213.0
2017-08-04,7,HOME CARE,168.0
2017-08-05,7,HOME CARE,199.0
2017-08-06,7,HOME CARE,212.0
2017-08-07,7,HOME CARE,261.0
2017-08-08,7,HOME CARE,243.0
2017-08-09,7,HOME CARE,239.0
2017-08-10,7,HOME CARE,163.0
2017-08-11,7,HOME CARE,179.0
2017-08-12,7,HOME CARE,183.0
2017-08-13,7,HOME CARE,277.0
2017-08-14,7,HOME CARE,230.0
2017-08-15,7,HOME CARE,228.0
2017-08-02,7,LADIESWEAR,20.0
2017-08-03,7,LADIESWEAR,4.0
2017-08-04,7,LADIESWEAR,5.0
2017-08-05,7,LADIESWEAR,25.0
2017-08-06,7,LADIESWEAR,10.0
2017-08-07,7,LADIESWEAR,8.0
2017-08-08,7,LADIESWEAR,15.0
2017-08-09,7,LADIESWEAR,15.0
2017-08-10,7,LADIESWEAR,14.0
2017-08-11,7,LADIESWEAR,10.0
2017-08-12,7,LADIESWEAR,15.0
2017-08-13,7,LADIESWEAR,7.0
2017-08-14,7,LADIESWEAR,25.0
2017-08-15,7,LADIESWEAR,21.0
2017-08-02,7,LAWN AND GARDEN,21.0
2017-08-03,7,LAWN AND GARDEN,38.0
2017-08-04,7,LAWN AND GARDEN,38.0
2017-08-05,7,LAWN AND GARDEN,67.0
2017-08-06,7,LAWN AND GARDEN,33.0
2017-08-07,7,LAWN AND GARDEN,41.0
2017-08-08,7,LAWN AND GARDEN,55.0
2017-08-09,7,LAWN AND GARDEN,35.0
2017-08-10,7,LAWN AND GARDEN,24.0
2017-08-11,7,LAWN AND GARDEN,39.0
2017-08-12,7,LAWN AND GARDEN,50.0
2017-08-13,7,LAWN AND GARDEN,28.0
2017-08-14,7,LAWN AND GARDEN,39.0
2017-08-15,7,LAWN AND GARDEN,43.0
2017-08-02,7,LINGERIE,8.0
2017-08-03,7,LINGERIE,22.0
2017-08-04,7,LINGERIE,6.0
2017-08-05,7,LINGERIE,6.0
2017-08-06,7,LINGERIE,17.0
2017-08-07,7,LINGERIE,13.0
2017-08-08,7,LINGERIE,10.0
2017-08-09,7,LINGERIE,10.0
2017-08-10,7,LINGERIE,13.0
2017-08-11,7,LINGERIE,12.0
2017-08-12,7,LINGERIE,7.0
2017-08-13,7,LINGERIE,8.0
2017-08-14,7,LINGERIE,2.0
2017-08-15,7,LINGERIE,10.0
2017-08-02,7,"LIQUOR,WINE,BEER",128.0
2017-08-03,7,"LIQUOR,WINE,BEER",123.0
2017-08-04,7,"LIQUOR,WINE,BEER",237.0
2017-08-05,7,"LIQUOR,WINE,BEER",259.0
2017-08-06,7,"LIQUOR,WINE,BEER",178.0
2017-08-07,7,"LIQUOR,WINE,BEER",87.0
2017-08-08,7,"LIQUOR,WINE,BEER",74.0
2017-08-09,7,"LIQUOR,WINE,BEER",130.0
2017-08-10,7,"LIQUOR,WINE,BEER",187.0
2017-08-11,7,"LIQUOR,WINE,BEER",282.0
2017-08-12,7,"LIQUOR,WINE,BEER",238.0
2017-08-13,7,"LIQUOR,WINE,BEER",169.0
2017-08-14,7,"LIQUOR,WINE,BEER",97.0
2017-08-15,7,"LIQUOR,WINE,BEER",125.0
2017-08-02,7,MAGAZINES,9.0
2017-08-03,7,MAGAZINES,4.0
2017-08-04,7,MAGAZINES,4.0
2017-08-05,7,MAGAZINES,7.0
2017-08-06,7,MAGAZINES,4.0
2017-08-07,7,MAGAZINES,10.0
2017-08-08,7,MAGAZINES,23.0
2017-08-09,7,MAGAZINES,23.0
2017-08-10,7,MAGAZINES,10.0
2017-08-11,7,MAGAZINES,29.0
2017-08-12,7,MAGAZINES,24.0
2017-08-13,7,MAGAZINES,13.0
2017-08-14,7,MAGAZINES,24.0
2017-08-15,7,MAGAZINES,24.0
2017-08-02,7,MEATS,550.716
2017-08-03,7,MEATS,412.135
2017-08-04,7,MEATS,898.54803
2017-08-05,7,MEATS,413.035
2017-08-06,7,MEATS,437.427
2017-08-07,7,MEATS,440.931
2017-08-08,7,MEATS,487.427
2017-08-09,7,MEATS,386.325
2017-08-10,7,MEATS,365.215
2017-08-11,7,MEATS,514.948
2017-08-12,7,MEATS,371.711
2017-08-13,7,MEATS,408.49
2017-08-14,7,MEATS,515.925
2017-08-15,7,MEATS,500.31198
2017-08-02,7,PERSONAL CARE,307.0
2017-08-03,7,PERSONAL CARE,213.0
2017-08-04,7,PERSONAL CARE,196.0
2017-08-05,7,PERSONAL CARE,199.0
2017-08-06,7,PERSONAL CARE,244.0
2017-08-07,7,PERSONAL CARE,445.0
2017-08-08,7,PERSONAL CARE,236.0
2017-08-09,7,PERSONAL CARE,271.0
2017-08-10,7,PERSONAL CARE,160.0
2017-08-11,7,PERSONAL CARE,187.0
2017-08-12,7,PERSONAL CARE,159.0
2017-08-13,7,PERSONAL CARE,220.0
2017-08-14,7,PERSONAL CARE,268.0
2017-08-15,7,PERSONAL CARE,238.0
2017-08-02,7,PET SUPPLIES,14.0
2017-08-03,7,PET SUPPLIES,5.0
2017-08-04,7,PET SUPPLIES,6.0
2017-08-05,7,PET SUPPLIES,12.0
2017-08-06,7,PET SUPPLIES,19.0
2017-08-07,7,PET SUPPLIES,10.0
2017-08-08,7,PET SUPPLIES,5.0
2017-08-09,7,PET SUPPLIES,5.0
2017-08-10,7,PET SUPPLIES,8.0
2017-08-11,7,PET SUPPLIES,5.0
2017-08-12,7,PET SUPPLIES,4.0
2017-08-13,7,PET SUPPLIES,6.0
2017-08-14,7,PET SUPPLIES,11.0
2017-08-15,7,PET SUPPLIES,5.0
2017-08-02,7,PLAYERS AND ELECTRONICS,19.0
2017-08-03,7,PLAYERS AND ELECTRONICS,11.0
2017-08-04,7,PLAYERS AND ELECTRONICS,21.0
2017-08-05,7,PLAYERS AND ELECTRONICS,19.0
2017-08-06,7,PLAYERS AND ELECTRONICS,9.0
2017-08-07,7,PLAYERS AND ELECTRONICS,12.0
2017-08-08,7,PLAYERS AND ELECTRONICS,7.0
2017-08-09,7,PLAYERS AND ELECTRONICS,14.0
2017-08-10,7,PLAYERS AND ELECTRONICS,15.0
2017-08-11,7,PLAYERS AND ELECTRONICS,13.0
2017-08-12,7,PLAYERS AND ELECTRONICS,11.0
2017-08-13,7,PLAYERS AND ELECTRONICS,22.0
2017-08-14,7,PLAYERS AND ELECTRONICS,14.0
2017-08-15,7,PLAYERS AND ELECTRONICS,19.0
2017-08-02,7,POULTRY,687.367
2017-08-03,7,POULTRY,528.356
2017-08-04,7,POULTRY,875.81
2017-08-05,7,POULTRY,551.747
2017-08-06,7,POULTRY,576.611
2017-08-07,7,POULTRY,613.869
2017-08-08,7,POULTRY,676.474
2017-08-09,7,POULTRY,607.70703
2017-08-10,7,POULTRY,556.61
2017-08-11,7,POULTRY,629.61597
2017-08-12,7,POULTRY,476.67902
2017-08-13,7,POULTRY,487.113
2017-08-14,7,POULTRY,745.509
2017-08-15,7,POULTRY,622.673
2017-08-02,7,PREPARED FOODS,142.694
2017-08-03,7,PREPARED FOODS,107.822
2017-08-04,7,PREPARED FOODS,110.826004
2017-08-05,7,PREPARED FOODS,141.537
2017-08-06,7,PREPARED FOODS,158.862
2017-08-07,7,PREPARED FOODS,134.677
2017-08-08,7,PREPARED FOODS,86.256
2017-08-09,7,PREPARED FOODS,120.619
2017-08-10,7,PREPARED FOODS,124.843
2017-08-11,7,PREPARED FOODS,149.645
2017-08-12,7,PREPARED FOODS,112.963
2017-08-13,7,PREPARED FOODS,94.795
2017-08-14,7,PREPARED FOODS,127.118
2017-08-15,7,PREPARED FOODS,136.361
2017-08-02,7,PRODUCE,7296.731
2017-08-03,7,PRODUCE,4388.291
2017-08-04,7,PRODUCE,4449.373
2017-08-05,7,PRODUCE,4185.951
2017-08-06,7,PRODUCE,4308.022
2017-08-07,7,PRODUCE,5247.402
2017-08-08,7,PRODUCE,4352.082
2017-08-09,7,PRODUCE,6383.816
2017-08-10,7,PRODUCE,3838.226
2017-08-11,7,PRODUCE,3733.525
2017-08-12,7,PRODUCE,3984.352
2017-08-13,7,PRODUCE,4015.785
2017-08-14,7,PRODUCE,5838.443
2017-08-15,7,PRODUCE,5113.961
2017-08-02,7,SCHOOL AND OFFICE SUPPLIES,1.0
2017-08-03,7,SCHOOL AND OFFICE SUPPLIES,1.0
2017-08-04,7,SCHOOL AND OFFICE SUPPLIES,0.0
2017-08-05,7,SCHOOL AND OFFICE SUPPLIES,0.0
2017-08-06,7,SCHOOL AND OFFICE SUPPLIES,0.0
2017-08-07,7,SCHOOL AND OFFICE SUPPLIES,0.0
2017-08-08,7,SCHOOL AND OFFICE SUPPLIES,0.0
2017-08-09,7,SCHOOL AND OFFICE SUPPLIES,0.0
2017-08-10,7,SCHOOL AND OFFICE SUPPLIES,0.0
2017-08-11,7,SCHOOL AND OFFICE SUPPLIES,0.0
2017-08-12,7,SCHOOL AND OFFICE SUPPLIES,0.0
2017-08-13,7,SCHOOL AND OFFICE SUPPLIES,0.0
2017-08-14,7,SCHOOL AND OFFICE SUPPLIES,1.0
2017-08-15,7,SCHOOL AND OFFICE SUPPLIES,2.0
2017-08-02,7,SEAFOOD,49.229
2017-08-03,7,SEAFOOD,27.581001
2017-08-04,7,SEAFOOD,65.166
2017-08-05,7,SEAFOOD,41.153
2017-08-06,7,SEAFOOD,28.842
2017-08-07,7,SEAFOOD,39.996002
2017-08-08,7,SEAFOOD,54.424
2017-08-09,7,SEAFOOD,48.765
2017-08-10,7,SEAFOOD,32.756
2017-08-11,7,SEAFOOD,40.477
2017-08-12,7,SEAFOOD,42.545002
2017-08-13,7,SEAFOOD,33.648
2017-08-14,7,SEAFOOD,47.977
2017-08-15,7,SEAFOOD,46.507
2017-08-02,8,AUTOMOTIVE,5.0
2017-08-03,8,AUTOMOTIVE,3.0
2017-08-04,8,AUTOMOTIVE,1.0
2017-08-05,8,AUTOMOTIVE,12.0
2017-08-06,8,AUTOMOTIVE,8.0
2017-08-07,8,AUTOMOTIVE,1.0
2017-08-08,8,AUTOMOTIVE,5.0
2017-08-09,8,AUTOMOTIVE,2.0
2017-08-10,8,AUTOMOTIVE,4.0
2017-08-11,8,AUTOMOTIVE,3.0
2017-08-12,8,AUTOMOTIVE,3.0
2017-08-13,8,AUTOMOTIVE,2.0
2017-08-14,8,AUTOMOTIVE,6.0
2017-08-15,8,AUTOMOTIVE,4.0
2017-08-02,8,BABY CARE,2.0
2017-08-03,8,BABY CARE,0.0
2017-08-04,8,BABY CARE,2.0
2017-08-05,8,BABY CARE,0.0
2017-08-06,8,BABY CARE,3.0
2017-08-07,8,BABY CARE,0.0
2017-08-08,8,BABY CARE,1.0
2017-08-09,8,BABY CARE,0.0
2017-08-10,8,BABY CARE,1.0
2017-08-11,8,BABY CARE,1.0
2017-08-12,8,BABY CARE,0.0
2017-08-13,8,BABY CARE,1.0
2017-08-14,8,BABY CARE,3.0
2017-08-15,8,BABY CARE,1.0
2017-08-02,8,BEAUTY,12.0
2017-08-03,8,BEAUTY,9.0
2017-08-04,8,BEAUTY,15.0
2017-08-05,8,BEAUTY,21.0
2017-08-06,8,BEAUTY,19.0
2017-08-07,8,BEAUTY,7.0
2017-08-08,8,BEAUTY,4.0
2017-08-09,8,BEAUTY,15.0
2017-08-10,8,BEAUTY,7.0
2017-08-11,8,BEAUTY,13.0
2017-08-12,8,BEAUTY,21.0
2017-08-13,8,BEAUTY,8.0
2017-08-14,8,BEAUTY,7.0
2017-08-15,8,BEAUTY,8.0
2017-08-02,8,BEVERAGES,4855.0
2017-08-03,8,BEVERAGES,4073.0
2017-08-04,8,BEVERAGES,4572.0
2017-08-05,8,BEVERAGES,6347.0
2017-08-06,8,BEVERAGES,6246.0
2017-08-07,8,BEVERAGES,4070.0
2017-08-08,8,BEVERAGES,3456.0
2017-08-09,8,BEVERAGES,4476.0
2017-08-10,8,BEVERAGES,3779.0
2017-08-11,8,BEVERAGES,4075.0
2017-08-12,8,BEVERAGES,4355.0
2017-08-13,8,BEVERAGES,4761.0
2017-08-14,8,BEVERAGES,3923.0
2017-08-15,8,BEVERAGES,3626.0
2017-08-02,8,BOOKS,0.0
2017-08-03,8,BOOKS,0.0
2017-08-04,8,BOOKS,0.0
2017-08-05,8,BOOKS,0.0
2017-08-06,8,BOOKS,0.0
2017-08-07,8,BOOKS,0.0
2017-08-08,8,BOOKS,0.0
2017-08-09,8,BOOKS,0.0
2017-08-10,8,BOOKS,0.0
2017-08-11,8,BOOKS,0.0
2017-08-12,8,BOOKS,0.0
2017-08-13,8,BOOKS,0.0
2017-08-14,8,BOOKS,0.0
2017-08-15,8,BOOKS,0.0
2017-08-02,8,BREAD/BAKERY,889.453
2017-08-03,8,BREAD/BAKERY,749.665
2017-08-04,8,BREAD/BAKERY,895.829
2017-08-05,8,BREAD/BAKERY,863.047
2017-08-06,8,BREAD/BAKERY,924.316
2017-08-07,8,BREAD/BAKERY,727.605
2017-08-08,8,BREAD/BAKERY,759.902
2017-08-09,8,BREAD/BAKERY,783.058
2017-08-10,8,BREAD/BAKERY,676.615
2017-08-11,8,BREAD/BAKERY,655.41
2017-08-12,8,BREAD/BAKERY,809.417
2017-08-13,8,BREAD/BAKERY,793.814
2017-08-14,8,BREAD/BAKERY,815.009
2017-08-15,8,BREAD/BAKERY,740.434
2017-08-02,8,CELEBRATION,23.0
2017-08-03,8,CELEBRATION,28.0
2017-08-04,8,CELEBRATION,31.0
2017-08-05,8,CELEBRATION,19.0
2017-08-06,8,CELEBRATION,12.0
2017-08-07,8,CELEBRATION,14.0
2017-08-08,8,CELEBRATION,15.0
2017-08-09,8,CELEBRATION,20.0
2017-08-10,8,CELEBRATION,30.0
2017-08-11,8,CELEBRATION,16.0
2017-08-12,8,CELEBRATION,29.0
2017-08-13,8,CELEBRATION,5.0
2017-08-14,8,CELEBRATION,20.0
2017-08-15,8,CELEBRATION,13.0
2017-08-02,8,CLEANING,1569.0
2017-08-03,8,CLEANING,1118.0
2017-08-04,8,CLEANING,1194.0
2017-08-05,8,CLEANING,1480.0
2017-08-06,8,CLEANING,1407.0
2017-08-07,8,CLEANING,1132.0
2017-08-08,8,CLEANING,931.0
2017-08-09,8,CLEANING,1140.0
2017-08-10,8,CLEANING,948.0
2017-08-11,8,CLEANING,841.0
2017-08-12,8,CLEANING,1015.0
2017-08-13,8,CLEANING,1131.0
2017-08-14,8,CLEANING,1126.0
2017-08-15,8,CLEANING,1198.0
2017-08-02,8,DAIRY,1580.0
2017-08-03,8,DAIRY,1233.0
2017-08-04,8,DAIRY,1500.0
2017-08-05,8,DAIRY,1816.0
2017-08-06,8,DAIRY,1684.0
2017-08-07,8,DAIRY,1329.0
2017-08-08,8,DAIRY,1081.0
2017-08-09,8,DAIRY,1286.0
2017-08-10,8,DAIRY,1163.0
2017-08-11,8,DAIRY,1275.0
2017-08-12,8,DAIRY,1280.0
2017-08-13,8,DAIRY,1526.0
2017-08-14,8,DAIRY,1411.0
2017-08-15,8,DAIRY,1330.0
2017-08-02,8,DELI,303.987
2017-08-03,8,DELI,231.086
2017-08-04,8,DELI,317.714
2017-08-05,8,DELI,359.124
2017-08-06,8,DELI,385.034
2017-08-07,8,DELI,211.047
2017-08-08,8,DELI,243.556
2017-08-09,8,DELI,234.87
2017-08-10,8,DELI,232.795
2017-08-11,8,DELI,309.323
2017-08-12,8,DELI,250.70801
2017-08-13,8,DELI,268.323
2017-08-14,8,DELI,264.137
2017-08-15,8,DELI,276.639
2017-08-02,8,EGGS,344.0
2017-08-03,8,EGGS,257.0
2017-08-04,8,EGGS,308.0
2017-08-05,8,EGGS,471.0
2017-08-06,8,EGGS,441.0
2017-08-07,8,EGGS,256.0
2017-08-08,8,EGGS,242.0
2017-08-09,8,EGGS,264.0
2017-08-10,8,EGGS,219.0
2017-08-11,8,EGGS,294.0
2017-08-12,8,EGGS,360.0
2017-08-13,8,EGGS,403.0
2017-08-14,8,EGGS,309.0
2017-08-15,8,EGGS,298.0
2017-08-02,8,FROZEN FOODS,197.163
2017-08-03,8,FROZEN FOODS,126.324
2017-08-04,8,FROZEN FOODS,200.05
2017-08-05,8,FROZEN FOODS,247.093
2017-08-06,8,FROZEN FOODS,163.288
2017-08-07,8,FROZEN FOODS,176.199
2017-08-08,8,FROZEN FOODS,126.0
2017-08-09,8,FROZEN FOODS,149.278
2017-08-10,8,FROZEN FOODS,117.0
2017-08-11,8,FROZEN FOODS,168.462
2017-08-12,8,FROZEN FOODS,167.993
2017-08-13,8,FROZEN FOODS,149.794
2017-08-14,8,FROZEN FOODS,158.578
2017-08-15,8,FROZEN FOODS,158.993
2017-08-02,8,GROCERY I,5527.0
2017-08-03,8,GROCERY I,4160.0
2017-08-04,8,GROCERY I,5176.0
2017-08-05,8,GROCERY I,6341.0
2017-08-06,8,GROCERY I,5827.0
2017-08-07,8,GROCERY I,4468.0
2017-08-08,8,GROCERY I,3819.0
2017-08-09,8,GROCERY I,4522.0
2017-08-10,8,GROCERY I,3915.0
2017-08-11,8,GROCERY I,4318.0
2017-08-12,8,GROCERY I,4734.0
2017-08-13,8,GROCERY I,5050.0
2017-08-14,8,GROCERY I,4354.0
2017-08-15,8,GROCERY I,4035.0
2017-08-02,8,GROCERY II,40.0
2017-08-03,8,GROCERY II,35.0
2017-08-04,8,GROCERY II,45.0
2017-08-05,8,GROCERY II,36.0
2017-08-06,8,GROCERY II,66.0
2017-08-07,8,GROCERY II,38.0
2017-08-08,8,GROCERY II,48.0
2017-08-09,8,GROCERY II,30.0
2017-08-10,8,GROCERY II,29.0
2017-08-11,8,GROCERY II,48.0
2017-08-12,8,GROCERY II,43.0
2017-08-13,8,GROCERY II,53.0
2017-08-14,8,GROCERY II,49.0
2017-08-15,8,GROCERY II,27.0
2017-08-02,8,HARDWARE,6.0
2017-08-03,8,HARDWARE,1.0
2017-08-04,8,HARDWARE,3.0
2017-08-05,8,HARDWARE,2.0
2017-08-06,8,HARDWARE,3.0
2017-08-07,8,HARDWARE,2.0
2017-08-08,8,HARDWARE,2.0
2017-08-09,8,HARDWARE,1.0
2017-08-10,8,HARDWARE,1.0
2017-08-11,8,HARDWARE,1.0
2017-08-12,8,HARDWARE,2.0
2017-08-13,8,HARDWARE,9.0
2017-08-14,8,HARDWARE,7.0
2017-08-15,8,HARDWARE,0.0
2017-08-02,8,HOME AND KITCHEN I,37.0
2017-08-03,8,HOME AND KITCHEN I,21.0
2017-08-04,8,HOME AND KITCHEN I,32.0
2017-08-05,8,HOME AND KITCHEN I,42.0
2017-08-06,8,HOME AND KITCHEN I,40.0
2017-08-07,8,HOME AND KITCHEN I,41.0
2017-08-08,8,HOME AND KITCHEN I,34.0
2017-08-09,8,HOME AND KITCHEN I,60.0
2017-08-10,8,HOME AND KITCHEN I,25.0
2017-08-11,8,HOME AND KITCHEN I,70.0
2017-08-12,8,HOME AND KITCHEN I,47.0
2017-08-13,8,HOME AND KITCHEN I,45.0
2017-08-14,8,HOME AND KITCHEN I,21.0
2017-08-15,8,HOME AND KITCHEN I,40.0
2017-08-02,8,HOME AND KITCHEN II,70.0
2017-08-03,8,HOME AND KITCHEN II,28.0
2017-08-04,8,HOME AND KITCHEN II,31.0
2017-08-05,8,HOME AND KITCHEN II,59.0
2017-08-06,8,HOME AND KITCHEN II,43.0
2017-08-07,8,HOME AND KITCHEN II,48.0
2017-08-08,8,HOME AND KITCHEN II,36.0
2017-08-09,8,HOME AND KITCHEN II,80.0
2017-08-10,8,HOME AND KITCHEN II,42.0
2017-08-11,8,HOME AND KITCHEN II,45.0
2017-08-12,8,HOME AND KITCHEN II,46.0
2017-08-13,8,HOME AND KITCHEN II,58.0
2017-08-14,8,HOME AND KITCHEN II,40.0
2017-08-15,8,HOME AND KITCHEN II,35.0
2017-08-02,8,HOME APPLIANCES,0.0
2017-08-03,8,HOME APPLIANCES,0.0
2017-08-04,8,HOME APPLIANCES,0.0
2017-08-05,8,HOME APPLIANCES,0.0
2017-08-06,8,HOME APPLIANCES,0.0
2017-08-07,8,HOME APPLIANCES,0.0
2017-08-08,8,HOME APPLIANCES,0.0
2017-08-09,8,HOME APPLIANCES,0.0
2017-08-10,8,HOME APPLIANCES,0.0
2017-08-11,8,HOME APPLIANCES,0.0
2017-08-12,8,HOME APPLIANCES,0.0
2017-08-13,8,HOME APPLIANCES,0.0
2017-08-14,8,HOME APPLIANCES,0.0
2017-08-15,8,HOME APPLIANCES,0.0
2017-08-02,8,HOME CARE,488.0
2017-08-03,8,HOME CARE,282.0
2017-08-04,8,HOME CARE,303.0
2017-08-05,8,HOME CARE,469.0
2017-08-06,8,HOME CARE,432.0
2017-08-07,8,HOME CARE,290.0
2017-08-08,8,HOME CARE,302.0
2017-08-09,8,HOME CARE,272.0
2017-08-10,8,HOME CARE,252.0
2017-08-11,8,HOME CARE,309.0
2017-08-12,8,HOME CARE,291.0
2017-08-13,8,HOME CARE,347.0
2017-08-14,8,HOME CARE,323.0
2017-08-15,8,HOME CARE,321.0
2017-08-02,8,LADIESWEAR,37.0
2017-08-03,8,LADIESWEAR,32.0
2017-08-04,8,LADIESWEAR,49.0
2017-08-05,8,LADIESWEAR,47.0
2017-08-06,8,LADIESWEAR,26.0
2017-08-07,8,LADIESWEAR,10.0
2017-08-08,8,LADIESWEAR,18.0
2017-08-09,8,LADIESWEAR,23.0
2017-08-10,8,LADIESWEAR,17.0
2017-08-11,8,LADIESWEAR,28.0
2017-08-12,8,LADIESWEAR,42.0
2017-08-13,8,LADIESWEAR,30.0
2017-08-14,8,LADIESWEAR,24.0
2017-08-15,8,LADIESWEAR,31.0
2017-08-02,8,LAWN AND GARDEN,44.0
2017-08-03,8,LAWN AND GARDEN,16.0
2017-08-04,8,LAWN AND GARDEN,27.0
2017-08-05,8,LAWN AND GARDEN,53.0
2017-08-06,8,LAWN AND GARDEN,33.0
2017-08-07,8,LAWN AND GARDEN,26.0
2017-08-08,8,LAWN AND GARDEN,33.0
2017-08-09,8,LAWN AND GARDEN,48.0
2017-08-10,8,LAWN AND GARDEN,38.0
2017-08-11,8,LAWN AND GARDEN,35.0
2017-08-12,8,LAWN AND GARDEN,33.0
2017-08-13,8,LAWN AND GARDEN,39.0
2017-08-14,8,LAWN AND GARDEN,32.0
2017-08-15,8,LAWN AND GARDEN,38.0
2017-08-02,8,LINGERIE,10.0
2017-08-03,8,LINGERIE,39.0
2017-08-04,8,LINGERIE,26.0
2017-08-05,8,LINGERIE,14.0
2017-08-06,8,LINGERIE,19.0
2017-08-07,8,LINGERIE,44.0
2017-08-08,8,LINGERIE,12.0
2017-08-09,8,LINGERIE,6.0
2017-08-10,8,LINGERIE,36.0
2017-08-11,8,LINGERIE,22.0
2017-08-12,8,LINGERIE,19.0
2017-08-13,8,LINGERIE,20.0
2017-08-14,8,LINGERIE,22.0
2017-08-15,8,LINGERIE,20.0
2017-08-02,8,"LIQUOR,WINE,BEER",129.0
2017-08-03,8,"LIQUOR,WINE,BEER",158.0
2017-08-04,8,"LIQUOR,WINE,BEER",256.0
2017-08-05,8,"LIQUOR,WINE,BEER",195.0
2017-08-06,8,"LIQUOR,WINE,BEER",114.0
2017-08-07,8,"LIQUOR,WINE,BEER",72.0
2017-08-08,8,"LIQUOR,WINE,BEER",104.0
2017-08-09,8,"LIQUOR,WINE,BEER",126.0
2017-08-10,8,"LIQUOR,WINE,BEER",195.0
2017-08-11,8,"LIQUOR,WINE,BEER",227.0
2017-08-12,8,"LIQUOR,WINE,BEER",204.0
2017-08-13,8,"LIQUOR,WINE,BEER",98.0
2017-08-14,8,"LIQUOR,WINE,BEER",79.0
2017-08-15,8,"LIQUOR,WINE,BEER",142.0
2017-08-02,8,MAGAZINES,17.0
2017-08-03,8,MAGAZINES,7.0
2017-08-04,8,MAGAZINES,15.0
2017-08-05,8,MAGAZINES,38.0
2017-08-06,8,MAGAZINES,27.0
2017-08-07,8,MAGAZINES,31.0
2017-08-08,8,MAGAZINES,27.0
2017-08-09,8,MAGAZINES,21.0
2017-08-10,8,MAGAZINES,19.0
2017-08-11,8,MAGAZINES,11.0
2017-08-12,8,MAGAZINES,30.0
2017-08-13,8,MAGAZINES,22.0
2017-08-14,8,MAGAZINES,12.0
2017-08-15,8,MAGAZINES,20.0
2017-08-02,8,MEATS,444.598
2017-08-03,8,MEATS,437.861
2017-08-04,8,MEATS,746.016
2017-08-05,8,MEATS,515.586
2017-08-06,8,MEATS,458.029
2017-08-07,8,MEATS,397.37
2017-08-08,8,MEATS,354.19
2017-08-09,8,MEATS,402.044
2017-08-10,8,MEATS,368.729
2017-08-11,8,MEATS,515.96
2017-08-12,8,MEATS,389.796
2017-08-13,8,MEATS,421.731
2017-08-14,8,MEATS,428.8
2017-08-15,8,MEATS,359.392
2017-08-02,8,PERSONAL CARE,351.0
2017-08-03,8,PERSONAL CARE,265.0
2017-08-04,8,PERSONAL CARE,332.0
2017-08-05,8,PERSONAL CARE,431.0
2017-08-06,8,PERSONAL CARE,454.0
2017-08-07,8,PERSONAL CARE,291.0
2017-08-08,8,PERSONAL CARE,235.0
2017-08-09,8,PERSONAL CARE,260.0
2017-08-10,8,PERSONAL CARE,269.0
2017-08-11,8,PERSONAL CARE,325.0
2017-08-12,8,PERSONAL CARE,354.0
2017-08-13,8,PERSONAL CARE,438.0
2017-08-14,8,PERSONAL CARE,449.0
2017-08-15,8,PERSONAL CARE,313.0
2017-08-02,8,PET SUPPLIES,20.0
2017-08-03,8,PET SUPPLIES,11.0
2017-08-04,8,PET SUPPLIES,12.0
2017-08-05,8,PET SUPPLIES,41.0
2017-08-06,8,PET SUPPLIES,26.0
2017-08-07,8,PET SUPPLIES,16.0
2017-08-08,8,PET SUPPLIES,15.0
2017-08-09,8,PET SUPPLIES,19.0
2017-08-10,8,PET SUPPLIES,15.0
2017-08-11,8,PET SUPPLIES,17.0
2017-08-12,8,PET SUPPLIES,21.0
2017-08-13,8,PET SUPPLIES,34.0
2017-08-14,8,PET SUPPLIES,13.0
2017-08-15,8,PET SUPPLIES,11.0
2017-08-02,8,PLAYERS AND ELECTRONICS,22.0
2017-08-03,8,PLAYERS AND ELECTRONICS,18.0
2017-08-04,8,PLAYERS AND ELECTRONICS,13.0
2017-08-05,8,PLAYERS AND ELECTRONICS,33.0
2017-08-06,8,PLAYERS AND ELECTRONICS,22.0
2017-08-07,8,PLAYERS AND ELECTRONICS,13.0
2017-08-08,8,PLAYERS AND ELECTRONICS,14.0
2017-08-09,8,PLAYERS AND ELECTRONICS,20.0
2017-08-10,8,PLAYERS AND ELECTRONICS,11.0
2017-08-11,8,PLAYERS AND ELECTRONICS,17.0
2017-08-12,8,PLAYERS AND ELECTRONICS,26.0
2017-08-13,8,PLAYERS AND ELECTRONICS,22.0
2017-08-14,8,PLAYERS AND ELECTRONICS,27.0
2017-08-15,8,PLAYERS AND ELECTRONICS,22.0
2017-08-02,8,POULTRY,618.52
2017-08-03,8,POULTRY,466.613
2017-08-04,8,POULTRY,831.252
2017-08-05,8,POULTRY,720.515
2017-08-06,8,POULTRY,729.71
2017-08-07,8,POULTRY,572.077
2017-08-08,8,POULTRY,444.143
2017-08-09,8,POULTRY,481.08398
2017-08-10,8,POULTRY,437.536
2017-08-11,8,POULTRY,774.147
2017-08-12,8,POULTRY,579.493
2017-08-13,8,POULTRY,618.844
2017-08-14,8,POULTRY,611.781
2017-08-15,8,POULTRY,548.982
2017-08-02,8,PREPARED FOODS,176.196
2017-08-03,8,PREPARED FOODS,112.907
2017-08-04,8,PREPARED FOODS,164.27701
2017-08-05,8,PREPARED FOODS,201.574
2017-08-06,8,PREPARED FOODS,182.282
2017-08-07,8,PREPARED FOODS,140.124
2017-08-08,8,PREPARED FOODS,111.084
2017-08-09,8,PREPARED FOODS,144.043
2017-08-10,8,PREPARED FOODS,159.784
2017-08-11,8,PREPARED FOODS,114.433
2017-08-12,8,PREPARED FOODS,139.568
2017-08-13,8,PREPARED FOODS,176.765
2017-08-14,8,PREPARED FOODS,153.151
2017-08-15,8,PREPARED FOODS,143.714
2017-08-02,8,PRODUCE,7376.513
2017-08-03,8,PRODUCE,3437.181
2017-08-04,8,PRODUCE,3913.739
2017-08-05,8,PRODUCE,5528.928
2017-08-06,8,PRODUCE,5623.592
2017-08-07,8,PRODUCE,3951.029
2017-08-08,8,PRODUCE,3586.457
2017-08-09,8,PRODUCE,5887.48
2017-08-10,8,PRODUCE,3121.675
2017-08-11,8,PRODUCE,3860.602
2017-08-12,8,PRODUCE,4231.329
2017-08-13,8,PRODUCE,5080.131
2017-08-14,8,PRODUCE,4417.428
2017-08-15,8,PRODUCE,3939.392
2017-08-02,8,SCHOOL AND OFFICE SUPPLIES,3.0
2017-08-03,8,SCHOOL AND OFFICE SUPPLIES,1.0
2017-08-04,8,SCHOOL AND OFFICE SUPPLIES,1.0
2017-08-05,8,SCHOOL AND OFFICE SUPPLIES,0.0
2017-08-06,8,SCHOOL AND OFFICE SUPPLIES,13.0
2017-08-07,8,SCHOOL AND OFFICE SUPPLIES,0.0
2017-08-08,8,SCHOOL AND OFFICE SUPPLIES,2.0
2017-08-09,8,SCHOOL AND OFFICE SUPPLIES,1.0
2017-08-10,8,SCHOOL AND OFFICE SUPPLIES,0.0
2017-08-11,8,SCHOOL AND OFFICE SUPPLIES,2.0
2017-08-12,8,SCHOOL AND OFFICE SUPPLIES,0.0
2017-08-13,8,SCHOOL AND OFFICE SUPPLIES,0.0
2017-08-14,8,SCHOOL AND OFFICE SUPPLIES,1.0
2017-08-15,8,SCHOOL AND OFFICE SUPPLIES,0.0
2017-08-02,8,SEAFOOD,53.205
2017-08-03,8,SEAFOOD,30.152
2017-08-04,8,SEAFOOD,70.834
2017-08-05,8,SEAFOOD,50.328
2017-08-06,8,SEAFOOD,26.063
2017-08-07,8,SEAFOOD,47.34
2017-08-08,8,SEAFOOD,28.035
2017-08-09,8,SEAFOOD,35.36
2017-08-10,8,SEAFOOD,29.789
2017-08-11,8,SEAFOOD,48.734
2017-08-12,8,SEAFOOD,25.244
2017-08-13,8,SEAFOOD,35.258
2017-08-14,8,SEAFOOD,33.253
2017-08-15,8,SEAFOOD,23.33
2017-08-02,9,AUTOMOTIVE,14.0
2017-08-03,9,AUTOMOTIVE,21.0
2017-08-04,9,AUTOMOTIVE,17.0
2017-08-05,9,AUTOMOTIVE,25.0
2017-08-06,9,AUTOMOTIVE,17.0
2017-08-07,9,AUTOMOTIVE,6.0
2017-08-08,9,AUTOMOTIVE,10.0
2017-08-09,9,AUTOMOTIVE,13.0
2017-08-10,9,AUTOMOTIVE,15.0
2017-08-11,9,AUTOMOTIVE,18.0
2017-08-12,9,AUTOMOTIVE,8.0
2017-08-13,9,AUTOMOTIVE,15.0
2017-08-14,9,AUTOMOTIVE,8.0
2017-08-15,9,AUTOMOTIVE,15.0
2017-08-02,9,BABY CARE,0.0
2017-08-03,9,BABY CARE,0.0
2017-08-04,9,BABY CARE,0.0
2017-08-05,9,BABY CARE,3.0
2017-08-06,9,BABY CARE,2.0
2017-08-07,9,BABY CARE,0.0
2017-08-08,9,BABY CARE,0.0
2017-08-09,9,BABY CARE,2.0
2017-08-10,9,BABY CARE,0.0
2017-08-11,9,BABY CARE,1.0
2017-08-12,9,BABY CARE,0.0
2017-08-13,9,BABY CARE,0.0
2017-08-14,9,BABY CARE,0.0
2017-08-15,9,BABY CARE,0.0
2017-08-02,9,BEAUTY,8.0
2017-08-03,9,BEAUTY,4.0
2017-08-04,9,BEAUTY,9.0
2017-08-05,9,BEAUTY,10.0
2017-08-06,9,BEAUTY,14.0
2017-08-07,9,BEAUTY,11.0
2017-08-08,9,BEAUTY,15.0
2017-08-09,9,BEAUTY,10.0
2017-08-10,9,BEAUTY,15.0
2017-08-11,9,BEAUTY,4.0
2017-08-12,9,BEAUTY,14.0
2017-08-13,9,BEAUTY,15.0
2017-08-14,9,BEAUTY,4.0
2017-08-15,9,BEAUTY,10.0
2017-08-02,9,BEVERAGES,3763.0
2017-08-03,9,BEVERAGES,3944.0
2017-08-04,9,BEVERAGES,3325.0
2017-08-05,9,BEVERAGES,4346.0
2017-08-06,9,BEVERAGES,5732.0
2017-08-07,9,BEVERAGES,4597.0
2017-08-08,9,BEVERAGES,3212.0
2017-08-09,9,BEVERAGES,2686.0
2017-08-10,9,BEVERAGES,2465.0
2017-08-11,9,BEVERAGES,2619.0
2017-08-12,9,BEVERAGES,3374.0
2017-08-13,9,BEVERAGES,3752.0
2017-08-14,9,BEVERAGES,3367.0
2017-08-15,9,BEVERAGES,3530.0
2017-08-02,9,BOOKS,0.0
2017-08-03,9,BOOKS,0.0
2017-08-04,9,BOOKS,0.0
2017-08-05,9,BOOKS,0.0
2017-08-06,9,BOOKS,0.0
2017-08-07,9,BOOKS,0.0
2017-08-08,9,BOOKS,0.0
2017-08-09,9,BOOKS,0.0
2017-08-10,9,BOOKS,0.0
2017-08-11,9,BOOKS,0.0
2017-08-12,9,BOOKS,0.0
2017-08-13,9,BOOKS,0.0
2017-08-14,9,BOOKS,0.0
2017-08-15,9,BOOKS,0.0
2017-08-02,9,BREAD/BAKERY,491.0
2017-08-03,9,BREAD/BAKERY,445.0
2017-08-04,9,BREAD/BAKERY,426.0
2017-08-05,9,BREAD/BAKERY,558.0
2017-08-06,9,BREAD/BAKERY,653.0
2017-08-07,9,BREAD/BAKERY,547.0
2017-08-08,9,BREAD/BAKERY,461.0
2017-08-09,9,BREAD/BAKERY,423.0
2017-08-10,9,BREAD/BAKERY,309.0
2017-08-11,9,BREAD/BAKERY,387.0
2017-08-12,9,BREAD/BAKERY,457.0
2017-08-13,9,BREAD/BAKERY,485.0
2017-08-14,9,BREAD/BAKERY,447.0
2017-08-15,9,BREAD/BAKERY,528.0
2017-08-02,9,CELEBRATION,9.0
2017-08-03,9,CELEBRATION,5.0
2017-08-04,9,CELEBRATION,11.0
2017-08-05,9,CELEBRATION,25.0
2017-08-06,9,CELEBRATION,25.0
2017-08-07,9,CELEBRATION,11.0
2017-08-08,9,CELEBRATION,18.0
2017-08-09,9,CELEBRATION,20.0
2017-08-10,9,CELEBRATION,16.0
2017-08-11,9,CELEBRATION,10.0
2017-08-12,9,CELEBRATION,18.0
2017-08-13,9,CELEBRATION,11.0
2017-08-14,9,CELEBRATION,12.0
2017-08-15,9,CELEBRATION,16.0
2017-08-02,9,CLEANING,2400.0
2017-08-03,9,CLEANING,2182.0
2017-08-04,9,CLEANING,1769.0
2017-08-05,9,CLEANING,2030.0
2017-08-06,9,CLEANING,2225.0
2017-08-07,9,CLEANING,1862.0
2017-08-08,9,CLEANING,1323.0
2017-08-09,9,CLEANING,1319.0
2017-08-10,9,CLEANING,1085.0
2017-08-11,9,CLEANING,1496.0
2017-08-12,9,CLEANING,1341.0
2017-08-13,9,CLEANING,1655.0
2017-08-14,9,CLEANING,1429.0
2017-08-15,9,CLEANING,1439.0
2017-08-02,9,DAIRY,985.0
2017-08-03,9,DAIRY,782.0
2017-08-04,9,DAIRY,815.0
2017-08-05,9,DAIRY,962.0
2017-08-06,9,DAIRY,1098.0
2017-08-07,9,DAIRY,939.0
2017-08-08,9,DAIRY,725.0
2017-08-09,9,DAIRY,687.0
2017-08-10,9,DAIRY,555.0
2017-08-11,9,DAIRY,738.0
2017-08-12,9,DAIRY,767.0
2017-08-13,9,DAIRY,795.0
2017-08-14,9,DAIRY,746.0
2017-08-15,9,DAIRY,835.0
2017-08-02,9,DELI,541.72
2017-08-03,9,DELI,597.75
2017-08-04,9,DELI,683.422
2017-08-05,9,DELI,667.889
2017-08-06,9,DELI,822.642
2017-08-07,9,DELI,559.999
2017-08-08,9,DELI,469.23
2017-08-09,9,DELI,451.742
2017-08-10,9,DELI,420.792
2017-08-11,9,DELI,636.69
2017-08-12,9,DELI,477.783
2017-08-13,9,DELI,503.209
2017-08-14,9,DELI,493.971
2017-08-15,9,DELI,551.713
2017-08-02,9,EGGS,257.0
2017-08-03,9,EGGS,176.0
2017-08-04,9,EGGS,168.0
2017-08-05,9,EGGS,135.0
2017-08-06,9,EGGS,376.0
2017-08-07,9,EGGS,307.0
2017-08-08,9,EGGS,211.0
2017-08-09,9,EGGS,123.0
2017-08-10,9,EGGS,123.0
2017-08-11,9,EGGS,106.0
2017-08-12,9,EGGS,163.0
2017-08-13,9,EGGS,161.0
2017-08-14,9,EGGS,277.0
2017-08-15,9,EGGS,244.0
2017-08-02,9,FROZEN FOODS,120.0
2017-08-03,9,FROZEN FOODS,120.44
2017-08-04,9,FROZEN FOODS,92.0
2017-08-05,9,FROZEN FOODS,213.655
2017-08-06,9,FROZEN FOODS,175.644
2017-08-07,9,FROZEN FOODS,96.0
2017-08-08,9,FROZEN FOODS,84.179
2017-08-09,9,FROZEN FOODS,114.14
2017-08-10,9,FROZEN FOODS,110.436
2017-08-11,9,FROZEN FOODS,133.0
2017-08-12,9,FROZEN FOODS,132.903
2017-08-13,9,FROZEN FOODS,62.0
2017-08-14,9,FROZEN FOODS,70.0
2017-08-15,9,FROZEN FOODS,133.738
2017-08-02,9,GROCERY I,8357.344
2017-08-03,9,GROCERY I,7753.242
2017-08-04,9,GROCERY I,7022.867
2017-08-05,9,GROCERY I,8659.883
2017-08-06,9,GROCERY I,9362.75
2017-08-07,9,GROCERY I,7803.914
2017-08-08,9,GROCERY I,5939.219
2017-08-09,9,GROCERY I,5791.375
2017-08-10,9,GROCERY I,4900.531
2017-08-11,9,GROCERY I,5882.578
2017-08-12,9,GROCERY I,6686.109
2017-08-13,9,GROCERY I,6711.156
2017-08-14,9,GROCERY I,5860.789
2017-08-15,9,GROCERY I,6630.383
2017-08-02,9,GROCERY II,4.0
2017-08-03,9,GROCERY II,19.0
2017-08-04,9,GROCERY II,12.0
2017-08-05,9,GROCERY II,8.0
2017-08-06,9,GROCERY II,10.0
2017-08-07,9,GROCERY II,15.0
2017-08-08,9,GROCERY II,10.0
2017-08-09,9,GROCERY II,5.0
2017-08-10,9,GROCERY II,9.0
2017-08-11,9,GROCERY II,14.0
2017-08-12,9,GROCERY II,19.0
2017-08-13,9,GROCERY II,10.0
2017-08-14,9,GROCERY II,6.0
2017-08-15,9,GROCERY II,9.0
2017-08-02,9,HARDWARE,0.0
2017-08-03,9,HARDWARE,4.0
2017-08-04,9,HARDWARE,0.0
2017-08-05,9,HARDWARE,3.0
2017-08-06,9,HARDWARE,1.0
2017-08-07,9,HARDWARE,3.0
2017-08-08,9,HARDWARE,1.0
2017-08-09,9,HARDWARE,1.0
2017-08-10,9,HARDWARE,1.0
2017-08-11,9,HARDWARE,0.0
2017-08-12,9,HARDWARE,3.0
2017-08-13,9,HARDWARE,3.0
2017-08-14,9,HARDWARE,1.0
2017-08-15,9,HARDWARE,1.0
2017-08-02,9,HOME AND KITCHEN I,50.0
2017-08-03,9,HOME AND KITCHEN I,43.0
2017-08-04,9,HOME AND KITCHEN I,33.0
2017-08-05,9,HOME AND KITCHEN I,54.0
2017-08-06,9,HOME AND KITCHEN I,60.0
2017-08-07,9,HOME AND KITCHEN I,63.0
2017-08-08,9,HOME AND KITCHEN I,45.0
2017-08-09,9,HOME AND KITCHEN I,40.0
2017-08-10,9,HOME AND KITCHEN I,50.0
2017-08-11,9,HOME AND KITCHEN I,75.0
2017-08-12,9,HOME AND KITCHEN I,57.0
2017-08-13,9,HOME AND KITCHEN I,58.0
2017-08-14,9,HOME AND KITCHEN I,41.0
2017-08-15,9,HOME AND KITCHEN I,64.0
2017-08-02,9,HOME AND KITCHEN II,41.0
2017-08-03,9,HOME AND KITCHEN II,46.0
2017-08-04,9,HOME AND KITCHEN II,29.0
2017-08-05,9,HOME AND KITCHEN II,74.0
2017-08-06,9,HOME AND KITCHEN II,69.0
2017-08-07,9,HOME AND KITCHEN II,46.0
2017-08-08,9,HOME AND KITCHEN II,26.0
2017-08-09,9,HOME AND KITCHEN II,27.0
2017-08-10,9,HOME AND KITCHEN II,29.0
2017-08-11,9,HOME AND KITCHEN II,35.0
2017-08-12,9,HOME AND KITCHEN II,59.0
2017-08-13,9,HOME AND KITCHEN II,64.0
2017-08-14,9,HOME AND KITCHEN II,43.0
2017-08-15,9,HOME AND KITCHEN II,61.0
2017-08-02,9,HOME APPLIANCES,0.0
2017-08-03,9,HOME APPLIANCES,0.0
2017-08-04,9,HOME APPLIANCES,0.0
2017-08-05,9,HOME APPLIANCES,0.0
2017-08-06,9,HOME APPLIANCES,0.0
2017-08-07,9,HOME APPLIANCES,0.0
2017-08-08,9,HOME APPLIANCES,0.0
2017-08-09,9,HOME APPLIANCES,0.0
2017-08-10,9,HOME APPLIANCES,0.0
2017-08-11,9,HOME APPLIANCES,0.0
2017-08-12,9,HOME APPLIANCES,0.0
2017-08-13,9,HOME APPLIANCES,0.0
2017-08-14,9,HOME APPLIANCES,0.0
2017-08-15,9,HOME APPLIANCES,0.0
2017-08-02,9,HOME CARE,518.0
2017-08-03,9,HOME CARE,492.0
2017-08-04,9,HOME CARE,386.0
2017-08-05,9,HOME CARE,536.0
2017-08-06,9,HOME CARE,513.0
2017-08-07,9,HOME CARE,431.0
2017-08-08,9,HOME CARE,406.0
2017-08-09,9,HOME CARE,359.0
2017-08-10,9,HOME CARE,280.0
2017-08-11,9,HOME CARE,343.0
2017-08-12,9,HOME CARE,409.0
2017-08-13,9,HOME CARE,460.0
2017-08-14,9,HOME CARE,355.0
2017-08-15,9,HOME CARE,373.0
2017-08-02,9,LADIESWEAR,2.0
2017-08-03,9,LADIESWEAR,9.0
2017-08-04,9,LADIESWEAR,11.0
2017-08-05,9,LADIESWEAR,24.0
2017-08-06,9,LADIESWEAR,24.0
2017-08-07,9,LADIESWEAR,18.0
2017-08-08,9,LADIESWEAR,8.0
2017-08-09,9,LADIESWEAR,8.0
2017-08-10,9,LADIESWEAR,1.0
2017-08-11,9,LADIESWEAR,5.0
2017-08-12,9,LADIESWEAR,5.0
2017-08-13,9,LADIESWEAR,14.0
2017-08-14,9,LADIESWEAR,6.0
2017-08-15,9,LADIESWEAR,10.0
2017-08-02,9,LAWN AND GARDEN,5.0
2017-08-03,9,LAWN AND GARDEN,9.0
2017-08-04,9,LAWN AND GARDEN,2.0
2017-08-05,9,LAWN AND GARDEN,5.0
2017-08-06,9,LAWN AND GARDEN,2.0
2017-08-07,9,LAWN AND GARDEN,6.0
2017-08-08,9,LAWN AND GARDEN,1.0
2017-08-09,9,LAWN AND GARDEN,3.0
2017-08-10,9,LAWN AND GARDEN,6.0
2017-08-11,9,LAWN AND GARDEN,3.0
2017-08-12,9,LAWN AND GARDEN,4.0
2017-08-13,9,LAWN AND GARDEN,6.0
2017-08-14,9,LAWN AND GARDEN,8.0
2017-08-15,9,LAWN AND GARDEN,11.0
2017-08-02,9,LINGERIE,4.0
2017-08-03,9,LINGERIE,10.0
2017-08-04,9,LINGERIE,8.0
2017-08-05,9,LINGERIE,8.0
2017-08-06,9,LINGERIE,9.0
2017-08-07,9,LINGERIE,4.0
2017-08-08,9,LINGERIE,8.0
2017-08-09,9,LINGERIE,9.0
2017-08-10,9,LINGERIE,5.0
2017-08-11,9,LINGERIE,8.0
2017-08-12,9,LINGERIE,11.0
2017-08-13,9,LINGERIE,27.0
2017-08-14,9,LINGERIE,4.0
2017-08-15,9,LINGERIE,6.0
2017-08-02,9,"LIQUOR,WINE,BEER",49.0
2017-08-03,9,"LIQUOR,WINE,BEER",39.0
2017-08-04,9,"LIQUOR,WINE,BEER",78.0
2017-08-05,9,"LIQUOR,WINE,BEER",115.0
2017-08-06,9,"LIQUOR,WINE,BEER",60.0
2017-08-07,9,"LIQUOR,WINE,BEER",29.0
2017-08-08,9,"LIQUOR,WINE,BEER",40.0
2017-08-09,9,"LIQUOR,WINE,BEER",51.0
2017-08-10,9,"LIQUOR,WINE,BEER",57.0
2017-08-11,9,"LIQUOR,WINE,BEER",101.0
2017-08-12,9,"LIQUOR,WINE,BEER",129.0
2017-08-13,9,"LIQUOR,WINE,BEER",39.0
2017-08-14,9,"LIQUOR,WINE,BEER",51.0
2017-08-15,9,"LIQUOR,WINE,BEER",25.0
2017-08-02,9,MAGAZINES,2.0
2017-08-03,9,MAGAZINES,3.0
2017-08-04,9,MAGAZINES,2.0
2017-08-05,9,MAGAZINES,2.0
2017-08-06,9,MAGAZINES,0.0
2017-08-07,9,MAGAZINES,0.0
2017-08-08,9,MAGAZINES,3.0
2017-08-09,9,MAGAZINES,5.0
2017-08-10,9,MAGAZINES,3.0
2017-08-11,9,MAGAZINES,5.0
2017-08-12,9,MAGAZINES,2.0
2017-08-13,9,MAGAZINES,3.0
2017-08-14,9,MAGAZINES,12.0
2017-08-15,9,MAGAZINES,11.0
2017-08-02,9,MEATS,345.009
2017-08-03,9,MEATS,559.058
2017-08-04,9,MEATS,349.089
2017-08-05,9,MEATS,365.297
2017-08-06,9,MEATS,491.913
2017-08-07,9,MEATS,321.361
2017-08-08,9,MEATS,274.229
2017-08-09,9,MEATS,328.959
2017-08-10,9,MEATS,484.43402
2017-08-11,9,MEATS,309.245
2017-08-12,9,MEATS,260.298
2017-08-13,9,MEATS,327.206
2017-08-14,9,MEATS,330.975
2017-08-15,9,MEATS,449.228
2017-08-02,9,PERSONAL CARE,556.0
2017-08-03,9,PERSONAL CARE,533.0
2017-08-04,9,PERSONAL CARE,477.0
2017-08-05,9,PERSONAL CARE,570.0
2017-08-06,9,PERSONAL CARE,668.0
2017-08-07,9,PERSONAL CARE,558.0
2017-08-08,9,PERSONAL CARE,454.0
2017-08-09,9,PERSONAL CARE,401.0
2017-08-10,9,PERSONAL CARE,329.0
2017-08-11,9,PERSONAL CARE,373.0
2017-08-12,9,PERSONAL CARE,400.0
2017-08-13,9,PERSONAL CARE,510.0
2017-08-14,9,PERSONAL CARE,445.0
2017-08-15,9,PERSONAL CARE,522.0
2017-08-02,9,PET SUPPLIES,12.0
2017-08-03,9,PET SUPPLIES,10.0
2017-08-04,9,PET SUPPLIES,5.0
2017-08-05,9,PET SUPPLIES,8.0
2017-08-06,9,PET SUPPLIES,12.0
2017-08-07,9,PET SUPPLIES,9.0
2017-08-08,9,PET SUPPLIES,4.0
2017-08-09,9,PET SUPPLIES,5.0
2017-08-10,9,PET SUPPLIES,11.0
2017-08-11,9,PET SUPPLIES,11.0
2017-08-12,9,PET SUPPLIES,7.0
2017-08-13,9,PET SUPPLIES,2.0
2017-08-14,9,PET SUPPLIES,2.0
2017-08-15,9,PET SUPPLIES,6.0
2017-08-02,9,PLAYERS AND ELECTRONICS,10.0
2017-08-03,9,PLAYERS AND ELECTRONICS,11.0
2017-08-04,9,PLAYERS AND ELECTRONICS,8.0
2017-08-05,9,PLAYERS AND ELECTRONICS,17.0
2017-08-06,9,PLAYERS AND ELECTRONICS,13.0
2017-08-07,9,PLAYERS AND ELECTRONICS,5.0
2017-08-08,9,PLAYERS AND ELECTRONICS,3.0
2017-08-09,9,PLAYERS AND ELECTRONICS,4.0
2017-08-10,9,PLAYERS AND ELECTRONICS,4.0
2017-08-11,9,PLAYERS AND ELECTRONICS,2.0
2017-08-12,9,PLAYERS AND ELECTRONICS,10.0
2017-08-13,9,PLAYERS AND ELECTRONICS,9.0
2017-08-14,9,PLAYERS AND ELECTRONICS,14.0
2017-08-15,9,PLAYERS AND ELECTRONICS,6.0
2017-08-02,9,POULTRY,455.65298
2017-08-03,9,POULTRY,425.946
2017-08-04,9,POULTRY,604.974
2017-08-05,9,POULTRY,546.206
2017-08-06,9,POULTRY,612.789
2017-08-07,9,POULTRY,459.03998
2017-08-08,9,POULTRY,358.132
2017-08-09,9,POULTRY,333.132
2017-08-10,9,POULTRY,291.82098
2017-08-11,9,POULTRY,525.224
2017-08-12,9,POULTRY,383.387
2017-08-13,9,POULTRY,412.458
2017-08-14,9,POULTRY,283.429
2017-08-15,9,POULTRY,438.133
2017-08-02,9,PREPARED FOODS,89.135
2017-08-03,9,PREPARED FOODS,83.426
2017-08-04,9,PREPARED FOODS,117.189
2017-08-05,9,PREPARED FOODS,162.324
2017-08-06,9,PREPARED FOODS,155.975
2017-08-07,9,PREPARED FOODS,119.9
2017-08-08,9,PREPARED FOODS,112.954
2017-08-09,9,PREPARED FOODS,123.465
2017-08-10,9,PREPARED FOODS,111.93
2017-08-11,9,PREPARED FOODS,112.1
2017-08-12,9,PREPARED FOODS,129.90399
2017-08-13,9,PREPARED FOODS,105.169
2017-08-14,9,PREPARED FOODS,114.12
2017-08-15,9,PREPARED FOODS,154.553
2017-08-02,9,PRODUCE,1333.885
2017-08-03,9,PRODUCE,1364.578
2017-08-04,9,PRODUCE,1401.674
2017-08-05,9,PRODUCE,1853.346
2017-08-06,9,PRODUCE,1876.198
2017-08-07,9,PRODUCE,1675.091
2017-08-08,9,PRODUCE,2299.715
2017-08-09,9,PRODUCE,1310.448
2017-08-10,9,PRODUCE,1036.439
2017-08-11,9,PRODUCE,1453.078
2017-08-12,9,PRODUCE,1419.264
2017-08-13,9,PRODUCE,1693.607
2017-08-14,9,PRODUCE,1348.425
2017-08-15,9,PRODUCE,2419.729
2017-08-02,9,SCHOOL AND OFFICE SUPPLIES,149.0
2017-08-03,9,SCHOOL AND OFFICE SUPPLIES,139.0
2017-08-04,9,SCHOOL AND OFFICE SUPPLIES,136.0
2017-08-05,9,SCHOOL AND OFFICE SUPPLIES,154.0
2017-08-06,9,SCHOOL AND OFFICE SUPPLIES,195.0
2017-08-07,9,SCHOOL AND OFFICE SUPPLIES,146.0
2017-08-08,9,SCHOOL AND OFFICE SUPPLIES,170.0
2017-08-09,9,SCHOOL AND OFFICE SUPPLIES,83.0
2017-08-10,9,SCHOOL AND OFFICE SUPPLIES,148.0
2017-08-11,9,SCHOOL AND OFFICE SUPPLIES,140.0
2017-08-12,9,SCHOOL AND OFFICE SUPPLIES,138.0
2017-08-13,9,SCHOOL AND OFFICE SUPPLIES,200.0
2017-08-14,9,SCHOOL AND OFFICE SUPPLIES,182.0
2017-08-15,9,SCHOOL AND OFFICE SUPPLIES,121.0
2017-08-02,9,SEAFOOD,24.689
2017-08-03,9,SEAFOOD,21.778
2017-08-04,9,SEAFOOD,13.0
2017-08-05,9,SEAFOOD,16.598
2017-08-06,9,SEAFOOD,25.008999
2017-08-07,9,SEAFOOD,23.633
2017-08-08,9,SEAFOOD,15.6779995
2017-08-09,9,SEAFOOD,17.602
2017-08-10,9,SEAFOOD,14.35
2017-08-11,9,SEAFOOD,23.831
2017-08-12,9,SEAFOOD,16.859001
2017-08-13,9,SEAFOOD,20.0
2017-08-14,9,SEAFOOD,17.0
2017-08-15,9,SEAFOOD,16.0
2017-08-02,10,AUTOMOTIVE,0.0
2017-08-03,10,AUTOMOTIVE,2.0
2017-08-04,10,AUTOMOTIVE,4.0
2017-08-05,10,AUTOMOTIVE,2.0
2017-08-06,10,AUTOMOTIVE,2.0
2017-08-07,10,AUTOMOTIVE,3.0
2017-08-08,10,AUTOMOTIVE,0.0
2017-08-09,10,AUTOMOTIVE,3.0
2017-08-10,10,AUTOMOTIVE,0.0
2017-08-11,10,AUTOMOTIVE,2.0
2017-08-12,10,AUTOMOTIVE,2.0
2017-08-13,10,AUTOMOTIVE,0.0
2017-08-14,10,AUTOMOTIVE,1.0
2017-08-15,10,AUTOMOTIVE,4.0
2017-08-02,10,BABY CARE,0.0
2017-08-03,10,BABY CARE,0.0
2017-08-04,10,BABY CARE,0.0
2017-08-05,10,BABY CARE,0.0
2017-08-06,10,BABY CARE,0.0
2017-08-07,10,BABY CARE,0.0
2017-08-08,10,BABY CARE,0.0
2017-08-09,10,BABY CARE,0.0
2017-08-10,10,BABY CARE,0.0
2017-08-11,10,BABY CARE,0.0
2017-08-12,10,BABY CARE,0.0
2017-08-13,10,BABY CARE,0.0
2017-08-14,10,BABY CARE,0.0
2017-08-15,10,BABY CARE,0.0
2017-08-02,10,BEAUTY,2.0
2017-08-03,10,BEAUTY,1.0
2017-08-04,10,BEAUTY,1.0
2017-08-05,10,BEAUTY,3.0
2017-08-06,10,BEAUTY,3.0
2017-08-07,10,BEAUTY,2.0
2017-08-08,10,BEAUTY,1.0
2017-08-09,10,BEAUTY,0.0
2017-08-10,10,BEAUTY,0.0
2017-08-11,10,BEAUTY,2.0
2017-08-12,10,BEAUTY,3.0
2017-08-13,10,BEAUTY,5.0
2017-08-14,10,BEAUTY,6.0
2017-08-15,10,BEAUTY,4.0
2017-08-02,10,BEVERAGES,1250.0
2017-08-03,10,BEVERAGES,1569.0
2017-08-04,10,BEVERAGES,1658.0
2017-08-05,10,BEVERAGES,1819.0
2017-08-06,10,BEVERAGES,1671.0
2017-08-07,10,BEVERAGES,1393.0
2017-08-08,10,BEVERAGES,1591.0
2017-08-09,10,BEVERAGES,1188.0
2017-08-10,10,BEVERAGES,1676.0
2017-08-11,10,BEVERAGES,1459.0
2017-08-12,10,BEVERAGES,1332.0
2017-08-13,10,BEVERAGES,1526.0
2017-08-14,10,BEVERAGES,1129.0
2017-08-15,10,BEVERAGES,1608.0
2017-08-02,10,BOOKS,0.0
2017-08-03,10,BOOKS,0.0
2017-08-04,10,BOOKS,0.0
2017-08-05,10,BOOKS,0.0
2017-08-06,10,BOOKS,0.0
2017-08-07,10,BOOKS,0.0
2017-08-08,10,BOOKS,0.0
2017-08-09,10,BOOKS,0.0
2017-08-10,10,BOOKS,0.0
2017-08-11,10,BOOKS,0.0
2017-08-12,10,BOOKS,0.0
2017-08-13,10,BOOKS,0.0
2017-08-14,10,BOOKS,0.0
2017-08-15,10,BOOKS,0.0
2017-08-02,10,BREAD/BAKERY,103.0
2017-08-03,10,BREAD/BAKERY,101.0
2017-08-04,10,BREAD/BAKERY,99.0
2017-08-05,10,BREAD/BAKERY,139.0
2017-08-06,10,BREAD/BAKERY,150.0
2017-08-07,10,BREAD/BAKERY,113.0
2017-08-08,10,BREAD/BAKERY,148.0
2017-08-09,10,BREAD/BAKERY,65.0
2017-08-10,10,BREAD/BAKERY,72.0
2017-08-11,10,BREAD/BAKERY,76.0
2017-08-12,10,BREAD/BAKERY,113.0
2017-08-13,10,BREAD/BAKERY,119.0
2017-08-14,10,BREAD/BAKERY,82.0
2017-08-15,10,BREAD/BAKERY,112.0
2017-08-02,10,CELEBRATION,3.0
2017-08-03,10,CELEBRATION,3.0
2017-08-04,10,CELEBRATION,5.0
2017-08-05,10,CELEBRATION,10.0
2017-08-06,10,CELEBRATION,3.0
2017-08-07,10,CELEBRATION,2.0
2017-08-08,10,CELEBRATION,6.0
2017-08-09,10,CELEBRATION,2.0
2017-08-10,10,CELEBRATION,6.0
2017-08-11,10,CELEBRATION,5.0
2017-08-12,10,CELEBRATION,5.0
2017-08-13,10,CELEBRATION,6.0
2017-08-14,10,CELEBRATION,3.0
2017-08-15,10,CELEBRATION,2.0
2017-08-02,10,CLEANING,927.0
2017-08-03,10,CLEANING,899.0
2017-08-04,10,CLEANING,795.0
2017-08-05,10,CLEANING,967.0
2017-08-06,10,CLEANING,954.0
2017-08-07,10,CLEANING,735.0
2017-08-08,10,CLEANING,744.0
2017-08-09,10,CLEANING,695.0
2017-08-10,10,CLEANING,573.0
2017-08-11,10,CLEANING,532.0
2017-08-12,10,CLEANING,676.0
2017-08-13,10,CLEANING,670.0
2017-08-14,10,CLEANING,710.0
2017-08-15,10,CLEANING,731.0
2017-08-02,10,DAIRY,416.0
2017-08-03,10,DAIRY,336.0
2017-08-04,10,DAIRY,225.0
2017-08-05,10,DAIRY,371.0
2017-08-06,10,DAIRY,401.0
2017-08-07,10,DAIRY,332.0
2017-08-08,10,DAIRY,305.0
2017-08-09,10,DAIRY,462.0
2017-08-10,10,DAIRY,211.0
2017-08-11,10,DAIRY,251.0
2017-08-12,10,DAIRY,255.0
2017-08-13,10,DAIRY,270.0
2017-08-14,10,DAIRY,253.0
2017-08-15,10,DAIRY,328.0
2017-08-02,10,DELI,241.0
2017-08-03,10,DELI,367.0
2017-08-04,10,DELI,381.0
2017-08-05,10,DELI,304.0
2017-08-06,10,DELI,426.0
2017-08-07,10,DELI,273.0
2017-08-08,10,DELI,294.0
2017-08-09,10,DELI,274.0
2017-08-10,10,DELI,140.0
2017-08-11,10,DELI,269.0
2017-08-12,10,DELI,276.0
2017-08-13,10,DELI,251.0
2017-08-14,10,DELI,313.0
2017-08-15,10,DELI,175.0
2017-08-02,10,EGGS,22.0
2017-08-03,10,EGGS,15.0
2017-08-04,10,EGGS,21.0
2017-08-05,10,EGGS,106.0
2017-08-06,10,EGGS,47.0
2017-08-07,10,EGGS,101.0
2017-08-08,10,EGGS,69.0
2017-08-09,10,EGGS,72.0
2017-08-10,10,EGGS,10.0
2017-08-11,10,EGGS,23.0
2017-08-12,10,EGGS,17.0
2017-08-13,10,EGGS,62.0
2017-08-14,10,EGGS,122.0
2017-08-15,10,EGGS,40.0
2017-08-02,10,FROZEN FOODS,52.0
2017-08-03,10,FROZEN FOODS,38.0
2017-08-04,10,FROZEN FOODS,43.0
2017-08-05,10,FROZEN FOODS,54.0
2017-08-06,10,FROZEN FOODS,46.0
2017-08-07,10,FROZEN FOODS,47.0
2017-08-08,10,FROZEN FOODS,29.0
2017-08-09,10,FROZEN FOODS,29.0
2017-08-10,10,FROZEN FOODS,23.0
2017-08-11,10,FROZEN FOODS,36.0
2017-08-12,10,FROZEN FOODS,28.0
2017-08-13,10,FROZEN FOODS,42.0
2017-08-14,10,FROZEN FOODS,38.0
2017-08-15,10,FROZEN FOODS,49.0
2017-08-02,10,GROCERY I,3098.0
2017-08-03,10,GROCERY I,3268.0
2017-08-04,10,GROCERY I,2933.0
2017-08-05,10,GROCERY I,3428.0
2017-08-06,10,GROCERY I,3525.0
2017-08-07,10,GROCERY I,2977.0
2017-08-08,10,GROCERY I,3043.0
2017-08-09,10,GROCERY I,2478.0
2017-08-10,10,GROCERY I,2308.0
2017-08-11,10,GROCERY I,2349.0
2017-08-12,10,GROCERY I,2629.0
2017-08-13,10,GROCERY I,2834.0
2017-08-14,10,GROCERY I,2625.0
2017-08-15,10,GROCERY I,2679.0
2017-08-02,10,GROCERY II,2.0
2017-08-03,10,GROCERY II,5.0
2017-08-04,10,GROCERY II,7.0
2017-08-05,10,GROCERY II,17.0
2017-08-06,10,GROCERY II,5.0
2017-08-07,10,GROCERY II,0.0
2017-08-08,10,GROCERY II,4.0
2017-08-09,10,GROCERY II,2.0
2017-08-10,10,GROCERY II,7.0
2017-08-11,10,GROCERY II,2.0
2017-08-12,10,GROCERY II,4.0
2017-08-13,10,GROCERY II,13.0
2017-08-14,10,GROCERY II,0.0
2017-08-15,10,GROCERY II,5.0
2017-08-02,10,HARDWARE,1.0
2017-08-03,10,HARDWARE,1.0
2017-08-04,10,HARDWARE,0.0
2017-08-05,10,HARDWARE,1.0
2017-08-06,10,HARDWARE,2.0
2017-08-07,10,HARDWARE,1.0
2017-08-08,10,HARDWARE,0.0
2017-08-09,10,HARDWARE,0.0
2017-08-10,10,HARDWARE,0.0
2017-08-11,10,HARDWARE,0.0
2017-08-12,10,HARDWARE,0.0
2017-08-13,10,HARDWARE,0.0
2017-08-14,10,HARDWARE,1.0
2017-08-15,10,HARDWARE,1.0
2017-08-02,10,HOME AND KITCHEN I,7.0
2017-08-03,10,HOME AND KITCHEN I,13.0
2017-08-04,10,HOME AND KITCHEN I,11.0
2017-08-05,10,HOME AND KITCHEN I,23.0
2017-08-06,10,HOME AND KITCHEN I,13.0
2017-08-07,10,HOME AND KITCHEN I,29.0
2017-08-08,10,HOME AND KITCHEN I,4.0
2017-08-09,10,HOME AND KITCHEN I,7.0
2017-08-10,10,HOME AND KITCHEN I,20.0
2017-08-11,10,HOME AND KITCHEN I,9.0
2017-08-12,10,HOME AND KITCHEN I,5.0
2017-08-13,10,HOME AND KITCHEN I,11.0
2017-08-14,10,HOME AND KITCHEN I,11.0
2017-08-15,10,HOME AND KITCHEN I,5.0
2017-08-02,10,HOME AND KITCHEN II,12.0
2017-08-03,10,HOME AND KITCHEN II,5.0
2017-08-04,10,HOME AND KITCHEN II,9.0
2017-08-05,10,HOME AND KITCHEN II,11.0
2017-08-06,10,HOME AND KITCHEN II,10.0
2017-08-07,10,HOME AND KITCHEN II,8.0
2017-08-08,10,HOME AND KITCHEN II,5.0
2017-08-09,10,HOME AND KITCHEN II,7.0
2017-08-10,10,HOME AND KITCHEN II,2.0
2017-08-11,10,HOME AND KITCHEN II,8.0
2017-08-12,10,HOME AND KITCHEN II,15.0
2017-08-13,10,HOME AND KITCHEN II,13.0
2017-08-14,10,HOME AND KITCHEN II,9.0
2017-08-15,10,HOME AND KITCHEN II,12.0
2017-08-02,10,HOME APPLIANCES,0.0
2017-08-03,10,HOME APPLIANCES,0.0
2017-08-04,10,HOME APPLIANCES,0.0
2017-08-05,10,HOME APPLIANCES,0.0
2017-08-06,10,HOME APPLIANCES,0.0
2017-08-07,10,HOME APPLIANCES,0.0
2017-08-08,10,HOME APPLIANCES,0.0
2017-08-09,10,HOME APPLIANCES,0.0
2017-08-10,10,HOME APPLIANCES,0.0
2017-08-11,10,HOME APPLIANCES,1.0
2017-08-12,10,HOME APPLIANCES,0.0
2017-08-13,10,HOME APPLIANCES,0.0
2017-08-14,10,HOME APPLIANCES,0.0
2017-08-15,10,HOME APPLIANCES,0.0
2017-08-02,10,HOME CARE,210.0
2017-08-03,10,HOME CARE,180.0
2017-08-04,10,HOME CARE,153.0
2017-08-05,10,HOME CARE,231.0
2017-08-06,10,HOME CARE,257.0
2017-08-07,10,HOME CARE,163.0
2017-08-08,10,HOME CARE,176.0
2017-08-09,10,HOME CARE,128.0
2017-08-10,10,HOME CARE,137.0
2017-08-11,10,HOME CARE,128.0
2017-08-12,10,HOME CARE,140.0
2017-08-13,10,HOME CARE,163.0
2017-08-14,10,HOME CARE,156.0
2017-08-15,10,HOME CARE,193.0
2017-08-02,10,LADIESWEAR,0.0
2017-08-03,10,LADIESWEAR,3.0
2017-08-04,10,LADIESWEAR,0.0
2017-08-05,10,LADIESWEAR,3.0
2017-08-06,10,LADIESWEAR,12.0
2017-08-07,10,LADIESWEAR,4.0
2017-08-08,10,LADIESWEAR,3.0
2017-08-09,10,LADIESWEAR,4.0
2017-08-10,10,LADIESWEAR,5.0
2017-08-11,10,LADIESWEAR,2.0
2017-08-12,10,LADIESWEAR,8.0
2017-08-13,10,LADIESWEAR,2.0
2017-08-14,10,LADIESWEAR,2.0
2017-08-15,10,LADIESWEAR,13.0
2017-08-02,10,LAWN AND GARDEN,0.0
2017-08-03,10,LAWN AND GARDEN,0.0
2017-08-04,10,LAWN AND GARDEN,0.0
2017-08-05,10,LAWN AND GARDEN,0.0
2017-08-06,10,LAWN AND GARDEN,0.0
2017-08-07,10,LAWN AND GARDEN,0.0
2017-08-08,10,LAWN AND GARDEN,0.0
2017-08-09,10,LAWN AND GARDEN,0.0
2017-08-10,10,LAWN AND GARDEN,0.0
2017-08-11,10,LAWN AND GARDEN,0.0
2017-08-12,10,LAWN AND GARDEN,0.0
2017-08-13,10,LAWN AND GARDEN,0.0
2017-08-14,10,LAWN AND GARDEN,0.0
2017-08-15,10,LAWN AND GARDEN,0.0
2017-08-02,10,LINGERIE,3.0
2017-08-03,10,LINGERIE,2.0
2017-08-04,10,LINGERIE,2.0
2017-08-05,10,LINGERIE,6.0
2017-08-06,10,LINGERIE,5.0
2017-08-07,10,LINGERIE,1.0
2017-08-08,10,LINGERIE,1.0
2017-08-09,10,LINGERIE,2.0
2017-08-10,10,LINGERIE,2.0
2017-08-11,10,LINGERIE,4.0
2017-08-12,10,LINGERIE,0.0
2017-08-13,10,LINGERIE,1.0
2017-08-14,10,LINGERIE,2.0
2017-08-15,10,LINGERIE,1.0
2017-08-02,10,"LIQUOR,WINE,BEER",4.0
2017-08-03,10,"LIQUOR,WINE,BEER",12.0
2017-08-04,10,"LIQUOR,WINE,BEER",11.0
2017-08-05,10,"LIQUOR,WINE,BEER",48.0
2017-08-06,10,"LIQUOR,WINE,BEER",13.0
2017-08-07,10,"LIQUOR,WINE,BEER",4.0
2017-08-08,10,"LIQUOR,WINE,BEER",8.0
2017-08-09,10,"LIQUOR,WINE,BEER",21.0
2017-08-10,10,"LIQUOR,WINE,BEER",7.0
2017-08-11,10,"LIQUOR,WINE,BEER",14.0
2017-08-12,10,"LIQUOR,WINE,BEER",49.0
2017-08-13,10,"LIQUOR,WINE,BEER",8.0
2017-08-14,10,"LIQUOR,WINE,BEER",11.0
2017-08-15,10,"LIQUOR,WINE,BEER",14.0
2017-08-02,10,MAGAZINES,1.0
2017-08-03,10,MAGAZINES,1.0
2017-08-04,10,MAGAZINES,0.0
2017-08-05,10,MAGAZINES,1.0
2017-08-06,10,MAGAZINES,1.0
2017-08-07,10,MAGAZINES,0.0
2017-08-08,10,MAGAZINES,0.0
2017-08-09,10,MAGAZINES,0.0
2017-08-10,10,MAGAZINES,0.0
2017-08-11,10,MAGAZINES,1.0
2017-08-12,10,MAGAZINES,0.0
2017-08-13,10,MAGAZINES,1.0
2017-08-14,10,MAGAZINES,0.0
2017-08-15,10,MAGAZINES,1.0
2017-08-02,10,MEATS,198.157
2017-08-03,10,MEATS,286.125
2017-08-04,10,MEATS,132.55899
2017-08-05,10,MEATS,216.868
2017-08-06,10,MEATS,238.867
2017-08-07,10,MEATS,200.06801
2017-08-08,10,MEATS,187.48601
2017-08-09,10,MEATS,186.801
2017-08-10,10,MEATS,211.658
2017-08-11,10,MEATS,155.992
2017-08-12,10,MEATS,165.2
2017-08-13,10,MEATS,156.282
2017-08-14,10,MEATS,217.771
2017-08-15,10,MEATS,235.604
2017-08-02,10,PERSONAL CARE,200.0
2017-08-03,10,PERSONAL CARE,195.0
2017-08-04,10,PERSONAL CARE,212.0
2017-08-05,10,PERSONAL CARE,278.0
2017-08-06,10,PERSONAL CARE,254.0
2017-08-07,10,PERSONAL CARE,204.0
2017-08-08,10,PERSONAL CARE,161.0
2017-08-09,10,PERSONAL CARE,141.0
2017-08-10,10,PERSONAL CARE,147.0
2017-08-11,10,PERSONAL CARE,193.0
2017-08-12,10,PERSONAL CARE,151.0
2017-08-13,10,PERSONAL CARE,150.0
2017-08-14,10,PERSONAL CARE,155.0
2017-08-15,10,PERSONAL CARE,176.0
2017-08-02,10,PET SUPPLIES,0.0
2017-08-03,10,PET SUPPLIES,0.0
2017-08-04,10,PET SUPPLIES,0.0
2017-08-05,10,PET SUPPLIES,1.0
2017-08-06,10,PET SUPPLIES,1.0
2017-08-07,10,PET SUPPLIES,0.0
2017-08-08,10,PET SUPPLIES,1.0
2017-08-09,10,PET SUPPLIES,0.0
2017-08-10,10,PET SUPPLIES,1.0
2017-08-11,10,PET SUPPLIES,2.0
2017-08-12,10,PET SUPPLIES,0.0
2017-08-13,10,PET SUPPLIES,1.0
2017-08-14,10,PET SUPPLIES,0.0
2017-08-15,10,PET SUPPLIES,2.0
2017-08-02,10,PLAYERS AND ELECTRONICS,3.0
2017-08-03,10,PLAYERS AND ELECTRONICS,1.0
2017-08-04,10,PLAYERS AND ELECTRONICS,7.0
2017-08-05,10,PLAYERS AND ELECTRONICS,7.0
2017-08-06,10,PLAYERS AND ELECTRONICS,5.0
2017-08-07,10,PLAYERS AND ELECTRONICS,7.0
2017-08-08,10,PLAYERS AND ELECTRONICS,3.0
2017-08-09,10,PLAYERS AND ELECTRONICS,2.0
2017-08-10,10,PLAYERS AND ELECTRONICS,2.0
2017-08-11,10,PLAYERS AND ELECTRONICS,3.0
2017-08-12,10,PLAYERS AND ELECTRONICS,5.0
2017-08-13,10,PLAYERS AND ELECTRONICS,3.0
2017-08-14,10,PLAYERS AND ELECTRONICS,3.0
2017-08-15,10,PLAYERS AND ELECTRONICS,2.0
2017-08-02,10,POULTRY,162.754
2017-08-03,10,POULTRY,159.75
2017-08-04,10,POULTRY,130.927
2017-08-05,10,POULTRY,185.581
2017-08-06,10,POULTRY,185.09601
2017-08-07,10,POULTRY,105.754
2017-08-08,10,POULTRY,151.565
2017-08-09,10,POULTRY,119.395996
2017-08-10,10,POULTRY,120.494995
2017-08-11,10,POULTRY,169.418
2017-08-12,10,POULTRY,146.996
2017-08-13,10,POULTRY,201.742
2017-08-14,10,POULTRY,133.71
2017-08-15,10,POULTRY,102.077
2017-08-02,10,PREPARED FOODS,36.0
2017-08-03,10,PREPARED FOODS,41.0
2017-08-04,10,PREPARED FOODS,25.0
2017-08-05,10,PREPARED FOODS,37.0
2017-08-06,10,PREPARED FOODS,33.0
2017-08-07,10,PREPARED FOODS,36.0
2017-08-08,10,PREPARED FOODS,27.0
2017-08-09,10,PREPARED FOODS,19.0
2017-08-10,10,PREPARED FOODS,54.0
2017-08-11,10,PREPARED FOODS,10.0
2017-08-12,10,PREPARED FOODS,37.0
2017-08-13,10,PREPARED FOODS,13.0
2017-08-14,10,PREPARED FOODS,27.0
2017-08-15,10,PREPARED FOODS,26.0
2017-08-02,10,PRODUCE,307.959
2017-08-03,10,PRODUCE,233.515
2017-08-04,10,PRODUCE,280.433
2017-08-05,10,PRODUCE,264.854
2017-08-06,10,PRODUCE,314.289
2017-08-07,10,PRODUCE,226.311
2017-08-08,10,PRODUCE,416.024
2017-08-09,10,PRODUCE,168.519
2017-08-10,10,PRODUCE,191.106
2017-08-11,10,PRODUCE,224.769
2017-08-12,10,PRODUCE,251.612
2017-08-13,10,PRODUCE,248.518
2017-08-14,10,PRODUCE,220.26
2017-08-15,10,PRODUCE,256.911
2017-08-02,10,SCHOOL AND OFFICE SUPPLIES,0.0
2017-08-03,10,SCHOOL AND OFFICE SUPPLIES,0.0
2017-08-04,10,SCHOOL AND OFFICE SUPPLIES,0.0
2017-08-05,10,SCHOOL AND OFFICE SUPPLIES,0.0
2017-08-06,10,SCHOOL AND OFFICE SUPPLIES,0.0
2017-08-07,10,SCHOOL AND OFFICE SUPPLIES,0.0
2017-08-08,10,SCHOOL AND OFFICE SUPPLIES,4.0
2017-08-09,10,SCHOOL AND OFFICE SUPPLIES,0.0
2017-08-10,10,SCHOOL AND OFFICE SUPPLIES,0.0
2017-08-11,10,SCHOOL AND OFFICE SUPPLIES,0.0
2017-08-12,10,SCHOOL AND OFFICE SUPPLIES,9.0
2017-08-13,10,SCHOOL AND OFFICE SUPPLIES,3.0
2017-08-14,10,SCHOOL AND OFFICE SUPPLIES,5.0
2017-08-15,10,SCHOOL AND OFFICE SUPPLIES,18.0
2017-08-02,10,SEAFOOD,2.0
2017-08-03,10,SEAFOOD,0.0
2017-08-04,10,SEAFOOD,0.0
2017-08-05,10,SEAFOOD,1.0
2017-08-06,10,SEAFOOD,1.0
2017-08-07,10,SEAFOOD,0.0
2017-08-08,10,SEAFOOD,1.0
2017-08-09,10,SEAFOOD,1.0
2017-08-10,10,SEAFOOD,1.0
2017-08-11,10,SEAFOOD,1.0
2017-08-12,10,SEAFOOD,0.0
2017-08-13,10,SEAFOOD,0.0
2017-08-14,10,SEAFOOD,1.0
2017-08-15,10,SEAFOOD,11.0
2017-08-02,11,AUTOMOTIVE,8.0
2017-08-03,11,AUTOMOTIVE,8.0
2017-08-04,11,AUTOMOTIVE,10.0
2017-08-05,11,AUTOMOTIVE,9.0
2017-08-06,11,AUTOMOTIVE,19.0
2017-08-07,11,AUTOMOTIVE,6.0
2017-08-08,11,AUTOMOTIVE,12.0
2017-08-09,11,AUTOMOTIVE,2.0
2017-08-10,11,AUTOMOTIVE,10.0
2017-08-11,11,AUTOMOTIVE,10.0
2017-08-12,11,AUTOMOTIVE,11.0
2017-08-13,11,AUTOMOTIVE,6.0
2017-08-14,11,AUTOMOTIVE,2.0
2017-08-15,11,AUTOMOTIVE,6.0
2017-08-02,11,BABY CARE,0.0
2017-08-03,11,BABY CARE,0.0
2017-08-04,11,BABY CARE,0.0
2017-08-05,11,BABY CARE,0.0
2017-08-06,11,BABY CARE,0.0
2017-08-07,11,BABY CARE,1.0
2017-08-08,11,BABY CARE,0.0
2017-08-09,11,BABY CARE,0.0
2017-08-10,11,BABY CARE,0.0
2017-08-11,11,BABY CARE,0.0
2017-08-12,11,BABY CARE,0.0
2017-08-13,11,BABY CARE,0.0
2017-08-14,11,BABY CARE,1.0
2017-08-15,11,BABY CARE,0.0
2017-08-02,11,BEAUTY,5.0
2017-08-03,11,BEAUTY,13.0
2017-08-04,11,BEAUTY,4.0
2017-08-05,11,BEAUTY,8.0
2017-08-06,11,BEAUTY,5.0
2017-08-07,11,BEAUTY,4.0
2017-08-08,11,BEAUTY,4.0
2017-08-09,11,BEAUTY,1.0
2017-08-10,11,BEAUTY,6.0
2017-08-11,11,BEAUTY,4.0
2017-08-12,11,BEAUTY,2.0
2017-08-13,11,BEAUTY,2.0
2017-08-14,11,BEAUTY,6.0
2017-08-15,11,BEAUTY,7.0
2017-08-02,11,BEVERAGES,5351.0
2017-08-03,11,BEVERAGES,4885.0
2017-08-04,11,BEVERAGES,7066.0
2017-08-05,11,BEVERAGES,5299.0
2017-08-06,11,BEVERAGES,5371.0
2017-08-07,11,BEVERAGES,4420.0
2017-08-08,11,BEVERAGES,4858.0
2017-08-09,11,BEVERAGES,4055.0
2017-08-10,11,BEVERAGES,4596.0
2017-08-11,11,BEVERAGES,5182.0
2017-08-12,11,BEVERAGES,4323.0
2017-08-13,11,BEVERAGES,4741.0
2017-08-14,11,BEVERAGES,4544.0
2017-08-15,11,BEVERAGES,4128.0
2017-08-02,11,BOOKS,0.0
2017-08-03,11,BOOKS,0.0
2017-08-04,11,BOOKS,0.0
2017-08-05,11,BOOKS,0.0
2017-08-06,11,BOOKS,0.0
2017-08-07,11,BOOKS,0.0
2017-08-08,11,BOOKS,0.0
2017-08-09,11,BOOKS,0.0
2017-08-10,11,BOOKS,0.0
2017-08-11,11,BOOKS,0.0
2017-08-12,11,BOOKS,0.0
2017-08-13,11,BOOKS,0.0
2017-08-14,11,BOOKS,0.0
2017-08-15,11,BOOKS,0.0
2017-08-02,11,BREAD/BAKERY,625.0
2017-08-03,11,BREAD/BAKERY,681.0
2017-08-04,11,BREAD/BAKERY,829.0
2017-08-05,11,BREAD/BAKERY,534.0
2017-08-06,11,BREAD/BAKERY,704.0
2017-08-07,11,BREAD/BAKERY,608.0
2017-08-08,11,BREAD/BAKERY,603.0
2017-08-09,11,BREAD/BAKERY,472.0
2017-08-10,11,BREAD/BAKERY,868.0
2017-08-11,11,BREAD/BAKERY,634.0
2017-08-12,11,BREAD/BAKERY,582.0
2017-08-13,11,BREAD/BAKERY,582.0
2017-08-14,11,BREAD/BAKERY,583.0
2017-08-15,11,BREAD/BAKERY,2080.0
2017-08-02,11,CELEBRATION,11.0
2017-08-03,11,CELEBRATION,10.0
2017-08-04,11,CELEBRATION,17.0
2017-08-05,11,CELEBRATION,19.0
2017-08-06,11,CELEBRATION,8.0
2017-08-07,11,CELEBRATION,8.0
2017-08-08,11,CELEBRATION,14.0
2017-08-09,11,CELEBRATION,15.0
2017-08-10,11,CELEBRATION,17.0
2017-08-11,11,CELEBRATION,35.0
2017-08-12,11,CELEBRATION,20.0
2017-08-13,11,CELEBRATION,16.0
2017-08-14,11,CELEBRATION,11.0
2017-08-15,11,CELEBRATION,8.0
2017-08-02,11,CLEANING,2839.0
2017-08-03,11,CLEANING,2138.0
2017-08-04,11,CLEANING,2413.0
2017-08-05,11,CLEANING,2154.0
2017-08-06,11,CLEANING,2482.0
2017-08-07,11,CLEANING,2254.0
2017-08-08,11,CLEANING,1833.0
2017-08-09,11,CLEANING,1724.0
2017-08-10,11,CLEANING,1584.0
2017-08-11,11,CLEANING,1572.0
2017-08-12,11,CLEANING,1453.0
2017-08-13,11,CLEANING,1649.0
2017-08-14,11,CLEANING,1808.0
2017-08-15,11,CLEANING,1892.0
2017-08-02,11,DAIRY,820.0
2017-08-03,11,DAIRY,742.0
2017-08-04,11,DAIRY,668.0
2017-08-05,11,DAIRY,669.0
2017-08-06,11,DAIRY,787.0
2017-08-07,11,DAIRY,702.0
2017-08-08,11,DAIRY,647.0
2017-08-09,11,DAIRY,626.0
2017-08-10,11,DAIRY,575.0
2017-08-11,11,DAIRY,608.0
2017-08-12,11,DAIRY,527.0
2017-08-13,11,DAIRY,569.0
2017-08-14,11,DAIRY,603.0
2017-08-15,11,DAIRY,611.0
2017-08-02,11,DELI,625.449
2017-08-03,11,DELI,553.788
2017-08-04,11,DELI,713.609
2017-08-05,11,DELI,429.869
2017-08-06,11,DELI,592.353
2017-08-07,11,DELI,596.328
2017-08-08,11,DELI,521.632
2017-08-09,11,DELI,473.384
2017-08-10,11,DELI,411.592
2017-08-11,11,DELI,486.824
2017-08-12,11,DELI,447.316
2017-08-13,11,DELI,501.876
2017-08-14,11,DELI,489.08
2017-08-15,11,DELI,489.812
2017-08-02,11,EGGS,162.0
2017-08-03,11,EGGS,154.0
2017-08-04,11,EGGS,272.0
2017-08-05,11,EGGS,168.0
2017-08-06,11,EGGS,315.0
2017-08-07,11,EGGS,262.0
2017-08-08,11,EGGS,307.0
2017-08-09,11,EGGS,177.0
2017-08-10,11,EGGS,340.0
2017-08-11,11,EGGS,163.0
2017-08-12,11,EGGS,170.0
2017-08-13,11,EGGS,338.0
2017-08-14,11,EGGS,275.0
2017-08-15,11,EGGS,438.0
2017-08-02,11,FROZEN FOODS,85.0
2017-08-03,11,FROZEN FOODS,86.0
2017-08-04,11,FROZEN FOODS,86.0
2017-08-05,11,FROZEN FOODS,114.251
2017-08-06,11,FROZEN FOODS,120.0
2017-08-07,11,FROZEN FOODS,63.0
2017-08-08,11,FROZEN FOODS,63.0
2017-08-09,11,FROZEN FOODS,78.0
2017-08-10,11,FROZEN FOODS,77.0
2017-08-11,11,FROZEN FOODS,116.835
2017-08-12,11,FROZEN FOODS,138.0
2017-08-13,11,FROZEN FOODS,129.41699
2017-08-14,11,FROZEN FOODS,48.0
2017-08-15,11,FROZEN FOODS,65.0
2017-08-02,11,GROCERY I,10013.141
2017-08-03,11,GROCERY I,8749.156
2017-08-04,11,GROCERY I,8876.523
2017-08-05,11,GROCERY I,8311.914
2017-08-06,11,GROCERY I,9488.242
2017-08-07,11,GROCERY I,8237.289
2017-08-08,11,GROCERY I,7207.109
2017-08-09,11,GROCERY I,6744.867
2017-08-10,11,GROCERY I,6679.977
2017-08-11,11,GROCERY I,6551.156
2017-08-12,11,GROCERY I,6205.758
2017-08-13,11,GROCERY I,6471.547
2017-08-14,11,GROCERY I,7380.539
2017-08-15,11,GROCERY I,7209.727
2017-08-02,11,GROCERY II,81.0
2017-08-03,11,GROCERY II,48.0
2017-08-04,11,GROCERY II,30.0
2017-08-05,11,GROCERY II,38.0
2017-08-06,11,GROCERY II,21.0
2017-08-07,11,GROCERY II,22.0
2017-08-08,11,GROCERY II,19.0
2017-08-09,11,GROCERY II,14.0
2017-08-10,11,GROCERY II,41.0
2017-08-11,11,GROCERY II,25.0
2017-08-12,11,GROCERY II,27.0
2017-08-13,11,GROCERY II,29.0
2017-08-14,11,GROCERY II,14.0
2017-08-15,11,GROCERY II,14.0
2017-08-02,11,HARDWARE,0.0
2017-08-03,11,HARDWARE,0.0
2017-08-04,11,HARDWARE,1.0
2017-08-05,11,HARDWARE,2.0
2017-08-06,11,HARDWARE,1.0
2017-08-07,11,HARDWARE,2.0
2017-08-08,11,HARDWARE,0.0
2017-08-09,11,HARDWARE,1.0
2017-08-10,11,HARDWARE,1.0
2017-08-11,11,HARDWARE,0.0
2017-08-12,11,HARDWARE,1.0
2017-08-13,11,HARDWARE,0.0
2017-08-14,11,HARDWARE,0.0
2017-08-15,11,HARDWARE,1.0
2017-08-02,11,HOME AND KITCHEN I,23.0
2017-08-03,11,HOME AND KITCHEN I,20.0
2017-08-04,11,HOME AND KITCHEN I,19.0
2017-08-05,11,HOME AND KITCHEN I,56.0
2017-08-06,11,HOME AND KITCHEN I,32.0
2017-08-07,11,HOME AND KITCHEN I,5.0
2017-08-08,11,HOME AND KITCHEN I,25.0
2017-08-09,11,HOME AND KITCHEN I,43.0
2017-08-10,11,HOME AND KITCHEN I,16.0
2017-08-11,11,HOME AND KITCHEN I,47.0
2017-08-12,11,HOME AND KITCHEN I,37.0
2017-08-13,11,HOME AND KITCHEN I,35.0
2017-08-14,11,HOME AND KITCHEN I,13.0
2017-08-15,11,HOME AND KITCHEN I,23.0
2017-08-02,11,HOME AND KITCHEN II,34.0
2017-08-03,11,HOME AND KITCHEN II,38.0
2017-08-04,11,HOME AND KITCHEN II,30.0
2017-08-05,11,HOME AND KITCHEN II,22.0
2017-08-06,11,HOME AND KITCHEN II,25.0
2017-08-07,11,HOME AND KITCHEN II,29.0
2017-08-08,11,HOME AND KITCHEN II,12.0
2017-08-09,11,HOME AND KITCHEN II,16.0
2017-08-10,11,HOME AND KITCHEN II,24.0
2017-08-11,11,HOME AND KITCHEN II,10.0
2017-08-12,11,HOME AND KITCHEN II,13.0
2017-08-13,11,HOME AND KITCHEN II,12.0
2017-08-14,11,HOME AND KITCHEN II,11.0
2017-08-15,11,HOME AND KITCHEN II,14.0
2017-08-02,11,HOME APPLIANCES,0.0
2017-08-03,11,HOME APPLIANCES,0.0
2017-08-04,11,HOME APPLIANCES,1.0
2017-08-05,11,HOME APPLIANCES,0.0
2017-08-06,11,HOME APPLIANCES,1.0
2017-08-07,11,HOME APPLIANCES,0.0
2017-08-08,11,HOME APPLIANCES,0.0
2017-08-09,11,HOME APPLIANCES,0.0
2017-08-10,11,HOME APPLIANCES,0.0
2017-08-11,11,HOME APPLIANCES,0.0
2017-08-12,11,HOME APPLIANCES,0.0
2017-08-13,11,HOME APPLIANCES,0.0
2017-08-14,11,HOME APPLIANCES,0.0
2017-08-15,11,HOME APPLIANCES,0.0
2017-08-02,11,HOME CARE,694.0
2017-08-03,11,HOME CARE,665.0
2017-08-04,11,HOME CARE,451.0
2017-08-05,11,HOME CARE,592.0
2017-08-06,11,HOME CARE,682.0
2017-08-07,11,HOME CARE,663.0
2017-08-08,11,HOME CARE,456.0
2017-08-09,11,HOME CARE,535.0
2017-08-10,11,HOME CARE,404.0
2017-08-11,11,HOME CARE,428.0
2017-08-12,11,HOME CARE,402.0
2017-08-13,11,HOME CARE,444.0
2017-08-14,11,HOME CARE,532.0
2017-08-15,11,HOME CARE,466.0
2017-08-02,11,LADIESWEAR,5.0
2017-08-03,11,LADIESWEAR,8.0
2017-08-04,11,LADIESWEAR,5.0
2017-08-05,11,LADIESWEAR,14.0
2017-08-06,11,LADIESWEAR,12.0
2017-08-07,11,LADIESWEAR,6.0
2017-08-08,11,LADIESWEAR,3.0
2017-08-09,11,LADIESWEAR,5.0
2017-08-10,11,LADIESWEAR,2.0
2017-08-11,11,LADIESWEAR,9.0
2017-08-12,11,LADIESWEAR,7.0
2017-08-13,11,LADIESWEAR,4.0
2017-08-14,11,LADIESWEAR,3.0
2017-08-15,11,LADIESWEAR,16.0
2017-08-02,11,LAWN AND GARDEN,1.0
2017-08-03,11,LAWN AND GARDEN,5.0
2017-08-04,11,LAWN AND GARDEN,5.0
2017-08-05,11,LAWN AND GARDEN,3.0
2017-08-06,11,LAWN AND GARDEN,1.0
2017-08-07,11,LAWN AND GARDEN,1.0
2017-08-08,11,LAWN AND GARDEN,1.0
2017-08-09,11,LAWN AND GARDEN,0.0
2017-08-10,11,LAWN AND GARDEN,0.0
2017-08-11,11,LAWN AND GARDEN,1.0
2017-08-12,11,LAWN AND GARDEN,6.0
2017-08-13,11,LAWN AND GARDEN,3.0
2017-08-14,11,LAWN AND GARDEN,4.0
2017-08-15,11,LAWN AND GARDEN,5.0
2017-08-02,11,LINGERIE,21.0
2017-08-03,11,LINGERIE,7.0
2017-08-04,11,LINGERIE,9.0
2017-08-05,11,LINGERIE,6.0
2017-08-06,11,LINGERIE,11.0
2017-08-07,11,LINGERIE,6.0
2017-08-08,11,LINGERIE,25.0
2017-08-09,11,LINGERIE,14.0
2017-08-10,11,LINGERIE,8.0
2017-08-11,11,LINGERIE,6.0
2017-08-12,11,LINGERIE,10.0
2017-08-13,11,LINGERIE,7.0
2017-08-14,11,LINGERIE,6.0
2017-08-15,11,LINGERIE,11.0
2017-08-02,11,"LIQUOR,WINE,BEER",29.0
2017-08-03,11,"LIQUOR,WINE,BEER",35.0
2017-08-04,11,"LIQUOR,WINE,BEER",72.0
2017-08-05,11,"LIQUOR,WINE,BEER",78.0
2017-08-06,11,"LIQUOR,WINE,BEER",21.0
2017-08-07,11,"LIQUOR,WINE,BEER",17.0
2017-08-08,11,"LIQUOR,WINE,BEER",15.0
2017-08-09,11,"LIQUOR,WINE,BEER",23.0
2017-08-10,11,"LIQUOR,WINE,BEER",68.0
2017-08-11,11,"LIQUOR,WINE,BEER",60.0
2017-08-12,11,"LIQUOR,WINE,BEER",91.0
2017-08-13,11,"LIQUOR,WINE,BEER",18.0
2017-08-14,11,"LIQUOR,WINE,BEER",27.0
2017-08-15,11,"LIQUOR,WINE,BEER",12.0
2017-08-02,11,MAGAZINES,1.0
2017-08-03,11,MAGAZINES,1.0
2017-08-04,11,MAGAZINES,1.0
2017-08-05,11,MAGAZINES,5.0
2017-08-06,11,MAGAZINES,8.0
2017-08-07,11,MAGAZINES,0.0
2017-08-08,11,MAGAZINES,1.0
2017-08-09,11,MAGAZINES,1.0
2017-08-10,11,MAGAZINES,2.0
2017-08-11,11,MAGAZINES,1.0
2017-08-12,11,MAGAZINES,2.0
2017-08-13,11,MAGAZINES,1.0
2017-08-14,11,MAGAZINES,3.0
2017-08-15,11,MAGAZINES,4.0
2017-08-02,11,MEATS,865.556
2017-08-03,11,MEATS,1057.325
2017-08-04,11,MEATS,667.841
2017-08-05,11,MEATS,630.144
2017-08-06,11,MEATS,733.438
2017-08-07,11,MEATS,836.654
2017-08-08,11,MEATS,696.52
2017-08-09,11,MEATS,691.098
2017-08-10,11,MEATS,655.65
2017-08-11,11,MEATS,660.14
2017-08-12,11,MEATS,526.534
2017-08-13,11,MEATS,652.185
2017-08-14,11,MEATS,474.139
2017-08-15,11,MEATS,829.919
2017-08-02,11,PERSONAL CARE,647.0
2017-08-03,11,PERSONAL CARE,569.0
2017-08-04,11,PERSONAL CARE,451.0
2017-08-05,11,PERSONAL CARE,556.0
2017-08-06,11,PERSONAL CARE,613.0
2017-08-07,11,PERSONAL CARE,469.0
2017-08-08,11,PERSONAL CARE,393.0
2017-08-09,11,PERSONAL CARE,410.0
2017-08-10,11,PERSONAL CARE,351.0
2017-08-11,11,PERSONAL CARE,320.0
2017-08-12,11,PERSONAL CARE,348.0
2017-08-13,11,PERSONAL CARE,426.0
2017-08-14,11,PERSONAL CARE,373.0
2017-08-15,11,PERSONAL CARE,401.0
2017-08-02,11,PET SUPPLIES,7.0
2017-08-03,11,PET SUPPLIES,12.0
2017-08-04,11,PET SUPPLIES,0.0
2017-08-05,11,PET SUPPLIES,2.0
2017-08-06,11,PET SUPPLIES,5.0
2017-08-07,11,PET SUPPLIES,3.0
2017-08-08,11,PET SUPPLIES,2.0
2017-08-09,11,PET SUPPLIES,1.0
2017-08-10,11,PET SUPPLIES,1.0
2017-08-11,11,PET SUPPLIES,1.0
2017-08-12,11,PET SUPPLIES,3.0
2017-08-13,11,PET SUPPLIES,2.0
2017-08-14,11,PET SUPPLIES,5.0
2017-08-15,11,PET SUPPLIES,0.0
2017-08-02,11,PLAYERS AND ELECTRONICS,13.0
2017-08-03,11,PLAYERS AND ELECTRONICS,13.0
2017-08-04,11,PLAYERS AND ELECTRONICS,10.0
2017-08-05,11,PLAYERS AND ELECTRONICS,17.0
2017-08-06,11,PLAYERS AND ELECTRONICS,12.0
2017-08-07,11,PLAYERS AND ELECTRONICS,26.0
2017-08-08,11,PLAYERS AND ELECTRONICS,9.0
2017-08-09,11,PLAYERS AND ELECTRONICS,11.0
2017-08-10,11,PLAYERS AND ELECTRONICS,9.0
2017-08-11,11,PLAYERS AND ELECTRONICS,14.0
2017-08-12,11,PLAYERS AND ELECTRONICS,31.0
2017-08-13,11,PLAYERS AND ELECTRONICS,20.0
2017-08-14,11,PLAYERS AND ELECTRONICS,7.0
2017-08-15,11,PLAYERS AND ELECTRONICS,20.0
2017-08-02,11,POULTRY,560.4
2017-08-03,11,POULTRY,497.76498
2017-08-04,11,POULTRY,557.268
2017-08-05,11,POULTRY,480.275
2017-08-06,11,POULTRY,554.544
2017-08-07,11,POULTRY,281.498
2017-08-08,11,POULTRY,550.52
2017-08-09,11,POULTRY,434.008
2017-08-10,11,POULTRY,246.44499
2017-08-11,11,POULTRY,560.17
2017-08-12,11,POULTRY,368.711
2017-08-13,11,POULTRY,489.115
2017-08-14,11,POULTRY,244.969
2017-08-15,11,POULTRY,526.459
2017-08-02,11,PREPARED FOODS,116.469
2017-08-03,11,PREPARED FOODS,126.742
2017-08-04,11,PREPARED FOODS,84.72
2017-08-05,11,PREPARED FOODS,59.232002
2017-08-06,11,PREPARED FOODS,68.999
2017-08-07,11,PREPARED FOODS,85.0
2017-08-08,11,PREPARED FOODS,107.648
2017-08-09,11,PREPARED FOODS,110.466
2017-08-10,11,PREPARED FOODS,142.355
2017-08-11,11,PREPARED FOODS,101.867
2017-08-12,11,PREPARED FOODS,88.724
2017-08-13,11,PREPARED FOODS,78.925
2017-08-14,11,PREPARED FOODS,130.225
2017-08-15,11,PREPARED FOODS,111.556
2017-08-02,11,PRODUCE,1401.174
2017-08-03,11,PRODUCE,1415.525
2017-08-04,11,PRODUCE,1622.365
2017-08-05,11,PRODUCE,1396.626
2017-08-06,11,PRODUCE,1539.23
2017-08-07,11,PRODUCE,1349.253
2017-08-08,11,PRODUCE,2253.195
2017-08-09,11,PRODUCE,1082.373
2017-08-10,11,PRODUCE,1467.928
2017-08-11,11,PRODUCE,1449.669
2017-08-12,11,PRODUCE,1280.458
2017-08-13,11,PRODUCE,1290.197
2017-08-14,11,PRODUCE,1239.467
2017-08-15,11,PRODUCE,2309.767
2017-08-02,11,SCHOOL AND OFFICE SUPPLIES,16.0
2017-08-03,11,SCHOOL AND OFFICE SUPPLIES,21.0
2017-08-04,11,SCHOOL AND OFFICE SUPPLIES,16.0
2017-08-05,11,SCHOOL AND OFFICE SUPPLIES,26.0
2017-08-06,11,SCHOOL AND OFFICE SUPPLIES,13.0
2017-08-07,11,SCHOOL AND OFFICE SUPPLIES,30.0
2017-08-08,11,SCHOOL AND OFFICE SUPPLIES,26.0
2017-08-09,11,SCHOOL AND OFFICE SUPPLIES,40.0
2017-08-10,11,SCHOOL AND OFFICE SUPPLIES,36.0
2017-08-11,11,SCHOOL AND OFFICE SUPPLIES,32.0
2017-08-12,11,SCHOOL AND OFFICE SUPPLIES,26.0
2017-08-13,11,SCHOOL AND OFFICE SUPPLIES,13.0
2017-08-14,11,SCHOOL AND OFFICE SUPPLIES,26.0
2017-08-15,11,SCHOOL AND OFFICE SUPPLIES,25.0
2017-08-02,11,SEAFOOD,18.0
2017-08-03,11,SEAFOOD,8.0
2017-08-04,11,SEAFOOD,6.0
2017-08-05,11,SEAFOOD,17.0
2017-08-06,11,SEAFOOD,13.0
2017-08-07,11,SEAFOOD,9.0
2017-08-08,11,SEAFOOD,30.0
2017-08-09,11,SEAFOOD,13.0
2017-08-10,11,SEAFOOD,8.0
2017-08-11,11,SEAFOOD,10.0
2017-08-12,11,SEAFOOD,9.0
2017-08-13,11,SEAFOOD,10.0
2017-08-14,11,SEAFOOD,3.0
2017-08-15,11,SEAFOOD,3.0
2017-08-02,12,AUTOMOTIVE,9.0
2017-08-03,12,AUTOMOTIVE,7.0
2017-08-04,12,AUTOMOTIVE,9.0
2017-08-05,12,AUTOMOTIVE,5.0
2017-08-06,12,AUTOMOTIVE,3.0
2017-08-07,12,AUTOMOTIVE,4.0
2017-08-08,12,AUTOMOTIVE,6.0
2017-08-09,12,AUTOMOTIVE,3.0
2017-08-10,12,AUTOMOTIVE,10.0
2017-08-11,12,AUTOMOTIVE,6.0
2017-08-12,12,AUTOMOTIVE,8.0
2017-08-13,12,AUTOMOTIVE,12.0
2017-08-14,12,AUTOMOTIVE,6.0
2017-08-15,12,AUTOMOTIVE,2.0
2017-08-02,12,BABY CARE,0.0
2017-08-03,12,BABY CARE,0.0
2017-08-04,12,BABY CARE,0.0
2017-08-05,12,BABY CARE,0.0
2017-08-06,12,BABY CARE,0.0
2017-08-07,12,BABY CARE,0.0
2017-08-08,12,BABY CARE,0.0
2017-08-09,12,BABY CARE,0.0
2017-08-10,12,BABY CARE,0.0
2017-08-11,12,BABY CARE,0.0
2017-08-12,12,BABY CARE,0.0
2017-08-13,12,BABY CARE,0.0
2017-08-14,12,BABY CARE,0.0
2017-08-15,12,BABY CARE,0.0
2017-08-02,12,BEAUTY,0.0
2017-08-03,12,BEAUTY,2.0
2017-08-04,12,BEAUTY,1.0
2017-08-05,12,BEAUTY,1.0
2017-08-06,12,BEAUTY,1.0
2017-08-07,12,BEAUTY,1.0
2017-08-08,12,BEAUTY,2.0
2017-08-09,12,BEAUTY,1.0
2017-08-10,12,BEAUTY,2.0
2017-08-11,12,BEAUTY,2.0
2017-08-12,12,BEAUTY,0.0
2017-08-13,12,BEAUTY,4.0
2017-08-14,12,BEAUTY,2.0
2017-08-15,12,BEAUTY,2.0
2017-08-02,12,BEVERAGES,1624.0
2017-08-03,12,BEVERAGES,1554.0
2017-08-04,12,BEVERAGES,1504.0
2017-08-05,12,BEVERAGES,1792.0
2017-08-06,12,BEVERAGES,1988.0
2017-08-07,12,BEVERAGES,1789.0
2017-08-08,12,BEVERAGES,1694.0
2017-08-09,12,BEVERAGES,1367.0
2017-08-10,12,BEVERAGES,1543.0
2017-08-11,12,BEVERAGES,1481.0
2017-08-12,12,BEVERAGES,1643.0
2017-08-13,12,BEVERAGES,1474.0
2017-08-14,12,BEVERAGES,1504.0
2017-08-15,12,BEVERAGES,1625.0
2017-08-02,12,BOOKS,0.0
2017-08-03,12,BOOKS,0.0
2017-08-04,12,BOOKS,0.0
2017-08-05,12,BOOKS,0.0
2017-08-06,12,BOOKS,0.0
2017-08-07,12,BOOKS,0.0
2017-08-08,12,BOOKS,0.0
2017-08-09,12,BOOKS,0.0
2017-08-10,12,BOOKS,0.0
2017-08-11,12,BOOKS,0.0
2017-08-12,12,BOOKS,0.0
2017-08-13,12,BOOKS,0.0
2017-08-14,12,BOOKS,0.0
2017-08-15,12,BOOKS,0.0
2017-08-02,12,BREAD/BAKERY,201.0
2017-08-03,12,BREAD/BAKERY,180.0
2017-08-04,12,BREAD/BAKERY,193.0
2017-08-05,12,BREAD/BAKERY,209.0
2017-08-06,12,BREAD/BAKERY,245.0
2017-08-07,12,BREAD/BAKERY,236.0
2017-08-08,12,BREAD/BAKERY,173.0
2017-08-09,12,BREAD/BAKERY,181.0
2017-08-10,12,BREAD/BAKERY,175.0
2017-08-11,12,BREAD/BAKERY,145.0
2017-08-12,12,BREAD/BAKERY,139.0
2017-08-13,12,BREAD/BAKERY,184.0
2017-08-14,12,BREAD/BAKERY,275.0
2017-08-15,12,BREAD/BAKERY,176.0
2017-08-02,12,CELEBRATION,7.0
2017-08-03,12,CELEBRATION,5.0
2017-08-04,12,CELEBRATION,38.0
2017-08-05,12,CELEBRATION,5.0
2017-08-06,12,CELEBRATION,8.0
2017-08-07,12,CELEBRATION,15.0
2017-08-08,12,CELEBRATION,6.0
2017-08-09,12,CELEBRATION,2.0
2017-08-10,12,CELEBRATION,13.0
2017-08-11,12,CELEBRATION,66.0
2017-08-12,12,CELEBRATION,3.0
2017-08-13,12,CELEBRATION,15.0
2017-08-14,12,CELEBRATION,13.0
2017-08-15,12,CELEBRATION,10.0
2017-08-02,12,CLEANING,1556.0
2017-08-03,12,CLEANING,1541.0
2017-08-04,12,CLEANING,818.0
2017-08-05,12,CLEANING,978.0
2017-08-06,12,CLEANING,896.0
2017-08-07,12,CLEANING,862.0
2017-08-08,12,CLEANING,625.0
2017-08-09,12,CLEANING,812.0
2017-08-10,12,CLEANING,584.0
2017-08-11,12,CLEANING,719.0
2017-08-12,12,CLEANING,662.0
2017-08-13,12,CLEANING,747.0
2017-08-14,12,CLEANING,712.0
2017-08-15,12,CLEANING,850.0
2017-08-02,12,DAIRY,481.0
2017-08-03,12,DAIRY,408.0
2017-08-04,12,DAIRY,266.0
2017-08-05,12,DAIRY,431.0
2017-08-06,12,DAIRY,433.0
2017-08-07,12,DAIRY,421.0
2017-08-08,12,DAIRY,407.0
2017-08-09,12,DAIRY,366.0
2017-08-10,12,DAIRY,341.0
2017-08-11,12,DAIRY,387.0
2017-08-12,12,DAIRY,294.0
2017-08-13,12,DAIRY,381.0
2017-08-14,12,DAIRY,411.0
2017-08-15,12,DAIRY,373.0
2017-08-02,12,DELI,170.0
2017-08-03,12,DELI,221.0
2017-08-04,12,DELI,278.0
2017-08-05,12,DELI,191.0
2017-08-06,12,DELI,269.0
2017-08-07,12,DELI,241.0
2017-08-08,12,DELI,188.0
2017-08-09,12,DELI,186.0
2017-08-10,12,DELI,203.0
2017-08-11,12,DELI,238.0
2017-08-12,12,DELI,199.0
2017-08-13,12,DELI,187.0
2017-08-14,12,DELI,210.0
2017-08-15,12,DELI,145.0
2017-08-02,12,EGGS,96.0
2017-08-03,12,EGGS,196.0
2017-08-04,12,EGGS,105.0
2017-08-05,12,EGGS,44.0
2017-08-06,12,EGGS,76.0
2017-08-07,12,EGGS,57.0
2017-08-08,12,EGGS,37.0
2017-08-09,12,EGGS,38.0
2017-08-10,12,EGGS,92.0
2017-08-11,12,EGGS,65.0
2017-08-12,12,EGGS,43.0
2017-08-13,12,EGGS,45.0
2017-08-14,12,EGGS,117.0
2017-08-15,12,EGGS,15.0
2017-08-02,12,FROZEN FOODS,43.0
2017-08-03,12,FROZEN FOODS,53.0
2017-08-04,12,FROZEN FOODS,50.393
2017-08-05,12,FROZEN FOODS,100.262
2017-08-06,12,FROZEN FOODS,39.0
2017-08-07,12,FROZEN FOODS,45.364
2017-08-08,12,FROZEN FOODS,51.0
2017-08-09,12,FROZEN FOODS,38.0
2017-08-10,12,FROZEN FOODS,24.0
2017-08-11,12,FROZEN FOODS,81.573
2017-08-12,12,FROZEN FOODS,30.0
2017-08-13,12,FROZEN FOODS,23.0
2017-08-14,12,FROZEN FOODS,42.0
2017-08-15,12,FROZEN FOODS,23.0
2017-08-02,12,GROCERY I,3029.0
2017-08-03,12,GROCERY I,3352.0
2017-08-04,12,GROCERY I,2834.0
2017-08-05,12,GROCERY I,3203.0
2017-08-06,12,GROCERY I,3314.0
2017-08-07,12,GROCERY I,3388.0
2017-08-08,12,GROCERY I,2542.0
2017-08-09,12,GROCERY I,2774.0
2017-08-10,12,GROCERY I,2326.0
2017-08-11,12,GROCERY I,2497.0
2017-08-12,12,GROCERY I,2481.0
2017-08-13,12,GROCERY I,2350.0
2017-08-14,12,GROCERY I,2702.0
2017-08-15,12,GROCERY I,2461.0
2017-08-02,12,GROCERY II,9.0
2017-08-03,12,GROCERY II,11.0
2017-08-04,12,GROCERY II,13.0
2017-08-05,12,GROCERY II,6.0
2017-08-06,12,GROCERY II,8.0
2017-08-07,12,GROCERY II,7.0
2017-08-08,12,GROCERY II,5.0
2017-08-09,12,GROCERY II,3.0
2017-08-10,12,GROCERY II,8.0
2017-08-11,12,GROCERY II,2.0
2017-08-12,12,GROCERY II,10.0
2017-08-13,12,GROCERY II,10.0
2017-08-14,12,GROCERY II,3.0
2017-08-15,12,GROCERY II,8.0
2017-08-02,12,HARDWARE,0.0
2017-08-03,12,HARDWARE,1.0
2017-08-04,12,HARDWARE,0.0
2017-08-05,12,HARDWARE,2.0
2017-08-06,12,HARDWARE,1.0
2017-08-07,12,HARDWARE,0.0
2017-08-08,12,HARDWARE,1.0
2017-08-09,12,HARDWARE,0.0
2017-08-10,12,HARDWARE,0.0
2017-08-11,12,HARDWARE,1.0
2017-08-12,12,HARDWARE,0.0
2017-08-13,12,HARDWARE,0.0
2017-08-14,12,HARDWARE,0.0
2017-08-15,12,HARDWARE,0.0
2017-08-02,12,HOME AND KITCHEN I,11.0
2017-08-03,12,HOME AND KITCHEN I,24.0
2017-08-04,12,HOME AND KITCHEN I,15.0
2017-08-05,12,HOME AND KITCHEN I,19.0
2017-08-06,12,HOME AND KITCHEN I,16.0
2017-08-07,12,HOME AND KITCHEN I,19.0
2017-08-08,12,HOME AND KITCHEN I,14.0
2017-08-09,12,HOME AND KITCHEN I,11.0
2017-08-10,12,HOME AND KITCHEN I,13.0
2017-08-11,12,HOME AND KITCHEN I,4.0
2017-08-12,12,HOME AND KITCHEN I,12.0
2017-08-13,12,HOME AND KITCHEN I,18.0
2017-08-14,12,HOME AND KITCHEN I,22.0
2017-08-15,12,HOME AND KITCHEN I,12.0
2017-08-02,12,HOME AND KITCHEN II,22.0
2017-08-03,12,HOME AND KITCHEN II,17.0
2017-08-04,12,HOME AND KITCHEN II,18.0
2017-08-05,12,HOME AND KITCHEN II,23.0
2017-08-06,12,HOME AND KITCHEN II,43.0
2017-08-07,12,HOME AND KITCHEN II,21.0
2017-08-08,12,HOME AND KITCHEN II,19.0
2017-08-09,12,HOME AND KITCHEN II,19.0
2017-08-10,12,HOME AND KITCHEN II,19.0
2017-08-11,12,HOME AND KITCHEN II,17.0
2017-08-12,12,HOME AND KITCHEN II,15.0
2017-08-13,12,HOME AND KITCHEN II,25.0
2017-08-14,12,HOME AND KITCHEN II,19.0
2017-08-15,12,HOME AND KITCHEN II,29.0
2017-08-02,12,HOME APPLIANCES,0.0
2017-08-03,12,HOME APPLIANCES,0.0
2017-08-04,12,HOME APPLIANCES,1.0
2017-08-05,12,HOME APPLIANCES,0.0
2017-08-06,12,HOME APPLIANCES,0.0
2017-08-07,12,HOME APPLIANCES,0.0
2017-08-08,12,HOME APPLIANCES,0.0
2017-08-09,12,HOME APPLIANCES,0.0
2017-08-10,12,HOME APPLIANCES,0.0
2017-08-11,12,HOME APPLIANCES,0.0
2017-08-12,12,HOME APPLIANCES,0.0
2017-08-13,12,HOME APPLIANCES,0.0
2017-08-14,12,HOME APPLIANCES,0.0
2017-08-15,12,HOME APPLIANCES,0.0
2017-08-02,12,HOME CARE,194.0
2017-08-03,12,HOME CARE,181.0
2017-08-04,12,HOME CARE,147.0
2017-08-05,12,HOME CARE,188.0
2017-08-06,12,HOME CARE,182.0
2017-08-07,12,HOME CARE,205.0
2017-08-08,12,HOME CARE,166.0
2017-08-09,12,HOME CARE,165.0
2017-08-10,12,HOME CARE,127.0
2017-08-11,12,HOME CARE,115.0
2017-08-12,12,HOME CARE,128.0
2017-08-13,12,HOME CARE,161.0
2017-08-14,12,HOME CARE,169.0
2017-08-15,12,HOME CARE,143.0
2017-08-02,12,LADIESWEAR,14.0
2017-08-03,12,LADIESWEAR,5.0
2017-08-04,12,LADIESWEAR,2.0
2017-08-05,12,LADIESWEAR,14.0
2017-08-06,12,LADIESWEAR,6.0
2017-08-07,12,LADIESWEAR,11.0
2017-08-08,12,LADIESWEAR,4.0
2017-08-09,12,LADIESWEAR,11.0
2017-08-10,12,LADIESWEAR,7.0
2017-08-11,12,LADIESWEAR,10.0
2017-08-12,12,LADIESWEAR,4.0
2017-08-13,12,LADIESWEAR,7.0
2017-08-14,12,LADIESWEAR,7.0
2017-08-15,12,LADIESWEAR,8.0
2017-08-02,12,LAWN AND GARDEN,0.0
2017-08-03,12,LAWN AND GARDEN,0.0
2017-08-04,12,LAWN AND GARDEN,0.0
2017-08-05,12,LAWN AND GARDEN,0.0
2017-08-06,12,LAWN AND GARDEN,0.0
2017-08-07,12,LAWN AND GARDEN,0.0
2017-08-08,12,LAWN AND GARDEN,0.0
2017-08-09,12,LAWN AND GARDEN,0.0
2017-08-10,12,LAWN AND GARDEN,0.0
2017-08-11,12,LAWN AND GARDEN,0.0
2017-08-12,12,LAWN AND GARDEN,0.0
2017-08-13,12,LAWN AND GARDEN,0.0
2017-08-14,12,LAWN AND GARDEN,0.0
2017-08-15,12,LAWN AND GARDEN,0.0
2017-08-02,12,LINGERIE,5.0
2017-08-03,12,LINGERIE,7.0
2017-08-04,12,LINGERIE,11.0
2017-08-05,12,LINGERIE,10.0
2017-08-06,12,LINGERIE,8.0
2017-08-07,12,LINGERIE,8.0
2017-08-08,12,LINGERIE,6.0
2017-08-09,12,LINGERIE,2.0
2017-08-10,12,LINGERIE,8.0
2017-08-11,12,LINGERIE,1.0
2017-08-12,12,LINGERIE,9.0
2017-08-13,12,LINGERIE,4.0
2017-08-14,12,LINGERIE,7.0
2017-08-15,12,LINGERIE,0.0
2017-08-02,12,"LIQUOR,WINE,BEER",28.0
2017-08-03,12,"LIQUOR,WINE,BEER",37.0
2017-08-04,12,"LIQUOR,WINE,BEER",53.0
2017-08-05,12,"LIQUOR,WINE,BEER",84.0
2017-08-06,12,"LIQUOR,WINE,BEER",22.0
2017-08-07,12,"LIQUOR,WINE,BEER",17.0
2017-08-08,12,"LIQUOR,WINE,BEER",25.0
2017-08-09,12,"LIQUOR,WINE,BEER",27.0
2017-08-10,12,"LIQUOR,WINE,BEER",48.0
2017-08-11,12,"LIQUOR,WINE,BEER",51.0
2017-08-12,12,"LIQUOR,WINE,BEER",84.0
2017-08-13,12,"LIQUOR,WINE,BEER",26.0
2017-08-14,12,"LIQUOR,WINE,BEER",18.0
2017-08-15,12,"LIQUOR,WINE,BEER",22.0
2017-08-02,12,MAGAZINES,2.0
2017-08-03,12,MAGAZINES,0.0
2017-08-04,12,MAGAZINES,0.0
2017-08-05,12,MAGAZINES,2.0
2017-08-06,12,MAGAZINES,1.0
2017-08-07,12,MAGAZINES,2.0
2017-08-08,12,MAGAZINES,2.0
2017-08-09,12,MAGAZINES,2.0
2017-08-10,12,MAGAZINES,1.0
2017-08-11,12,MAGAZINES,2.0
2017-08-12,12,MAGAZINES,0.0
2017-08-13,12,MAGAZINES,1.0
2017-08-14,12,MAGAZINES,3.0
2017-08-15,12,MAGAZINES,4.0
2017-08-02,12,MEATS,133.711
2017-08-03,12,MEATS,210.064
2017-08-04,12,MEATS,92.991005
2017-08-05,12,MEATS,142.591
2017-08-06,12,MEATS,152.748
2017-08-07,12,MEATS,187.564
2017-08-08,12,MEATS,151.25
2017-08-09,12,MEATS,112.992004
2017-08-10,12,MEATS,184.114
2017-08-11,12,MEATS,112.489
2017-08-12,12,MEATS,124.649
2017-08-13,12,MEATS,178.542
2017-08-14,12,MEATS,107.3
2017-08-15,12,MEATS,189.658
2017-08-02,12,PERSONAL CARE,237.0
2017-08-03,12,PERSONAL CARE,241.0
2017-08-04,12,PERSONAL CARE,155.0
2017-08-05,12,PERSONAL CARE,217.0
2017-08-06,12,PERSONAL CARE,222.0
2017-08-07,12,PERSONAL CARE,191.0
2017-08-08,12,PERSONAL CARE,178.0
2017-08-09,12,PERSONAL CARE,181.0
2017-08-10,12,PERSONAL CARE,112.0
2017-08-11,12,PERSONAL CARE,178.0
2017-08-12,12,PERSONAL CARE,155.0
2017-08-13,12,PERSONAL CARE,175.0
2017-08-14,12,PERSONAL CARE,153.0
2017-08-15,12,PERSONAL CARE,199.0
2017-08-02,12,PET SUPPLIES,2.0
2017-08-03,12,PET SUPPLIES,2.0
2017-08-04,12,PET SUPPLIES,0.0
2017-08-05,12,PET SUPPLIES,1.0
2017-08-06,12,PET SUPPLIES,6.0
2017-08-07,12,PET SUPPLIES,2.0
2017-08-08,12,PET SUPPLIES,0.0
2017-08-09,12,PET SUPPLIES,0.0
2017-08-10,12,PET SUPPLIES,1.0
2017-08-11,12,PET SUPPLIES,2.0
2017-08-12,12,PET SUPPLIES,1.0
2017-08-13,12,PET SUPPLIES,3.0
2017-08-14,12,PET SUPPLIES,1.0
2017-08-15,12,PET SUPPLIES,2.0
2017-08-02,12,PLAYERS AND ELECTRONICS,3.0
2017-08-03,12,PLAYERS AND ELECTRONICS,7.0
2017-08-04,12,PLAYERS AND ELECTRONICS,5.0
2017-08-05,12,PLAYERS AND ELECTRONICS,5.0
2017-08-06,12,PLAYERS AND ELECTRONICS,3.0
2017-08-07,12,PLAYERS AND ELECTRONICS,13.0
2017-08-08,12,PLAYERS AND ELECTRONICS,3.0
2017-08-09,12,PLAYERS AND ELECTRONICS,4.0
2017-08-10,12,PLAYERS AND ELECTRONICS,9.0
2017-08-11,12,PLAYERS AND ELECTRONICS,4.0
2017-08-12,12,PLAYERS AND ELECTRONICS,16.0
2017-08-13,12,PLAYERS AND ELECTRONICS,15.0
2017-08-14,12,PLAYERS AND ELECTRONICS,5.0
2017-08-15,12,PLAYERS AND ELECTRONICS,6.0
2017-08-02,12,POULTRY,139.067
2017-08-03,12,POULTRY,161.79
2017-08-04,12,POULTRY,168.089
2017-08-05,12,POULTRY,143.091
2017-08-06,12,POULTRY,164.679
2017-08-07,12,POULTRY,149.863
2017-08-08,12,POULTRY,163.418
2017-08-09,12,POULTRY,136.282
2017-08-10,12,POULTRY,162.061
2017-08-11,12,POULTRY,182.591
2017-08-12,12,POULTRY,139.275
2017-08-13,12,POULTRY,153.15399
2017-08-14,12,POULTRY,120.694
2017-08-15,12,POULTRY,162.205
2017-08-02,12,PREPARED FOODS,30.0
2017-08-03,12,PREPARED FOODS,45.0
2017-08-04,12,PREPARED FOODS,32.0
2017-08-05,12,PREPARED FOODS,36.0
2017-08-06,12,PREPARED FOODS,26.0
2017-08-07,12,PREPARED FOODS,31.0
2017-08-08,12,PREPARED FOODS,31.0
2017-08-09,12,PREPARED FOODS,32.0
2017-08-10,12,PREPARED FOODS,45.0
2017-08-11,12,PREPARED FOODS,30.0
2017-08-12,12,PREPARED FOODS,17.0
2017-08-13,12,PREPARED FOODS,17.0
2017-08-14,12,PREPARED FOODS,28.0
2017-08-15,12,PREPARED FOODS,61.0
2017-08-02,12,PRODUCE,276.013
2017-08-03,12,PRODUCE,387.47202
2017-08-04,12,PRODUCE,299.769
2017-08-05,12,PRODUCE,377.421
2017-08-06,12,PRODUCE,388.793
2017-08-07,12,PRODUCE,308.437
2017-08-08,12,PRODUCE,500.029
2017-08-09,12,PRODUCE,295.779
2017-08-10,12,PRODUCE,326.918
2017-08-11,12,PRODUCE,330.446
2017-08-12,12,PRODUCE,334.828
2017-08-13,12,PRODUCE,347.21
2017-08-14,12,PRODUCE,333.658
2017-08-15,12,PRODUCE,393.182
2017-08-02,12,SCHOOL AND OFFICE SUPPLIES,0.0
2017-08-03,12,SCHOOL AND OFFICE SUPPLIES,0.0
2017-08-04,12,SCHOOL AND OFFICE SUPPLIES,0.0
2017-08-05,12,SCHOOL AND OFFICE SUPPLIES,0.0
2017-08-06,12,SCHOOL AND OFFICE SUPPLIES,0.0
2017-08-07,12,SCHOOL AND OFFICE SUPPLIES,2.0
2017-08-08,12,SCHOOL AND OFFICE SUPPLIES,4.0
2017-08-09,12,SCHOOL AND OFFICE SUPPLIES,20.0
2017-08-10,12,SCHOOL AND OFFICE SUPPLIES,8.0
2017-08-11,12,SCHOOL AND OFFICE SUPPLIES,7.0
2017-08-12,12,SCHOOL AND OFFICE SUPPLIES,17.0
2017-08-13,12,SCHOOL AND OFFICE SUPPLIES,8.0
2017-08-14,12,SCHOOL AND OFFICE SUPPLIES,3.0
2017-08-15,12,SCHOOL AND OFFICE SUPPLIES,11.0
2017-08-02,12,SEAFOOD,4.0
2017-08-03,12,SEAFOOD,3.0
2017-08-04,12,SEAFOOD,1.0
2017-08-05,12,SEAFOOD,6.0
2017-08-06,12,SEAFOOD,0.0
2017-08-07,12,SEAFOOD,1.0
2017-08-08,12,SEAFOOD,9.0
2017-08-09,12,SEAFOOD,2.0
2017-08-10,12,SEAFOOD,0.0
2017-08-11,12,SEAFOOD,6.0
2017-08-12,12,SEAFOOD,1.0
2017-08-13,12,SEAFOOD,2.0
2017-08-14,12,SEAFOOD,3.0
2017-08-15,12,SEAFOOD,1.0
2017-08-02,13,AUTOMOTIVE,4.0
2017-08-03,13,AUTOMOTIVE,7.0
2017-08-04,13,AUTOMOTIVE,3.0
2017-08-05,13,AUTOMOTIVE,15.0
2017-08-06,13,AUTOMOTIVE,7.0
2017-08-07,13,AUTOMOTIVE,4.0
2017-08-08,13,AUTOMOTIVE,6.0
2017-08-09,13,AUTOMOTIVE,6.0
2017-08-10,13,AUTOMOTIVE,2.0
2017-08-11,13,AUTOMOTIVE,6.0
2017-08-12,13,AUTOMOTIVE,9.0
2017-08-13,13,AUTOMOTIVE,2.0
2017-08-14,13,AUTOMOTIVE,2.0
2017-08-15,13,AUTOMOTIVE,4.0
2017-08-02,13,BABY CARE,0.0
2017-08-03,13,BABY CARE,0.0
2017-08-04,13,BABY CARE,0.0
2017-08-05,13,BABY CARE,0.0
2017-08-06,13,BABY CARE,0.0
2017-08-07,13,BABY CARE,0.0
2017-08-08,13,BABY CARE,0.0
2017-08-09,13,BABY CARE,0.0
2017-08-10,13,BABY CARE,0.0
2017-08-11,13,BABY CARE,0.0
2017-08-12,13,BABY CARE,0.0
2017-08-13,13,BABY CARE,0.0
2017-08-14,13,BABY CARE,0.0
2017-08-15,13,BABY CARE,0.0
2017-08-02,13,BEAUTY,5.0
2017-08-03,13,BEAUTY,2.0
2017-08-04,13,BEAUTY,5.0
2017-08-05,13,BEAUTY,9.0
2017-08-06,13,BEAUTY,4.0
2017-08-07,13,BEAUTY,6.0
2017-08-08,13,BEAUTY,5.0
2017-08-09,13,BEAUTY,4.0
2017-08-10,13,BEAUTY,3.0
2017-08-11,13,BEAUTY,0.0
2017-08-12,13,BEAUTY,3.0
2017-08-13,13,BEAUTY,3.0
2017-08-14,13,BEAUTY,5.0
2017-08-15,13,BEAUTY,4.0
2017-08-02,13,BEVERAGES,1908.0
2017-08-03,13,BEVERAGES,1317.0
2017-08-04,13,BEVERAGES,2059.0
2017-08-05,13,BEVERAGES,2205.0
2017-08-06,13,BEVERAGES,1556.0
2017-08-07,13,BEVERAGES,2318.0
2017-08-08,13,BEVERAGES,1599.0
2017-08-09,13,BEVERAGES,1343.0
2017-08-10,13,BEVERAGES,1501.0
2017-08-11,13,BEVERAGES,1601.0
2017-08-12,13,BEVERAGES,1796.0
2017-08-13,13,BEVERAGES,1134.0
2017-08-14,13,BEVERAGES,1512.0
2017-08-15,13,BEVERAGES,1290.0
2017-08-02,13,BOOKS,0.0
2017-08-03,13,BOOKS,0.0
2017-08-04,13,BOOKS,0.0
2017-08-05,13,BOOKS,0.0
2017-08-06,13,BOOKS,0.0
2017-08-07,13,BOOKS,0.0
2017-08-08,13,BOOKS,0.0
2017-08-09,13,BOOKS,0.0
2017-08-10,13,BOOKS,0.0
2017-08-11,13,BOOKS,0.0
2017-08-12,13,BOOKS,0.0
2017-08-13,13,BOOKS,0.0
2017-08-14,13,BOOKS,0.0
2017-08-15,13,BOOKS,0.0
2017-08-02,13,BREAD/BAKERY,123.0
2017-08-03,13,BREAD/BAKERY,81.0
2017-08-04,13,BREAD/BAKERY,103.0
2017-08-05,13,BREAD/BAKERY,152.0
2017-08-06,13,BREAD/BAKERY,137.0
2017-08-07,13,BREAD/BAKERY,149.0
2017-08-08,13,BREAD/BAKERY,122.0
2017-08-09,13,BREAD/BAKERY,75.0
2017-08-10,13,BREAD/BAKERY,71.0
2017-08-11,13,BREAD/BAKERY,100.0
2017-08-12,13,BREAD/BAKERY,111.0
2017-08-13,13,BREAD/BAKERY,107.0
2017-08-14,13,BREAD/BAKERY,154.0
2017-08-15,13,BREAD/BAKERY,148.0
2017-08-02,13,CELEBRATION,2.0
2017-08-03,13,CELEBRATION,17.0
2017-08-04,13,CELEBRATION,5.0
2017-08-05,13,CELEBRATION,18.0
2017-08-06,13,CELEBRATION,5.0
2017-08-07,13,CELEBRATION,13.0
2017-08-08,13,CELEBRATION,3.0
2017-08-09,13,CELEBRATION,2.0
2017-08-10,13,CELEBRATION,4.0
2017-08-11,13,CELEBRATION,13.0
2017-08-12,13,CELEBRATION,13.0
2017-08-13,13,CELEBRATION,11.0
2017-08-14,13,CELEBRATION,8.0
2017-08-15,13,CELEBRATION,3.0
2017-08-02,13,CLEANING,917.0
2017-08-03,13,CLEANING,1093.0
2017-08-04,13,CLEANING,825.0
2017-08-05,13,CLEANING,1060.0
2017-08-06,13,CLEANING,726.0
2017-08-07,13,CLEANING,764.0
2017-08-08,13,CLEANING,657.0
2017-08-09,13,CLEANING,676.0
2017-08-10,13,CLEANING,544.0
2017-08-11,13,CLEANING,534.0
2017-08-12,13,CLEANING,775.0
2017-08-13,13,CLEANING,557.0
2017-08-14,13,CLEANING,661.0
2017-08-15,13,CLEANING,663.0
2017-08-02,13,DAIRY,391.0
2017-08-03,13,DAIRY,207.0
2017-08-04,13,DAIRY,263.0
2017-08-05,13,DAIRY,388.0
2017-08-06,13,DAIRY,270.0
2017-08-07,13,DAIRY,290.0
2017-08-08,13,DAIRY,244.0
2017-08-09,13,DAIRY,251.0
2017-08-10,13,DAIRY,218.0
2017-08-11,13,DAIRY,250.0
2017-08-12,13,DAIRY,315.0
2017-08-13,13,DAIRY,210.0
2017-08-14,13,DAIRY,227.0
2017-08-15,13,DAIRY,272.0
2017-08-02,13,DELI,155.0
2017-08-03,13,DELI,138.0
2017-08-04,13,DELI,147.0
2017-08-05,13,DELI,226.0
2017-08-06,13,DELI,223.0
2017-08-07,13,DELI,156.0
2017-08-08,13,DELI,145.0
2017-08-09,13,DELI,142.0
2017-08-10,13,DELI,88.0
2017-08-11,13,DELI,172.0
2017-08-12,13,DELI,176.0
2017-08-13,13,DELI,153.0
2017-08-14,13,DELI,192.0
2017-08-15,13,DELI,149.0
2017-08-02,13,EGGS,39.0
2017-08-03,13,EGGS,32.0
2017-08-04,13,EGGS,70.0
2017-08-05,13,EGGS,61.0
2017-08-06,13,EGGS,57.0
2017-08-07,13,EGGS,105.0
2017-08-08,13,EGGS,23.0
2017-08-09,13,EGGS,42.0
2017-08-10,13,EGGS,22.0
2017-08-11,13,EGGS,47.0
2017-08-12,13,EGGS,18.0
2017-08-13,13,EGGS,58.0
2017-08-14,13,EGGS,42.0
2017-08-15,13,EGGS,60.0
2017-08-02,13,FROZEN FOODS,36.0
2017-08-03,13,FROZEN FOODS,33.0
2017-08-04,13,FROZEN FOODS,32.0
2017-08-05,13,FROZEN FOODS,50.0
2017-08-06,13,FROZEN FOODS,32.0
2017-08-07,13,FROZEN FOODS,22.0
2017-08-08,13,FROZEN FOODS,22.0
2017-08-09,13,FROZEN FOODS,35.0
2017-08-10,13,FROZEN FOODS,18.0
2017-08-11,13,FROZEN FOODS,37.0
2017-08-12,13,FROZEN FOODS,54.0
2017-08-13,13,FROZEN FOODS,22.0
2017-08-14,13,FROZEN FOODS,28.0
2017-08-15,13,FROZEN FOODS,29.0
2017-08-02,13,GROCERY I,4387.0
2017-08-03,13,GROCERY I,2885.0
2017-08-04,13,GROCERY I,3093.0
2017-08-05,13,GROCERY I,3985.0
2017-08-06,13,GROCERY I,2735.0
2017-08-07,13,GROCERY I,3209.0
2017-08-08,13,GROCERY I,2533.0
2017-08-09,13,GROCERY I,2371.0
2017-08-10,13,GROCERY I,2164.0
2017-08-11,13,GROCERY I,2639.0
2017-08-12,13,GROCERY I,3105.0
2017-08-13,13,GROCERY I,1980.0
2017-08-14,13,GROCERY I,2547.0
2017-08-15,13,GROCERY I,2748.0
2017-08-02,13,GROCERY II,7.0
2017-08-03,13,GROCERY II,28.0
2017-08-04,13,GROCERY II,29.0
2017-08-05,13,GROCERY II,16.0
2017-08-06,13,GROCERY II,16.0
2017-08-07,13,GROCERY II,21.0
2017-08-08,13,GROCERY II,15.0
2017-08-09,13,GROCERY II,25.0
2017-08-10,13,GROCERY II,6.0
2017-08-11,13,GROCERY II,13.0
2017-08-12,13,GROCERY II,18.0
2017-08-13,13,GROCERY II,21.0
2017-08-14,13,GROCERY II,2.0
2017-08-15,13,GROCERY II,1.0
2017-08-02,13,HARDWARE,0.0
2017-08-03,13,HARDWARE,0.0
2017-08-04,13,HARDWARE,0.0
2017-08-05,13,HARDWARE,0.0
2017-08-06,13,HARDWARE,0.0
2017-08-07,13,HARDWARE,0.0
2017-08-08,13,HARDWARE,0.0
2017-08-09,13,HARDWARE,1.0
2017-08-10,13,HARDWARE,0.0
2017-08-11,13,HARDWARE,0.0
2017-08-12,13,HARDWARE,0.0
2017-08-13,13,HARDWARE,0.0
2017-08-14,13,HARDWARE,0.0
2017-08-15,13,HARDWARE,0.0
2017-08-02,13,HOME AND KITCHEN I,13.0
2017-08-03,13,HOME AND KITCHEN I,6.0
2017-08-04,13,HOME AND KITCHEN I,12.0
2017-08-05,13,HOME AND KITCHEN I,15.0
2017-08-06,13,HOME AND KITCHEN I,9.0
2017-08-07,13,HOME AND KITCHEN I,11.0
2017-08-08,13,HOME AND KITCHEN I,25.0
2017-08-09,13,HOME AND KITCHEN I,6.0
2017-08-10,13,HOME AND KITCHEN I,9.0
2017-08-11,13,HOME AND KITCHEN I,17.0
2017-08-12,13,HOME AND KITCHEN I,27.0
2017-08-13,13,HOME AND KITCHEN I,13.0
2017-08-14,13,HOME AND KITCHEN I,14.0
2017-08-15,13,HOME AND KITCHEN I,12.0
2017-08-02,13,HOME AND KITCHEN II,15.0
2017-08-03,13,HOME AND KITCHEN II,5.0
2017-08-04,13,HOME AND KITCHEN II,11.0
2017-08-05,13,HOME AND KITCHEN II,9.0
2017-08-06,13,HOME AND KITCHEN II,8.0
2017-08-07,13,HOME AND KITCHEN II,11.0
2017-08-08,13,HOME AND KITCHEN II,6.0
2017-08-09,13,HOME AND KITCHEN II,6.0
2017-08-10,13,HOME AND KITCHEN II,12.0
2017-08-11,13,HOME AND KITCHEN II,5.0
2017-08-12,13,HOME AND KITCHEN II,8.0
2017-08-13,13,HOME AND KITCHEN II,12.0
2017-08-14,13,HOME AND KITCHEN II,16.0
2017-08-15,13,HOME AND KITCHEN II,9.0
2017-08-02,13,HOME APPLIANCES,0.0
2017-08-03,13,HOME APPLIANCES,0.0
2017-08-04,13,HOME APPLIANCES,0.0
2017-08-05,13,HOME APPLIANCES,0.0
2017-08-06,13,HOME APPLIANCES,0.0
2017-08-07,13,HOME APPLIANCES,0.0
2017-08-08,13,HOME APPLIANCES,0.0
2017-08-09,13,HOME APPLIANCES,0.0
2017-08-10,13,HOME APPLIANCES,0.0
2017-08-11,13,HOME APPLIANCES,0.0
2017-08-12,13,HOME APPLIANCES,0.0
2017-08-13,13,HOME APPLIANCES,0.0
2017-08-14,13,HOME APPLIANCES,0.0
2017-08-15,13,HOME APPLIANCES,0.0
2017-08-02,13,HOME CARE,144.0
2017-08-03,13,HOME CARE,183.0
2017-08-04,13,HOME CARE,149.0
2017-08-05,13,HOME CARE,206.0
2017-08-06,13,HOME CARE,150.0
2017-08-07,13,HOME CARE,151.0
2017-08-08,13,HOME CARE,142.0
2017-08-09,13,HOME CARE,125.0
2017-08-10,13,HOME CARE,110.0
2017-08-11,13,HOME CARE,111.0
2017-08-12,13,HOME CARE,179.0
2017-08-13,13,HOME CARE,143.0
2017-08-14,13,HOME CARE,120.0
2017-08-15,13,HOME CARE,122.0
2017-08-02,13,LADIESWEAR,1.0
2017-08-03,13,LADIESWEAR,2.0
2017-08-04,13,LADIESWEAR,1.0
2017-08-05,13,LADIESWEAR,2.0
2017-08-06,13,LADIESWEAR,3.0
2017-08-07,13,LADIESWEAR,1.0
2017-08-08,13,LADIESWEAR,3.0
2017-08-09,13,LADIESWEAR,0.0
2017-08-10,13,LADIESWEAR,1.0
2017-08-11,13,LADIESWEAR,0.0
2017-08-12,13,LADIESWEAR,5.0
2017-08-13,13,LADIESWEAR,2.0
2017-08-14,13,LADIESWEAR,0.0
2017-08-15,13,LADIESWEAR,1.0
2017-08-02,13,LAWN AND GARDEN,0.0
2017-08-03,13,LAWN AND GARDEN,0.0
2017-08-04,13,LAWN AND GARDEN,0.0
2017-08-05,13,LAWN AND GARDEN,0.0
2017-08-06,13,LAWN AND GARDEN,0.0
2017-08-07,13,LAWN AND GARDEN,0.0
2017-08-08,13,LAWN AND GARDEN,0.0
2017-08-09,13,LAWN AND GARDEN,0.0
2017-08-10,13,LAWN AND GARDEN,0.0
2017-08-11,13,LAWN AND GARDEN,0.0
2017-08-12,13,LAWN AND GARDEN,0.0
2017-08-13,13,LAWN AND GARDEN,0.0
2017-08-14,13,LAWN AND GARDEN,0.0
2017-08-15,13,LAWN AND GARDEN,0.0
2017-08-02,13,LINGERIE,0.0
2017-08-03,13,LINGERIE,8.0
2017-08-04,13,LINGERIE,0.0
2017-08-05,13,LINGERIE,3.0
2017-08-06,13,LINGERIE,6.0
2017-08-07,13,LINGERIE,3.0
2017-08-08,13,LINGERIE,3.0
2017-08-09,13,LINGERIE,1.0
2017-08-10,13,LINGERIE,0.0
2017-08-11,13,LINGERIE,2.0
2017-08-12,13,LINGERIE,1.0
2017-08-13,13,LINGERIE,3.0
2017-08-14,13,LINGERIE,2.0
2017-08-15,13,LINGERIE,2.0
2017-08-02,13,"LIQUOR,WINE,BEER",55.0
2017-08-03,13,"LIQUOR,WINE,BEER",32.0
2017-08-04,13,"LIQUOR,WINE,BEER",50.0
2017-08-05,13,"LIQUOR,WINE,BEER",102.0
2017-08-06,13,"LIQUOR,WINE,BEER",17.0
2017-08-07,13,"LIQUOR,WINE,BEER",23.0
2017-08-08,13,"LIQUOR,WINE,BEER",19.0
2017-08-09,13,"LIQUOR,WINE,BEER",43.0
2017-08-10,13,"LIQUOR,WINE,BEER",44.0
2017-08-11,13,"LIQUOR,WINE,BEER",59.0
2017-08-12,13,"LIQUOR,WINE,BEER",126.0
2017-08-13,13,"LIQUOR,WINE,BEER",17.0
2017-08-14,13,"LIQUOR,WINE,BEER",30.0
2017-08-15,13,"LIQUOR,WINE,BEER",7.0
2017-08-02,13,MAGAZINES,0.0
2017-08-03,13,MAGAZINES,0.0
2017-08-04,13,MAGAZINES,0.0
2017-08-05,13,MAGAZINES,0.0
2017-08-06,13,MAGAZINES,1.0
2017-08-07,13,MAGAZINES,6.0
2017-08-08,13,MAGAZINES,2.0
2017-08-09,13,MAGAZINES,4.0
2017-08-10,13,MAGAZINES,0.0
2017-08-11,13,MAGAZINES,0.0
2017-08-12,13,MAGAZINES,0.0
2017-08-13,13,MAGAZINES,1.0
2017-08-14,13,MAGAZINES,1.0
2017-08-15,13,MAGAZINES,1.0
2017-08-02,13,MEATS,121.072
2017-08-03,13,MEATS,233.341
2017-08-04,13,MEATS,103.138
2017-08-05,13,MEATS,232.98401
2017-08-06,13,MEATS,128.303
2017-08-07,13,MEATS,200.073
2017-08-08,13,MEATS,206.77701
2017-08-09,13,MEATS,48.937
2017-08-10,13,MEATS,176.716
2017-08-11,13,MEATS,126.81
2017-08-12,13,MEATS,177.765
2017-08-13,13,MEATS,97.952995
2017-08-14,13,MEATS,169.356
2017-08-15,13,MEATS,187.51201
2017-08-02,13,PERSONAL CARE,232.0
2017-08-03,13,PERSONAL CARE,230.0
2017-08-04,13,PERSONAL CARE,187.0
2017-08-05,13,PERSONAL CARE,302.0
2017-08-06,13,PERSONAL CARE,172.0
2017-08-07,13,PERSONAL CARE,270.0
2017-08-08,13,PERSONAL CARE,162.0
2017-08-09,13,PERSONAL CARE,222.0
2017-08-10,13,PERSONAL CARE,134.0
2017-08-11,13,PERSONAL CARE,135.0
2017-08-12,13,PERSONAL CARE,211.0
2017-08-13,13,PERSONAL CARE,235.0
2017-08-14,13,PERSONAL CARE,174.0
2017-08-15,13,PERSONAL CARE,177.0
2017-08-02,13,PET SUPPLIES,0.0
2017-08-03,13,PET SUPPLIES,0.0
2017-08-04,13,PET SUPPLIES,0.0
2017-08-05,13,PET SUPPLIES,1.0
2017-08-06,13,PET SUPPLIES,0.0
2017-08-07,13,PET SUPPLIES,1.0
2017-08-08,13,PET SUPPLIES,1.0
2017-08-09,13,PET SUPPLIES,0.0
2017-08-10,13,PET SUPPLIES,0.0
2017-08-11,13,PET SUPPLIES,1.0
2017-08-12,13,PET SUPPLIES,2.0
2017-08-13,13,PET SUPPLIES,0.0
2017-08-14,13,PET SUPPLIES,1.0
2017-08-15,13,PET SUPPLIES,0.0
2017-08-02,13,PLAYERS AND ELECTRONICS,9.0
2017-08-03,13,PLAYERS AND ELECTRONICS,6.0
2017-08-04,13,PLAYERS AND ELECTRONICS,6.0
2017-08-05,13,PLAYERS AND ELECTRONICS,7.0
2017-08-06,13,PLAYERS AND ELECTRONICS,7.0
2017-08-07,13,PLAYERS AND ELECTRONICS,7.0
2017-08-08,13,PLAYERS AND ELECTRONICS,9.0
2017-08-09,13,PLAYERS AND ELECTRONICS,2.0
2017-08-10,13,PLAYERS AND ELECTRONICS,8.0
2017-08-11,13,PLAYERS AND ELECTRONICS,2.0
2017-08-12,13,PLAYERS AND ELECTRONICS,4.0
2017-08-13,13,PLAYERS AND ELECTRONICS,5.0
2017-08-14,13,PLAYERS AND ELECTRONICS,6.0
2017-08-15,13,PLAYERS AND ELECTRONICS,5.0
2017-08-02,13,POULTRY,64.237
2017-08-03,13,POULTRY,94.596
2017-08-04,13,POULTRY,90.097
2017-08-05,13,POULTRY,134.241
2017-08-06,13,POULTRY,99.903
2017-08-07,13,POULTRY,127.629
2017-08-08,13,POULTRY,129.496
2017-08-09,13,POULTRY,52.939
2017-08-10,13,POULTRY,126.257
2017-08-11,13,POULTRY,103.2
2017-08-12,13,POULTRY,151.78
2017-08-13,13,POULTRY,87.876
2017-08-14,13,POULTRY,58.017
2017-08-15,13,POULTRY,74.084
2017-08-02,13,PREPARED FOODS,30.0
2017-08-03,13,PREPARED FOODS,20.0
2017-08-04,13,PREPARED FOODS,28.0
2017-08-05,13,PREPARED FOODS,41.0
2017-08-06,13,PREPARED FOODS,26.0
2017-08-07,13,PREPARED FOODS,23.0
2017-08-08,13,PREPARED FOODS,22.0
2017-08-09,13,PREPARED FOODS,17.0
2017-08-10,13,PREPARED FOODS,21.0
2017-08-11,13,PREPARED FOODS,16.0
2017-08-12,13,PREPARED FOODS,11.0
2017-08-13,13,PREPARED FOODS,23.0
2017-08-14,13,PREPARED FOODS,26.0
2017-08-15,13,PREPARED FOODS,21.0
2017-08-02,13,PRODUCE,208.427
2017-08-03,13,PRODUCE,177.875
2017-08-04,13,PRODUCE,228.686
2017-08-05,13,PRODUCE,179.445
2017-08-06,13,PRODUCE,167.419
2017-08-07,13,PRODUCE,224.106
2017-08-08,13,PRODUCE,191.268
2017-08-09,13,PRODUCE,132.879
2017-08-10,13,PRODUCE,167.708
2017-08-11,13,PRODUCE,221.247
2017-08-12,13,PRODUCE,231.321
2017-08-13,13,PRODUCE,167.58
2017-08-14,13,PRODUCE,177.561
2017-08-15,13,PRODUCE,303.455
2017-08-02,13,SCHOOL AND OFFICE SUPPLIES,0.0
2017-08-03,13,SCHOOL AND OFFICE SUPPLIES,0.0
2017-08-04,13,SCHOOL AND OFFICE SUPPLIES,0.0
2017-08-05,13,SCHOOL AND OFFICE SUPPLIES,0.0
2017-08-06,13,SCHOOL AND OFFICE SUPPLIES,0.0
2017-08-07,13,SCHOOL AND OFFICE SUPPLIES,0.0
2017-08-08,13,SCHOOL AND OFFICE SUPPLIES,5.0
2017-08-09,13,SCHOOL AND OFFICE SUPPLIES,0.0
2017-08-10,13,SCHOOL AND OFFICE SUPPLIES,4.0
2017-08-11,13,SCHOOL AND OFFICE SUPPLIES,5.0
2017-08-12,13,SCHOOL AND OFFICE SUPPLIES,12.0
2017-08-13,13,SCHOOL AND OFFICE SUPPLIES,12.0
2017-08-14,13,SCHOOL AND OFFICE SUPPLIES,28.0
2017-08-15,13,SCHOOL AND OFFICE SUPPLIES,7.0
2017-08-02,13,SEAFOOD,1.0
2017-08-03,13,SEAFOOD,1.0
2017-08-04,13,SEAFOOD,5.0
2017-08-05,13,SEAFOOD,3.0
2017-08-06,13,SEAFOOD,1.0
2017-08-07,13,SEAFOOD,1.0
2017-08-08,13,SEAFOOD,1.0
2017-08-09,13,SEAFOOD,2.0
2017-08-10,13,SEAFOOD,0.0
2017-08-11,13,SEAFOOD,1.0
2017-08-12,13,SEAFOOD,2.0
2017-08-13,13,SEAFOOD,0.0
2017-08-14,13,SEAFOOD,0.0
2017-08-15,13,SEAFOOD,1.0
2017-08-02,14,AUTOMOTIVE,4.0
2017-08-03,14,AUTOMOTIVE,4.0
2017-08-04,14,AUTOMOTIVE,6.0
2017-08-05,14,AUTOMOTIVE,3.0
2017-08-06,14,AUTOMOTIVE,6.0
2017-08-07,14,AUTOMOTIVE,4.0
2017-08-08,14,AUTOMOTIVE,1.0
2017-08-09,14,AUTOMOTIVE,3.0
2017-08-10,14,AUTOMOTIVE,1.0
2017-08-11,14,AUTOMOTIVE,1.0
2017-08-12,14,AUTOMOTIVE,10.0
2017-08-13,14,AUTOMOTIVE,3.0
2017-08-14,14,AUTOMOTIVE,3.0
2017-08-15,14,AUTOMOTIVE,6.0
2017-08-02,14,BABY CARE,0.0
2017-08-03,14,BABY CARE,0.0
2017-08-04,14,BABY CARE,0.0
2017-08-05,14,BABY CARE,0.0
2017-08-06,14,BABY CARE,0.0
2017-08-07,14,BABY CARE,0.0
2017-08-08,14,BABY CARE,0.0
2017-08-09,14,BABY CARE,0.0
2017-08-10,14,BABY CARE,0.0
2017-08-11,14,BABY CARE,0.0
2017-08-12,14,BABY CARE,0.0
2017-08-13,14,BABY CARE,0.0
2017-08-14,14,BABY CARE,0.0
2017-08-15,14,BABY CARE,0.0
2017-08-02,14,BEAUTY,6.0
2017-08-03,14,BEAUTY,2.0
2017-08-04,14,BEAUTY,1.0
2017-08-05,14,BEAUTY,2.0
2017-08-06,14,BEAUTY,1.0
2017-08-07,14,BEAUTY,1.0
2017-08-08,14,BEAUTY,4.0
2017-08-09,14,BEAUTY,2.0
2017-08-10,14,BEAUTY,1.0
2017-08-11,14,BEAUTY,1.0
2017-08-12,14,BEAUTY,0.0
2017-08-13,14,BEAUTY,2.0
2017-08-14,14,BEAUTY,2.0
2017-08-15,14,BEAUTY,2.0
2017-08-02,14,BEVERAGES,2743.0
2017-08-03,14,BEVERAGES,2218.0
2017-08-04,14,BEVERAGES,1516.0
2017-08-05,14,BEVERAGES,1767.0
2017-08-06,14,BEVERAGES,2056.0
2017-08-07,14,BEVERAGES,1076.0
2017-08-08,14,BEVERAGES,1241.0
2017-08-09,14,BEVERAGES,1377.0
2017-08-10,14,BEVERAGES,1188.0
2017-08-11,14,BEVERAGES,1522.0
2017-08-12,14,BEVERAGES,1621.0
2017-08-13,14,BEVERAGES,2017.0
2017-08-14,14,BEVERAGES,1440.0
2017-08-15,14,BEVERAGES,2400.0
2017-08-02,14,BOOKS,0.0
2017-08-03,14,BOOKS,0.0
2017-08-04,14,BOOKS,0.0
2017-08-05,14,BOOKS,0.0
2017-08-06,14,BOOKS,0.0
2017-08-07,14,BOOKS,0.0
2017-08-08,14,BOOKS,0.0
2017-08-09,14,BOOKS,0.0
2017-08-10,14,BOOKS,0.0
2017-08-11,14,BOOKS,0.0
2017-08-12,14,BOOKS,0.0
2017-08-13,14,BOOKS,0.0
2017-08-14,14,BOOKS,0.0
2017-08-15,14,BOOKS,0.0
2017-08-02,14,BREAD/BAKERY,198.0
2017-08-03,14,BREAD/BAKERY,137.0
2017-08-04,14,BREAD/BAKERY,171.0
2017-08-05,14,BREAD/BAKERY,236.0
2017-08-06,14,BREAD/BAKERY,142.0
2017-08-07,14,BREAD/BAKERY,168.0
2017-08-08,14,BREAD/BAKERY,162.0
2017-08-09,14,BREAD/BAKERY,146.0
2017-08-10,14,BREAD/BAKERY,149.0
2017-08-11,14,BREAD/BAKERY,167.0
2017-08-12,14,BREAD/BAKERY,136.0
2017-08-13,14,BREAD/BAKERY,140.0
2017-08-14,14,BREAD/BAKERY,153.0
2017-08-15,14,BREAD/BAKERY,227.0
2017-08-02,14,CELEBRATION,4.0
2017-08-03,14,CELEBRATION,9.0
2017-08-04,14,CELEBRATION,6.0
2017-08-05,14,CELEBRATION,11.0
2017-08-06,14,CELEBRATION,20.0
2017-08-07,14,CELEBRATION,5.0
2017-08-08,14,CELEBRATION,8.0
2017-08-09,14,CELEBRATION,4.0
2017-08-10,14,CELEBRATION,9.0
2017-08-11,14,CELEBRATION,28.0
2017-08-12,14,CELEBRATION,30.0
2017-08-13,14,CELEBRATION,5.0
2017-08-14,14,CELEBRATION,21.0
2017-08-15,14,CELEBRATION,3.0
2017-08-02,14,CLEANING,1550.0
2017-08-03,14,CLEANING,4016.0
2017-08-04,14,CLEANING,950.0
2017-08-05,14,CLEANING,1542.0
2017-08-06,14,CLEANING,802.0
2017-08-07,14,CLEANING,1035.0
2017-08-08,14,CLEANING,1081.0
2017-08-09,14,CLEANING,823.0
2017-08-10,14,CLEANING,666.0
2017-08-11,14,CLEANING,763.0
2017-08-12,14,CLEANING,1138.0
2017-08-13,14,CLEANING,568.0
2017-08-14,14,CLEANING,1139.0
2017-08-15,14,CLEANING,821.0
2017-08-02,14,DAIRY,476.0
2017-08-03,14,DAIRY,415.0
2017-08-04,14,DAIRY,366.0
2017-08-05,14,DAIRY,493.0
2017-08-06,14,DAIRY,338.0
2017-08-07,14,DAIRY,445.0
2017-08-08,14,DAIRY,340.0
2017-08-09,14,DAIRY,445.0
2017-08-10,14,DAIRY,332.0
2017-08-11,14,DAIRY,332.0
2017-08-12,14,DAIRY,437.0
2017-08-13,14,DAIRY,229.0
2017-08-14,14,DAIRY,353.0
2017-08-15,14,DAIRY,436.0
2017-08-02,14,DELI,301.0
2017-08-03,14,DELI,202.0
2017-08-04,14,DELI,313.0
2017-08-05,14,DELI,378.0
2017-08-06,14,DELI,196.0
2017-08-07,14,DELI,277.0
2017-08-08,14,DELI,231.0
2017-08-09,14,DELI,280.0
2017-08-10,14,DELI,207.0
2017-08-11,14,DELI,379.0
2017-08-12,14,DELI,234.0
2017-08-13,14,DELI,143.0
2017-08-14,14,DELI,263.0
2017-08-15,14,DELI,256.0
2017-08-02,14,EGGS,28.0
2017-08-03,14,EGGS,15.0
2017-08-04,14,EGGS,42.0
2017-08-05,14,EGGS,44.0
2017-08-06,14,EGGS,68.0
2017-08-07,14,EGGS,61.0
2017-08-08,14,EGGS,39.0
2017-08-09,14,EGGS,14.0
2017-08-10,14,EGGS,81.0
2017-08-11,14,EGGS,32.0
2017-08-12,14,EGGS,43.0
2017-08-13,14,EGGS,17.0
2017-08-14,14,EGGS,13.0
2017-08-15,14,EGGS,35.0
2017-08-02,14,FROZEN FOODS,50.0
2017-08-03,14,FROZEN FOODS,40.0
2017-08-04,14,FROZEN FOODS,50.0
2017-08-05,14,FROZEN FOODS,91.895004
2017-08-06,14,FROZEN FOODS,46.0
2017-08-07,14,FROZEN FOODS,31.0
2017-08-08,14,FROZEN FOODS,53.0
2017-08-09,14,FROZEN FOODS,25.0
2017-08-10,14,FROZEN FOODS,33.0
2017-08-11,14,FROZEN FOODS,47.0
2017-08-12,14,FROZEN FOODS,83.0
2017-08-13,14,FROZEN FOODS,32.0
2017-08-14,14,FROZEN FOODS,30.0
2017-08-15,14,FROZEN FOODS,34.0
2017-08-02,14,GROCERY I,4439.0
2017-08-03,14,GROCERY I,3236.0
2017-08-04,14,GROCERY I,2929.0
2017-08-05,14,GROCERY I,4207.0
2017-08-06,14,GROCERY I,2365.0
2017-08-07,14,GROCERY I,2669.0
2017-08-08,14,GROCERY I,3251.0
2017-08-09,14,GROCERY I,2400.0
2017-08-10,14,GROCERY I,2351.0
2017-08-11,14,GROCERY I,2987.0
2017-08-12,14,GROCERY I,3441.0
2017-08-13,14,GROCERY I,2140.0
2017-08-14,14,GROCERY I,2732.0
2017-08-15,14,GROCERY I,3789.0
2017-08-02,14,GROCERY II,2.0
2017-08-03,14,GROCERY II,5.0
2017-08-04,14,GROCERY II,8.0
2017-08-05,14,GROCERY II,6.0
2017-08-06,14,GROCERY II,1.0
2017-08-07,14,GROCERY II,4.0
2017-08-08,14,GROCERY II,0.0
2017-08-09,14,GROCERY II,1.0
2017-08-10,14,GROCERY II,3.0
2017-08-11,14,GROCERY II,4.0
2017-08-12,14,GROCERY II,12.0
2017-08-13,14,GROCERY II,3.0
2017-08-14,14,GROCERY II,1.0
2017-08-15,14,GROCERY II,2.0
2017-08-02,14,HARDWARE,0.0
2017-08-03,14,HARDWARE,2.0
2017-08-04,14,HARDWARE,0.0
2017-08-05,14,HARDWARE,0.0
2017-08-06,14,HARDWARE,1.0
2017-08-07,14,HARDWARE,0.0
2017-08-08,14,HARDWARE,0.0
2017-08-09,14,HARDWARE,0.0
2017-08-10,14,HARDWARE,0.0
2017-08-11,14,HARDWARE,0.0
2017-08-12,14,HARDWARE,0.0
2017-08-13,14,HARDWARE,0.0
2017-08-14,14,HARDWARE,0.0
2017-08-15,14,HARDWARE,0.0
2017-08-02,14,HOME AND KITCHEN I,14.0
2017-08-03,14,HOME AND KITCHEN I,21.0
2017-08-04,14,HOME AND KITCHEN I,7.0
2017-08-05,14,HOME AND KITCHEN I,10.0
2017-08-06,14,HOME AND KITCHEN I,8.0
2017-08-07,14,HOME AND KITCHEN I,12.0
2017-08-08,14,HOME AND KITCHEN I,9.0
2017-08-09,14,HOME AND KITCHEN I,9.0
2017-08-10,14,HOME AND KITCHEN I,16.0
2017-08-11,14,HOME AND KITCHEN I,5.0
2017-08-12,14,HOME AND KITCHEN I,10.0
2017-08-13,14,HOME AND KITCHEN I,4.0
2017-08-14,14,HOME AND KITCHEN I,5.0
2017-08-15,14,HOME AND KITCHEN I,2.0
2017-08-02,14,HOME AND KITCHEN II,16.0
2017-08-03,14,HOME AND KITCHEN II,19.0
2017-08-04,14,HOME AND KITCHEN II,18.0
2017-08-05,14,HOME AND KITCHEN II,36.0
2017-08-06,14,HOME AND KITCHEN II,34.0
2017-08-07,14,HOME AND KITCHEN II,40.0
2017-08-08,14,HOME AND KITCHEN II,13.0
2017-08-09,14,HOME AND KITCHEN II,10.0
2017-08-10,14,HOME AND KITCHEN II,20.0
2017-08-11,14,HOME AND KITCHEN II,19.0
2017-08-12,14,HOME AND KITCHEN II,31.0
2017-08-13,14,HOME AND KITCHEN II,10.0
2017-08-14,14,HOME AND KITCHEN II,17.0
2017-08-15,14,HOME AND KITCHEN II,19.0
2017-08-02,14,HOME APPLIANCES,0.0
2017-08-03,14,HOME APPLIANCES,0.0
2017-08-04,14,HOME APPLIANCES,0.0
2017-08-05,14,HOME APPLIANCES,0.0
2017-08-06,14,HOME APPLIANCES,0.0
2017-08-07,14,HOME APPLIANCES,1.0
2017-08-08,14,HOME APPLIANCES,0.0
2017-08-09,14,HOME APPLIANCES,0.0
2017-08-10,14,HOME APPLIANCES,0.0
2017-08-11,14,HOME APPLIANCES,0.0
2017-08-12,14,HOME APPLIANCES,0.0
2017-08-13,14,HOME APPLIANCES,0.0
2017-08-14,14,HOME APPLIANCES,0.0
2017-08-15,14,HOME APPLIANCES,0.0
2017-08-02,14,HOME CARE,235.0
2017-08-03,14,HOME CARE,250.0
2017-08-04,14,HOME CARE,178.0
2017-08-05,14,HOME CARE,329.0
2017-08-06,14,HOME CARE,143.0
2017-08-07,14,HOME CARE,219.0
2017-08-08,14,HOME CARE,152.0
2017-08-09,14,HOME CARE,200.0
2017-08-10,14,HOME CARE,156.0
2017-08-11,14,HOME CARE,137.0
2017-08-12,14,HOME CARE,256.0
2017-08-13,14,HOME CARE,105.0
2017-08-14,14,HOME CARE,183.0
2017-08-15,14,HOME CARE,166.0
2017-08-02,14,LADIESWEAR,0.0
2017-08-03,14,LADIESWEAR,3.0
2017-08-04,14,LADIESWEAR,0.0
2017-08-05,14,LADIESWEAR,0.0
2017-08-06,14,LADIESWEAR,3.0
2017-08-07,14,LADIESWEAR,0.0
2017-08-08,14,LADIESWEAR,0.0
2017-08-09,14,LADIESWEAR,3.0
2017-08-10,14,LADIESWEAR,0.0
2017-08-11,14,LADIESWEAR,0.0
2017-08-12,14,LADIESWEAR,3.0
2017-08-13,14,LADIESWEAR,0.0
2017-08-14,14,LADIESWEAR,3.0
2017-08-15,14,LADIESWEAR,0.0
2017-08-02,14,LAWN AND GARDEN,0.0
2017-08-03,14,LAWN AND GARDEN,0.0
2017-08-04,14,LAWN AND GARDEN,0.0
2017-08-05,14,LAWN AND GARDEN,0.0
2017-08-06,14,LAWN AND GARDEN,0.0
2017-08-07,14,LAWN AND GARDEN,0.0
2017-08-08,14,LAWN AND GARDEN,0.0
2017-08-09,14,LAWN AND GARDEN,0.0
2017-08-10,14,LAWN AND GARDEN,0.0
2017-08-11,14,LAWN AND GARDEN,0.0
2017-08-12,14,LAWN AND GARDEN,0.0
2017-08-13,14,LAWN AND GARDEN,0.0
2017-08-14,14,LAWN AND GARDEN,0.0
2017-08-15,14,LAWN AND GARDEN,0.0
2017-08-02,14,LINGERIE,5.0
2017-08-03,14,LINGERIE,5.0
2017-08-04,14,LINGERIE,7.0
2017-08-05,14,LINGERIE,3.0
2017-08-06,14,LINGERIE,0.0
2017-08-07,14,LINGERIE,3.0
2017-08-08,14,LINGERIE,2.0
2017-08-09,14,LINGERIE,2.0
2017-08-10,14,LINGERIE,4.0
2017-08-11,14,LINGERIE,4.0
2017-08-12,14,LINGERIE,1.0
2017-08-13,14,LINGERIE,0.0
2017-08-14,14,LINGERIE,1.0
2017-08-15,14,LINGERIE,7.0
2017-08-02,14,"LIQUOR,WINE,BEER",8.0
2017-08-03,14,"LIQUOR,WINE,BEER",9.0
2017-08-04,14,"LIQUOR,WINE,BEER",31.0
2017-08-05,14,"LIQUOR,WINE,BEER",42.0
2017-08-06,14,"LIQUOR,WINE,BEER",7.0
2017-08-07,14,"LIQUOR,WINE,BEER",2.0
2017-08-08,14,"LIQUOR,WINE,BEER",6.0
2017-08-09,14,"LIQUOR,WINE,BEER",14.0
2017-08-10,14,"LIQUOR,WINE,BEER",7.0
2017-08-11,14,"LIQUOR,WINE,BEER",19.0
2017-08-12,14,"LIQUOR,WINE,BEER",20.0
2017-08-13,14,"LIQUOR,WINE,BEER",46.0
2017-08-14,14,"LIQUOR,WINE,BEER",8.0
2017-08-15,14,"LIQUOR,WINE,BEER",19.0
2017-08-02,14,MAGAZINES,2.0
2017-08-03,14,MAGAZINES,2.0
2017-08-04,14,MAGAZINES,2.0
2017-08-05,14,MAGAZINES,2.0
2017-08-06,14,MAGAZINES,1.0
2017-08-07,14,MAGAZINES,0.0
2017-08-08,14,MAGAZINES,0.0
2017-08-09,14,MAGAZINES,2.0
2017-08-10,14,MAGAZINES,2.0
2017-08-11,14,MAGAZINES,2.0
2017-08-12,14,MAGAZINES,4.0
2017-08-13,14,MAGAZINES,3.0
2017-08-14,14,MAGAZINES,4.0
2017-08-15,14,MAGAZINES,5.0
2017-08-02,14,MEATS,153.783
2017-08-03,14,MEATS,327.642
2017-08-04,14,MEATS,256.111
2017-08-05,14,MEATS,493.188
2017-08-06,14,MEATS,235.661
2017-08-07,14,MEATS,263.51
2017-08-08,14,MEATS,223.57901
2017-08-09,14,MEATS,132.048
2017-08-10,14,MEATS,398.36
2017-08-11,14,MEATS,206.772
2017-08-12,14,MEATS,411.581
2017-08-13,14,MEATS,190.086
2017-08-14,14,MEATS,215.026
2017-08-15,14,MEATS,116.747
2017-08-02,14,PERSONAL CARE,412.0
2017-08-03,14,PERSONAL CARE,260.0
2017-08-04,14,PERSONAL CARE,318.0
2017-08-05,14,PERSONAL CARE,399.0
2017-08-06,14,PERSONAL CARE,192.0
2017-08-07,14,PERSONAL CARE,282.0
2017-08-08,14,PERSONAL CARE,211.0
2017-08-09,14,PERSONAL CARE,264.0
2017-08-10,14,PERSONAL CARE,191.0
2017-08-11,14,PERSONAL CARE,255.0
2017-08-12,14,PERSONAL CARE,283.0
2017-08-13,14,PERSONAL CARE,118.0
2017-08-14,14,PERSONAL CARE,322.0
2017-08-15,14,PERSONAL CARE,264.0
2017-08-02,14,PET SUPPLIES,3.0
2017-08-03,14,PET SUPPLIES,0.0
2017-08-04,14,PET SUPPLIES,0.0
2017-08-05,14,PET SUPPLIES,0.0
2017-08-06,14,PET SUPPLIES,2.0
2017-08-07,14,PET SUPPLIES,1.0
2017-08-08,14,PET SUPPLIES,0.0
2017-08-09,14,PET SUPPLIES,1.0
2017-08-10,14,PET SUPPLIES,0.0
2017-08-11,14,PET SUPPLIES,1.0
2017-08-12,14,PET SUPPLIES,1.0
2017-08-13,14,PET SUPPLIES,2.0
2017-08-14,14,PET SUPPLIES,0.0
2017-08-15,14,PET SUPPLIES,1.0
2017-08-02,14,PLAYERS AND ELECTRONICS,3.0
2017-08-03,14,PLAYERS AND ELECTRONICS,3.0
2017-08-04,14,PLAYERS AND ELECTRONICS,8.0
2017-08-05,14,PLAYERS AND ELECTRONICS,9.0
2017-08-06,14,PLAYERS AND ELECTRONICS,5.0
2017-08-07,14,PLAYERS AND ELECTRONICS,9.0
2017-08-08,14,PLAYERS AND ELECTRONICS,4.0
2017-08-09,14,PLAYERS AND ELECTRONICS,3.0
2017-08-10,14,PLAYERS AND ELECTRONICS,7.0
2017-08-11,14,PLAYERS AND ELECTRONICS,8.0
2017-08-12,14,PLAYERS AND ELECTRONICS,6.0
2017-08-13,14,PLAYERS AND ELECTRONICS,3.0
2017-08-14,14,PLAYERS AND ELECTRONICS,3.0
2017-08-15,14,PLAYERS AND ELECTRONICS,13.0
2017-08-02,14,POULTRY,100.704
2017-08-03,14,POULTRY,79.098
2017-08-04,14,POULTRY,65.162
2017-08-05,14,POULTRY,194.482
2017-08-06,14,POULTRY,91.935
2017-08-07,14,POULTRY,72.955
2017-08-08,14,POULTRY,61.149998
2017-08-09,14,POULTRY,43.655
2017-08-10,14,POULTRY,123.056
2017-08-11,14,POULTRY,77.553
2017-08-12,14,POULTRY,200.442
2017-08-13,14,POULTRY,61.86
2017-08-14,14,POULTRY,31.508
2017-08-15,14,POULTRY,50.337
2017-08-02,14,PREPARED FOODS,114.0
2017-08-03,14,PREPARED FOODS,129.0
2017-08-04,14,PREPARED FOODS,81.0
2017-08-05,14,PREPARED FOODS,124.0
2017-08-06,14,PREPARED FOODS,59.0
2017-08-07,14,PREPARED FOODS,108.0
2017-08-08,14,PREPARED FOODS,101.0
2017-08-09,14,PREPARED FOODS,73.0
2017-08-10,14,PREPARED FOODS,99.0
2017-08-11,14,PREPARED FOODS,84.0
2017-08-12,14,PREPARED FOODS,105.0
2017-08-13,14,PREPARED FOODS,61.0
2017-08-14,14,PREPARED FOODS,95.0
2017-08-15,14,PREPARED FOODS,107.0
2017-08-02,14,PRODUCE,413.564
2017-08-03,14,PRODUCE,349.429
2017-08-04,14,PRODUCE,304.812
2017-08-05,14,PRODUCE,533.387
2017-08-06,14,PRODUCE,370.208
2017-08-07,14,PRODUCE,436.053
2017-08-08,14,PRODUCE,405.954
2017-08-09,14,PRODUCE,285.639
2017-08-10,14,PRODUCE,327.063
2017-08-11,14,PRODUCE,375.697
2017-08-12,14,PRODUCE,420.427
2017-08-13,14,PRODUCE,333.363
2017-08-14,14,PRODUCE,352.513
2017-08-15,14,PRODUCE,551.648
2017-08-02,14,SCHOOL AND OFFICE SUPPLIES,1.0
2017-08-03,14,SCHOOL AND OFFICE SUPPLIES,0.0
2017-08-04,14,SCHOOL AND OFFICE SUPPLIES,0.0
2017-08-05,14,SCHOOL AND OFFICE SUPPLIES,0.0
2017-08-06,14,SCHOOL AND OFFICE SUPPLIES,0.0
2017-08-07,14,SCHOOL AND OFFICE SUPPLIES,0.0
2017-08-08,14,SCHOOL AND OFFICE SUPPLIES,0.0
2017-08-09,14,SCHOOL AND OFFICE SUPPLIES,4.0
2017-08-10,14,SCHOOL AND OFFICE SUPPLIES,12.0
2017-08-11,14,SCHOOL AND OFFICE SUPPLIES,3.0
2017-08-12,14,SCHOOL AND OFFICE SUPPLIES,8.0
2017-08-13,14,SCHOOL AND OFFICE SUPPLIES,10.0
2017-08-14,14,SCHOOL AND OFFICE SUPPLIES,7.0
2017-08-15,14,SCHOOL AND OFFICE SUPPLIES,4.0
2017-08-02,14,SEAFOOD,9.0
2017-08-03,14,SEAFOOD,5.0
2017-08-04,14,SEAFOOD,7.0
2017-08-05,14,SEAFOOD,10.0
2017-08-06,14,SEAFOOD,2.0
2017-08-07,14,SEAFOOD,2.0
2017-08-08,14,SEAFOOD,2.0
2017-08-09,14,SEAFOOD,6.0
2017-08-10,14,SEAFOOD,4.0
2017-08-11,14,SEAFOOD,3.0
2017-08-12,14,SEAFOOD,7.0
2017-08-13,14,SEAFOOD,4.0
2017-08-14,14,SEAFOOD,5.0
2017-08-15,14,SEAFOOD,6.0
2017-08-02,15,AUTOMOTIVE,2.0
2017-08-03,15,AUTOMOTIVE,7.0
2017-08-04,15,AUTOMOTIVE,2.0
2017-08-05,15,AUTOMOTIVE,4.0
2017-08-06,15,AUTOMOTIVE,7.0
2017-08-07,15,AUTOMOTIVE,2.0
2017-08-08,15,AUTOMOTIVE,7.0
2017-08-09,15,AUTOMOTIVE,3.0
2017-08-10,15,AUTOMOTIVE,5.0
2017-08-11,15,AUTOMOTIVE,4.0
2017-08-12,15,AUTOMOTIVE,7.0
2017-08-13,15,AUTOMOTIVE,5.0
2017-08-14,15,AUTOMOTIVE,6.0
2017-08-15,15,AUTOMOTIVE,3.0
2017-08-02,15,BABY CARE,2.0
2017-08-03,15,BABY CARE,1.0
2017-08-04,15,BABY CARE,0.0
2017-08-05,15,BABY CARE,2.0
2017-08-06,15,BABY CARE,0.0
2017-08-07,15,BABY CARE,0.0
2017-08-08,15,BABY CARE,1.0
2017-08-09,15,BABY CARE,1.0
2017-08-10,15,BABY CARE,2.0
2017-08-11,15,BABY CARE,0.0
2017-08-12,15,BABY CARE,1.0
2017-08-13,15,BABY CARE,0.0
2017-08-14,15,BABY CARE,2.0
2017-08-15,15,BABY CARE,1.0
2017-08-02,15,BEAUTY,6.0
2017-08-03,15,BEAUTY,1.0
2017-08-04,15,BEAUTY,2.0
2017-08-05,15,BEAUTY,2.0
2017-08-06,15,BEAUTY,3.0
2017-08-07,15,BEAUTY,2.0
2017-08-08,15,BEAUTY,1.0
2017-08-09,15,BEAUTY,2.0
2017-08-10,15,BEAUTY,4.0
2017-08-11,15,BEAUTY,7.0
2017-08-12,15,BEAUTY,4.0
2017-08-13,15,BEAUTY,5.0
2017-08-14,15,BEAUTY,3.0
2017-08-15,15,BEAUTY,6.0
2017-08-02,15,BEVERAGES,2132.0
2017-08-03,15,BEVERAGES,1993.0
2017-08-04,15,BEVERAGES,1743.0
2017-08-05,15,BEVERAGES,2060.0
2017-08-06,15,BEVERAGES,1698.0
2017-08-07,15,BEVERAGES,1991.0
2017-08-08,15,BEVERAGES,1767.0
2017-08-09,15,BEVERAGES,1469.0
2017-08-10,15,BEVERAGES,1466.0
2017-08-11,15,BEVERAGES,1378.0
2017-08-12,15,BEVERAGES,1418.0
2017-08-13,15,BEVERAGES,1367.0
2017-08-14,15,BEVERAGES,1814.0
2017-08-15,15,BEVERAGES,1825.0
2017-08-02,15,BOOKS,0.0
2017-08-03,15,BOOKS,0.0
2017-08-04,15,BOOKS,0.0
2017-08-05,15,BOOKS,0.0
2017-08-06,15,BOOKS,0.0
2017-08-07,15,BOOKS,0.0
2017-08-08,15,BOOKS,0.0
2017-08-09,15,BOOKS,0.0
2017-08-10,15,BOOKS,0.0
2017-08-11,15,BOOKS,0.0
2017-08-12,15,BOOKS,0.0
2017-08-13,15,BOOKS,0.0
2017-08-14,15,BOOKS,0.0
2017-08-15,15,BOOKS,0.0
2017-08-02,15,BREAD/BAKERY,152.0
2017-08-03,15,BREAD/BAKERY,200.0
2017-08-04,15,BREAD/BAKERY,139.0
2017-08-05,15,BREAD/BAKERY,200.0
2017-08-06,15,BREAD/BAKERY,147.0
2017-08-07,15,BREAD/BAKERY,151.0
2017-08-08,15,BREAD/BAKERY,147.0
2017-08-09,15,BREAD/BAKERY,145.0
2017-08-10,15,BREAD/BAKERY,151.0
2017-08-11,15,BREAD/BAKERY,99.0
2017-08-12,15,BREAD/BAKERY,136.0
2017-08-13,15,BREAD/BAKERY,113.0
2017-08-14,15,BREAD/BAKERY,154.0
2017-08-15,15,BREAD/BAKERY,187.0
2017-08-02,15,CELEBRATION,3.0
2017-08-03,15,CELEBRATION,8.0
2017-08-04,15,CELEBRATION,3.0
2017-08-05,15,CELEBRATION,1.0
2017-08-06,15,CELEBRATION,1.0
2017-08-07,15,CELEBRATION,0.0
2017-08-08,15,CELEBRATION,2.0
2017-08-09,15,CELEBRATION,7.0
2017-08-10,15,CELEBRATION,3.0
2017-08-11,15,CELEBRATION,0.0
2017-08-12,15,CELEBRATION,5.0
2017-08-13,15,CELEBRATION,4.0
2017-08-14,15,CELEBRATION,20.0
2017-08-15,15,CELEBRATION,2.0
2017-08-02,15,CLEANING,1174.0
2017-08-03,15,CLEANING,1249.0
2017-08-04,15,CLEANING,1086.0
2017-08-05,15,CLEANING,910.0
2017-08-06,15,CLEANING,706.0
2017-08-07,15,CLEANING,1237.0
2017-08-08,15,CLEANING,920.0
2017-08-09,15,CLEANING,750.0
2017-08-10,15,CLEANING,850.0
2017-08-11,15,CLEANING,541.0
2017-08-12,15,CLEANING,837.0
2017-08-13,15,CLEANING,715.0
2017-08-14,15,CLEANING,751.0
2017-08-15,15,CLEANING,694.0
2017-08-02,15,DAIRY,407.0
2017-08-03,15,DAIRY,342.0
2017-08-04,15,DAIRY,293.0
2017-08-05,15,DAIRY,306.0
2017-08-06,15,DAIRY,213.0
2017-08-07,15,DAIRY,383.0
2017-08-08,15,DAIRY,369.0
2017-08-09,15,DAIRY,359.0
2017-08-10,15,DAIRY,353.0
2017-08-11,15,DAIRY,269.0
2017-08-12,15,DAIRY,290.0
2017-08-13,15,DAIRY,222.0
2017-08-14,15,DAIRY,373.0
2017-08-15,15,DAIRY,358.0
2017-08-02,15,DELI,269.0
2017-08-03,15,DELI,353.0
2017-08-04,15,DELI,298.0
2017-08-05,15,DELI,273.0
2017-08-06,15,DELI,191.0
2017-08-07,15,DELI,314.0
2017-08-08,15,DELI,221.0
2017-08-09,15,DELI,175.0
2017-08-10,15,DELI,196.0
2017-08-11,15,DELI,309.0
2017-08-12,15,DELI,231.0
2017-08-13,15,DELI,165.0
2017-08-14,15,DELI,326.0
2017-08-15,15,DELI,255.0
2017-08-02,15,EGGS,132.0
2017-08-03,15,EGGS,87.0
2017-08-04,15,EGGS,59.0
2017-08-05,15,EGGS,108.0
2017-08-06,15,EGGS,69.0
2017-08-07,15,EGGS,172.0
2017-08-08,15,EGGS,85.0
2017-08-09,15,EGGS,103.0
2017-08-10,15,EGGS,115.0
2017-08-11,15,EGGS,83.0
2017-08-12,15,EGGS,81.0
2017-08-13,15,EGGS,95.0
2017-08-14,15,EGGS,168.0
2017-08-15,15,EGGS,90.0
2017-08-02,15,FROZEN FOODS,65.0
2017-08-03,15,FROZEN FOODS,84.0
2017-08-04,15,FROZEN FOODS,72.0
2017-08-05,15,FROZEN FOODS,80.0
2017-08-06,15,FROZEN FOODS,39.0
2017-08-07,15,FROZEN FOODS,86.0
2017-08-08,15,FROZEN FOODS,62.0
2017-08-09,15,FROZEN FOODS,54.0
2017-08-10,15,FROZEN FOODS,64.0
2017-08-11,15,FROZEN FOODS,69.0
2017-08-12,15,FROZEN FOODS,86.0
2017-08-13,15,FROZEN FOODS,54.0
2017-08-14,15,FROZEN FOODS,58.0
2017-08-15,15,FROZEN FOODS,54.0
2017-08-02,15,GROCERY I,3085.0
2017-08-03,15,GROCERY I,3210.0
2017-08-04,15,GROCERY I,2581.0
2017-08-05,15,GROCERY I,2724.0
2017-08-06,15,GROCERY I,2374.0
2017-08-07,15,GROCERY I,3418.0
2017-08-08,15,GROCERY I,2723.0
2017-08-09,15,GROCERY I,2590.0
2017-08-10,15,GROCERY I,2793.0
2017-08-11,15,GROCERY I,2034.0
2017-08-12,15,GROCERY I,2316.0
2017-08-13,15,GROCERY I,2052.0
2017-08-14,15,GROCERY I,2854.0
2017-08-15,15,GROCERY I,2628.0
2017-08-02,15,GROCERY II,7.0
2017-08-03,15,GROCERY II,6.0
2017-08-04,15,GROCERY II,10.0
2017-08-05,15,GROCERY II,6.0
2017-08-06,15,GROCERY II,1.0
2017-08-07,15,GROCERY II,15.0
2017-08-08,15,GROCERY II,3.0
2017-08-09,15,GROCERY II,10.0
2017-08-10,15,GROCERY II,7.0
2017-08-11,15,GROCERY II,5.0
2017-08-12,15,GROCERY II,5.0
2017-08-13,15,GROCERY II,1.0
2017-08-14,15,GROCERY II,5.0
2017-08-15,15,GROCERY II,7.0
2017-08-02,15,HARDWARE,3.0
2017-08-03,15,HARDWARE,0.0
2017-08-04,15,HARDWARE,2.0
2017-08-05,15,HARDWARE,3.0
2017-08-06,15,HARDWARE,0.0
2017-08-07,15,HARDWARE,0.0
2017-08-08,15,HARDWARE,5.0
2017-08-09,15,HARDWARE,1.0
2017-08-10,15,HARDWARE,2.0
2017-08-11,15,HARDWARE,0.0
2017-08-12,15,HARDWARE,1.0
2017-08-13,15,HARDWARE,2.0
2017-08-14,15,HARDWARE,2.0
2017-08-15,15,HARDWARE,1.0
2017-08-02,15,HOME AND KITCHEN I,13.0
2017-08-03,15,HOME AND KITCHEN I,4.0
2017-08-04,15,HOME AND KITCHEN I,17.0
2017-08-05,15,HOME AND KITCHEN I,8.0
2017-08-06,15,HOME AND KITCHEN I,13.0
2017-08-07,15,HOME AND KITCHEN I,10.0
2017-08-08,15,HOME AND KITCHEN I,13.0
2017-08-09,15,HOME AND KITCHEN I,13.0
2017-08-10,15,HOME AND KITCHEN I,12.0
2017-08-11,15,HOME AND KITCHEN I,17.0
2017-08-12,15,HOME AND KITCHEN I,9.0
2017-08-13,15,HOME AND KITCHEN I,4.0
2017-08-14,15,HOME AND KITCHEN I,7.0
2017-08-15,15,HOME AND KITCHEN I,15.0
2017-08-02,15,HOME AND KITCHEN II,24.0
2017-08-03,15,HOME AND KITCHEN II,22.0
2017-08-04,15,HOME AND KITCHEN II,22.0
2017-08-05,15,HOME AND KITCHEN II,20.0
2017-08-06,15,HOME AND KITCHEN II,12.0
2017-08-07,15,HOME AND KITCHEN II,15.0
2017-08-08,15,HOME AND KITCHEN II,24.0
2017-08-09,15,HOME AND KITCHEN II,25.0
2017-08-10,15,HOME AND KITCHEN II,20.0
2017-08-11,15,HOME AND KITCHEN II,8.0
2017-08-12,15,HOME AND KITCHEN II,19.0
2017-08-13,15,HOME AND KITCHEN II,15.0
2017-08-14,15,HOME AND KITCHEN II,20.0
2017-08-15,15,HOME AND KITCHEN II,13.0
2017-08-02,15,HOME APPLIANCES,0.0
2017-08-03,15,HOME APPLIANCES,0.0
2017-08-04,15,HOME APPLIANCES,0.0
2017-08-05,15,HOME APPLIANCES,0.0
2017-08-06,15,HOME APPLIANCES,0.0
2017-08-07,15,HOME APPLIANCES,1.0
2017-08-08,15,HOME APPLIANCES,1.0
2017-08-09,15,HOME APPLIANCES,0.0
2017-08-10,15,HOME APPLIANCES,0.0
2017-08-11,15,HOME APPLIANCES,0.0
2017-08-12,15,HOME APPLIANCES,0.0
2017-08-13,15,HOME APPLIANCES,0.0
2017-08-14,15,HOME APPLIANCES,0.0
2017-08-15,15,HOME APPLIANCES,0.0
2017-08-02,15,HOME CARE,289.0
2017-08-03,15,HOME CARE,219.0
2017-08-04,15,HOME CARE,215.0
2017-08-05,15,HOME CARE,230.0
2017-08-06,15,HOME CARE,178.0
2017-08-07,15,HOME CARE,280.0
2017-08-08,15,HOME CARE,232.0
2017-08-09,15,HOME CARE,209.0
2017-08-10,15,HOME CARE,187.0
2017-08-11,15,HOME CARE,154.0
2017-08-12,15,HOME CARE,190.0
2017-08-13,15,HOME CARE,171.0
2017-08-14,15,HOME CARE,265.0
2017-08-15,15,HOME CARE,185.0
2017-08-02,15,LADIESWEAR,13.0
2017-08-03,15,LADIESWEAR,9.0
2017-08-04,15,LADIESWEAR,12.0
2017-08-05,15,LADIESWEAR,3.0
2017-08-06,15,LADIESWEAR,5.0
2017-08-07,15,LADIESWEAR,9.0
2017-08-08,15,LADIESWEAR,9.0
2017-08-09,15,LADIESWEAR,5.0
2017-08-10,15,LADIESWEAR,6.0
2017-08-11,15,LADIESWEAR,15.0
2017-08-12,15,LADIESWEAR,7.0
2017-08-13,15,LADIESWEAR,5.0
2017-08-14,15,LADIESWEAR,3.0
2017-08-15,15,LADIESWEAR,7.0
2017-08-02,15,LAWN AND GARDEN,0.0
2017-08-03,15,LAWN AND GARDEN,0.0
2017-08-04,15,LAWN AND GARDEN,0.0
2017-08-05,15,LAWN AND GARDEN,0.0
2017-08-06,15,LAWN AND GARDEN,0.0
2017-08-07,15,LAWN AND GARDEN,0.0
2017-08-08,15,LAWN AND GARDEN,0.0
2017-08-09,15,LAWN AND GARDEN,0.0
2017-08-10,15,LAWN AND GARDEN,0.0
2017-08-11,15,LAWN AND GARDEN,0.0
2017-08-12,15,LAWN AND GARDEN,0.0
2017-08-13,15,LAWN AND GARDEN,0.0
2017-08-14,15,LAWN AND GARDEN,0.0
2017-08-15,15,LAWN AND GARDEN,0.0
2017-08-02,15,LINGERIE,3.0
2017-08-03,15,LINGERIE,1.0
2017-08-04,15,LINGERIE,2.0
2017-08-05,15,LINGERIE,10.0
2017-08-06,15,LINGERIE,6.0
2017-08-07,15,LINGERIE,4.0
2017-08-08,15,LINGERIE,1.0
2017-08-09,15,LINGERIE,1.0
2017-08-10,15,LINGERIE,4.0
2017-08-11,15,LINGERIE,1.0
2017-08-12,15,LINGERIE,3.0
2017-08-13,15,LINGERIE,2.0
2017-08-14,15,LINGERIE,5.0
2017-08-15,15,LINGERIE,8.0
2017-08-02,15,"LIQUOR,WINE,BEER",15.0
2017-08-03,15,"LIQUOR,WINE,BEER",23.0
2017-08-04,15,"LIQUOR,WINE,BEER",43.0
2017-08-05,15,"LIQUOR,WINE,BEER",48.0
2017-08-06,15,"LIQUOR,WINE,BEER",25.0
2017-08-07,15,"LIQUOR,WINE,BEER",13.0
2017-08-08,15,"LIQUOR,WINE,BEER",24.0
2017-08-09,15,"LIQUOR,WINE,BEER",22.0
2017-08-10,15,"LIQUOR,WINE,BEER",27.0
2017-08-11,15,"LIQUOR,WINE,BEER",27.0
2017-08-12,15,"LIQUOR,WINE,BEER",39.0
2017-08-13,15,"LIQUOR,WINE,BEER",11.0
2017-08-14,15,"LIQUOR,WINE,BEER",15.0
2017-08-15,15,"LIQUOR,WINE,BEER",15.0
2017-08-02,15,MAGAZINES,2.0
2017-08-03,15,MAGAZINES,0.0
2017-08-04,15,MAGAZINES,3.0
2017-08-05,15,MAGAZINES,4.0
2017-08-06,15,MAGAZINES,4.0
2017-08-07,15,MAGAZINES,2.0
2017-08-08,15,MAGAZINES,4.0
2017-08-09,15,MAGAZINES,1.0
2017-08-10,15,MAGAZINES,2.0
2017-08-11,15,MAGAZINES,2.0
2017-08-12,15,MAGAZINES,2.0
2017-08-13,15,MAGAZINES,2.0
2017-08-14,15,MAGAZINES,3.0
2017-08-15,15,MAGAZINES,1.0
2017-08-02,15,MEATS,135.801
2017-08-03,15,MEATS,169.965
2017-08-04,15,MEATS,122.693
2017-08-05,15,MEATS,110.379
2017-08-06,15,MEATS,88.379
2017-08-07,15,MEATS,159.39099
2017-08-08,15,MEATS,139.346
2017-08-09,15,MEATS,108.08
2017-08-10,15,MEATS,157.345
2017-08-11,15,MEATS,110.297
2017-08-12,15,MEATS,82.991
2017-08-13,15,MEATS,82.31
2017-08-14,15,MEATS,163.864
2017-08-15,15,MEATS,180.437
2017-08-02,15,PERSONAL CARE,246.0
2017-08-03,15,PERSONAL CARE,217.0
2017-08-04,15,PERSONAL CARE,152.0
2017-08-05,15,PERSONAL CARE,167.0
2017-08-06,15,PERSONAL CARE,152.0
2017-08-07,15,PERSONAL CARE,345.0
2017-08-08,15,PERSONAL CARE,212.0
2017-08-09,15,PERSONAL CARE,198.0
2017-08-10,15,PERSONAL CARE,167.0
2017-08-11,15,PERSONAL CARE,154.0
2017-08-12,15,PERSONAL CARE,147.0
2017-08-13,15,PERSONAL CARE,156.0
2017-08-14,15,PERSONAL CARE,169.0
2017-08-15,15,PERSONAL CARE,161.0
2017-08-02,15,PET SUPPLIES,2.0
2017-08-03,15,PET SUPPLIES,0.0
2017-08-04,15,PET SUPPLIES,0.0
2017-08-05,15,PET SUPPLIES,1.0
2017-08-06,15,PET SUPPLIES,1.0
2017-08-07,15,PET SUPPLIES,0.0
2017-08-08,15,PET SUPPLIES,0.0
2017-08-09,15,PET SUPPLIES,0.0
2017-08-10,15,PET SUPPLIES,3.0
2017-08-11,15,PET SUPPLIES,0.0
2017-08-12,15,PET SUPPLIES,1.0
2017-08-13,15,PET SUPPLIES,2.0
2017-08-14,15,PET SUPPLIES,0.0
2017-08-15,15,PET SUPPLIES,1.0
2017-08-02,15,PLAYERS AND ELECTRONICS,6.0
2017-08-03,15,PLAYERS AND ELECTRONICS,4.0
2017-08-04,15,PLAYERS AND ELECTRONICS,5.0
2017-08-05,15,PLAYERS AND ELECTRONICS,7.0
2017-08-06,15,PLAYERS AND ELECTRONICS,1.0
2017-08-07,15,PLAYERS AND ELECTRONICS,15.0
2017-08-08,15,PLAYERS AND ELECTRONICS,3.0
2017-08-09,15,PLAYERS AND ELECTRONICS,4.0
2017-08-10,15,PLAYERS AND ELECTRONICS,9.0
2017-08-11,15,PLAYERS AND ELECTRONICS,2.0
2017-08-12,15,PLAYERS AND ELECTRONICS,2.0
2017-08-13,15,PLAYERS AND ELECTRONICS,6.0
2017-08-14,15,PLAYERS AND ELECTRONICS,6.0
2017-08-15,15,PLAYERS AND ELECTRONICS,5.0
2017-08-02,15,POULTRY,133.035
2017-08-03,15,POULTRY,112.58
2017-08-04,15,POULTRY,127.638
2017-08-05,15,POULTRY,64.076
2017-08-06,15,POULTRY,107.058
2017-08-07,15,POULTRY,118.066
2017-08-08,15,POULTRY,124.954
2017-08-09,15,POULTRY,78.226
2017-08-10,15,POULTRY,127.53
2017-08-11,15,POULTRY,128.714
2017-08-12,15,POULTRY,100.798004
2017-08-13,15,POULTRY,90.946
2017-08-14,15,POULTRY,110.459
2017-08-15,15,POULTRY,128.693
2017-08-02,15,PREPARED FOODS,47.0
2017-08-03,15,PREPARED FOODS,55.0
2017-08-04,15,PREPARED FOODS,46.0
2017-08-05,15,PREPARED FOODS,56.0
2017-08-06,15,PREPARED FOODS,42.0
2017-08-07,15,PREPARED FOODS,34.0
2017-08-08,15,PREPARED FOODS,40.0
2017-08-09,15,PREPARED FOODS,44.0
2017-08-10,15,PREPARED FOODS,43.0
2017-08-11,15,PREPARED FOODS,29.0
2017-08-12,15,PREPARED FOODS,38.0
2017-08-13,15,PREPARED FOODS,36.0
2017-08-14,15,PREPARED FOODS,34.0
2017-08-15,15,PREPARED FOODS,61.0
2017-08-02,15,PRODUCE,555.719
2017-08-03,15,PRODUCE,537.107
2017-08-04,15,PRODUCE,474.893
2017-08-05,15,PRODUCE,540.611
2017-08-06,15,PRODUCE,440.082
2017-08-07,15,PRODUCE,748.792
2017-08-08,15,PRODUCE,993.468
2017-08-09,15,PRODUCE,506.084
2017-08-10,15,PRODUCE,568.0
2017-08-11,15,PRODUCE,415.663
2017-08-12,15,PRODUCE,465.97
2017-08-13,15,PRODUCE,562.08
2017-08-14,15,PRODUCE,619.002
2017-08-15,15,PRODUCE,1047.301
2017-08-02,15,SCHOOL AND OFFICE SUPPLIES,0.0
2017-08-03,15,SCHOOL AND OFFICE SUPPLIES,0.0
2017-08-04,15,SCHOOL AND OFFICE SUPPLIES,0.0
2017-08-05,15,SCHOOL AND OFFICE SUPPLIES,0.0
2017-08-06,15,SCHOOL AND OFFICE SUPPLIES,0.0
2017-08-07,15,SCHOOL AND OFFICE SUPPLIES,0.0
2017-08-08,15,SCHOOL AND OFFICE SUPPLIES,0.0
2017-08-09,15,SCHOOL AND OFFICE SUPPLIES,8.0
2017-08-10,15,SCHOOL AND OFFICE SUPPLIES,3.0
2017-08-11,15,SCHOOL AND OFFICE SUPPLIES,9.0
2017-08-12,15,SCHOOL AND OFFICE SUPPLIES,4.0
2017-08-13,15,SCHOOL AND OFFICE SUPPLIES,27.0
2017-08-14,15,SCHOOL AND OFFICE SUPPLIES,15.0
2017-08-15,15,SCHOOL AND OFFICE SUPPLIES,3.0
2017-08-02,15,SEAFOOD,3.0
2017-08-03,15,SEAFOOD,6.0
2017-08-04,15,SEAFOOD,4.0
2017-08-05,15,SEAFOOD,1.0
2017-08-06,15,SEAFOOD,2.0
2017-08-07,15,SEAFOOD,5.0
2017-08-08,15,SEAFOOD,14.0
2017-08-09,15,SEAFOOD,9.0
2017-08-10,15,SEAFOOD,6.0
2017-08-11,15,SEAFOOD,2.0
2017-08-12,15,SEAFOOD,2.0
2017-08-13,15,SEAFOOD,2.0
2017-08-14,15,SEAFOOD,4.0
2017-08-15,15,SEAFOOD,4.0
2017-08-02,16,AUTOMOTIVE,1.0
2017-08-03,16,AUTOMOTIVE,5.0
2017-08-04,16,AUTOMOTIVE,1.0
2017-08-05,16,AUTOMOTIVE,12.0
2017-08-06,16,AUTOMOTIVE,3.0
2017-08-07,16,AUTOMOTIVE,7.0
2017-08-08,16,AUTOMOTIVE,6.0
2017-08-09,16,AUTOMOTIVE,2.0
2017-08-10,16,AUTOMOTIVE,1.0
2017-08-11,16,AUTOMOTIVE,4.0
2017-08-12,16,AUTOMOTIVE,5.0
2017-08-13,16,AUTOMOTIVE,8.0
2017-08-14,16,AUTOMOTIVE,5.0
2017-08-15,16,AUTOMOTIVE,5.0
2017-08-02,16,BABY CARE,0.0
2017-08-03,16,BABY CARE,0.0
2017-08-04,16,BABY CARE,0.0
2017-08-05,16,BABY CARE,2.0
2017-08-06,16,BABY CARE,0.0
2017-08-07,16,BABY CARE,1.0
2017-08-08,16,BABY CARE,0.0
2017-08-09,16,BABY CARE,0.0
2017-08-10,16,BABY CARE,1.0
2017-08-11,16,BABY CARE,0.0
2017-08-12,16,BABY CARE,0.0
2017-08-13,16,BABY CARE,1.0
2017-08-14,16,BABY CARE,0.0
2017-08-15,16,BABY CARE,0.0
2017-08-02,16,BEAUTY,6.0
2017-08-03,16,BEAUTY,0.0
2017-08-04,16,BEAUTY,5.0
2017-08-05,16,BEAUTY,2.0
2017-08-06,16,BEAUTY,3.0
2017-08-07,16,BEAUTY,2.0
2017-08-08,16,BEAUTY,2.0
2017-08-09,16,BEAUTY,0.0
2017-08-10,16,BEAUTY,0.0
2017-08-11,16,BEAUTY,0.0
2017-08-12,16,BEAUTY,3.0
2017-08-13,16,BEAUTY,1.0
2017-08-14,16,BEAUTY,0.0
2017-08-15,16,BEAUTY,0.0
2017-08-02,16,BEVERAGES,1538.0
2017-08-03,16,BEVERAGES,1223.0
2017-08-04,16,BEVERAGES,2151.0
2017-08-05,16,BEVERAGES,1342.0
2017-08-06,16,BEVERAGES,2069.0
2017-08-07,16,BEVERAGES,1438.0
2017-08-08,16,BEVERAGES,987.0
2017-08-09,16,BEVERAGES,1038.0
2017-08-10,16,BEVERAGES,1399.0
2017-08-11,16,BEVERAGES,1639.0
2017-08-12,16,BEVERAGES,1222.0
2017-08-13,16,BEVERAGES,1494.0
2017-08-14,16,BEVERAGES,1739.0
2017-08-15,16,BEVERAGES,1702.0
2017-08-02,16,BOOKS,0.0
2017-08-03,16,BOOKS,0.0
2017-08-04,16,BOOKS,0.0
2017-08-05,16,BOOKS,0.0
2017-08-06,16,BOOKS,0.0
2017-08-07,16,BOOKS,0.0
2017-08-08,16,BOOKS,0.0
2017-08-09,16,BOOKS,0.0
2017-08-10,16,BOOKS,0.0
2017-08-11,16,BOOKS,0.0
2017-08-12,16,BOOKS,0.0
2017-08-13,16,BOOKS,0.0
2017-08-14,16,BOOKS,0.0
2017-08-15,16,BOOKS,0.0
2017-08-02,16,BREAD/BAKERY,175.0
2017-08-03,16,BREAD/BAKERY,141.0
2017-08-04,16,BREAD/BAKERY,95.0
2017-08-05,16,BREAD/BAKERY,232.0
2017-08-06,16,BREAD/BAKERY,224.0
2017-08-07,16,BREAD/BAKERY,156.0
2017-08-08,16,BREAD/BAKERY,164.0
2017-08-09,16,BREAD/BAKERY,116.0
2017-08-10,16,BREAD/BAKERY,88.0
2017-08-11,16,BREAD/BAKERY,125.0
2017-08-12,16,BREAD/BAKERY,113.0
2017-08-13,16,BREAD/BAKERY,208.0
2017-08-14,16,BREAD/BAKERY,153.0
2017-08-15,16,BREAD/BAKERY,205.0
2017-08-02,16,CELEBRATION,1.0
2017-08-03,16,CELEBRATION,5.0
2017-08-04,16,CELEBRATION,14.0
2017-08-05,16,CELEBRATION,8.0
2017-08-06,16,CELEBRATION,8.0
2017-08-07,16,CELEBRATION,11.0
2017-08-08,16,CELEBRATION,1.0
2017-08-09,16,CELEBRATION,6.0
2017-08-10,16,CELEBRATION,10.0
2017-08-11,16,CELEBRATION,3.0
2017-08-12,16,CELEBRATION,9.0
2017-08-13,16,CELEBRATION,6.0
2017-08-14,16,CELEBRATION,0.0
2017-08-15,16,CELEBRATION,3.0
2017-08-02,16,CLEANING,1390.0
2017-08-03,16,CLEANING,1184.0
2017-08-04,16,CLEANING,574.0
2017-08-05,16,CLEANING,895.0
2017-08-06,16,CLEANING,947.0
2017-08-07,16,CLEANING,998.0
2017-08-08,16,CLEANING,658.0
2017-08-09,16,CLEANING,543.0
2017-08-10,16,CLEANING,508.0
2017-08-11,16,CLEANING,670.0
2017-08-12,16,CLEANING,654.0
2017-08-13,16,CLEANING,833.0
2017-08-14,16,CLEANING,682.0
2017-08-15,16,CLEANING,1206.0
2017-08-02,16,DAIRY,276.0
2017-08-03,16,DAIRY,251.0
2017-08-04,16,DAIRY,220.0
2017-08-05,16,DAIRY,288.0
2017-08-06,16,DAIRY,402.0
2017-08-07,16,DAIRY,227.0
2017-08-08,16,DAIRY,216.0
2017-08-09,16,DAIRY,238.0
2017-08-10,16,DAIRY,192.0
2017-08-11,16,DAIRY,254.0
2017-08-12,16,DAIRY,232.0
2017-08-13,16,DAIRY,324.0
2017-08-14,16,DAIRY,258.0
2017-08-15,16,DAIRY,268.0
2017-08-02,16,DELI,166.0
2017-08-03,16,DELI,145.0
2017-08-04,16,DELI,156.0
2017-08-05,16,DELI,187.0
2017-08-06,16,DELI,268.0
2017-08-07,16,DELI,157.0
2017-08-08,16,DELI,152.0
2017-08-09,16,DELI,100.0
2017-08-10,16,DELI,136.0
2017-08-11,16,DELI,160.0
2017-08-12,16,DELI,110.0
2017-08-13,16,DELI,182.0
2017-08-14,16,DELI,136.0
2017-08-15,16,DELI,195.0
2017-08-02,16,EGGS,150.0
2017-08-03,16,EGGS,115.0
2017-08-04,16,EGGS,74.0
2017-08-05,16,EGGS,76.0
2017-08-06,16,EGGS,189.0
2017-08-07,16,EGGS,509.0
2017-08-08,16,EGGS,99.0
2017-08-09,16,EGGS,89.0
2017-08-10,16,EGGS,108.0
2017-08-11,16,EGGS,100.0
2017-08-12,16,EGGS,132.0
2017-08-13,16,EGGS,112.0
2017-08-14,16,EGGS,403.0
2017-08-15,16,EGGS,102.0
2017-08-02,16,FROZEN FOODS,21.0
2017-08-03,16,FROZEN FOODS,24.153
2017-08-04,16,FROZEN FOODS,33.0
2017-08-05,16,FROZEN FOODS,101.0
2017-08-06,16,FROZEN FOODS,31.0
2017-08-07,16,FROZEN FOODS,22.0
2017-08-08,16,FROZEN FOODS,23.984001
2017-08-09,16,FROZEN FOODS,25.0
2017-08-10,16,FROZEN FOODS,28.0
2017-08-11,16,FROZEN FOODS,55.0
2017-08-12,16,FROZEN FOODS,88.613
2017-08-13,16,FROZEN FOODS,35.0
2017-08-14,16,FROZEN FOODS,19.0
2017-08-15,16,FROZEN FOODS,28.0
2017-08-02,16,GROCERY I,2862.0
2017-08-03,16,GROCERY I,1907.0
2017-08-04,16,GROCERY I,1902.0
2017-08-05,16,GROCERY I,2499.0
2017-08-06,16,GROCERY I,3113.0
2017-08-07,16,GROCERY I,2045.0
2017-08-08,16,GROCERY I,1802.0
2017-08-09,16,GROCERY I,1779.0
2017-08-10,16,GROCERY I,1574.0
2017-08-11,16,GROCERY I,2122.0
2017-08-12,16,GROCERY I,1777.0
2017-08-13,16,GROCERY I,2485.0
2017-08-14,16,GROCERY I,2354.0
2017-08-15,16,GROCERY I,2372.0
2017-08-02,16,GROCERY II,8.0
2017-08-03,16,GROCERY II,2.0
2017-08-04,16,GROCERY II,1.0
2017-08-05,16,GROCERY II,1.0
2017-08-06,16,GROCERY II,2.0
2017-08-07,16,GROCERY II,13.0
2017-08-08,16,GROCERY II,9.0
2017-08-09,16,GROCERY II,4.0
2017-08-10,16,GROCERY II,9.0
2017-08-11,16,GROCERY II,12.0
2017-08-12,16,GROCERY II,0.0
2017-08-13,16,GROCERY II,4.0
2017-08-14,16,GROCERY II,8.0
2017-08-15,16,GROCERY II,4.0
2017-08-02,16,HARDWARE,0.0
2017-08-03,16,HARDWARE,0.0
2017-08-04,16,HARDWARE,1.0
2017-08-05,16,HARDWARE,0.0
2017-08-06,16,HARDWARE,2.0
2017-08-07,16,HARDWARE,1.0
2017-08-08,16,HARDWARE,0.0
2017-08-09,16,HARDWARE,0.0
2017-08-10,16,HARDWARE,0.0
2017-08-11,16,HARDWARE,0.0
2017-08-12,16,HARDWARE,0.0
2017-08-13,16,HARDWARE,0.0
2017-08-14,16,HARDWARE,0.0
2017-08-15,16,HARDWARE,0.0
2017-08-02,16,HOME AND KITCHEN I,25.0
2017-08-03,16,HOME AND KITCHEN I,7.0
2017-08-04,16,HOME AND KITCHEN I,6.0
2017-08-05,16,HOME AND KITCHEN I,20.0
2017-08-06,16,HOME AND KITCHEN I,3.0
2017-08-07,16,HOME AND KITCHEN I,12.0
2017-08-08,16,HOME AND KITCHEN I,12.0
2017-08-09,16,HOME AND KITCHEN I,11.0
2017-08-10,16,HOME AND KITCHEN I,3.0
2017-08-11,16,HOME AND KITCHEN I,22.0
2017-08-12,16,HOME AND KITCHEN I,25.0
2017-08-13,16,HOME AND KITCHEN I,19.0
2017-08-14,16,HOME AND KITCHEN I,15.0
2017-08-15,16,HOME AND KITCHEN I,12.0
2017-08-02,16,HOME AND KITCHEN II,6.0
2017-08-03,16,HOME AND KITCHEN II,7.0
2017-08-04,16,HOME AND KITCHEN II,14.0
2017-08-05,16,HOME AND KITCHEN II,19.0
2017-08-06,16,HOME AND KITCHEN II,16.0
2017-08-07,16,HOME AND KITCHEN II,15.0
2017-08-08,16,HOME AND KITCHEN II,15.0
2017-08-09,16,HOME AND KITCHEN II,9.0
2017-08-10,16,HOME AND KITCHEN II,11.0
2017-08-11,16,HOME AND KITCHEN II,16.0
2017-08-12,16,HOME AND KITCHEN II,17.0
2017-08-13,16,HOME AND KITCHEN II,27.0
2017-08-14,16,HOME AND KITCHEN II,18.0
2017-08-15,16,HOME AND KITCHEN II,16.0
2017-08-02,16,HOME APPLIANCES,2.0
2017-08-03,16,HOME APPLIANCES,0.0
2017-08-04,16,HOME APPLIANCES,0.0
2017-08-05,16,HOME APPLIANCES,1.0
2017-08-06,16,HOME APPLIANCES,1.0
2017-08-07,16,HOME APPLIANCES,1.0
2017-08-08,16,HOME APPLIANCES,0.0
2017-08-09,16,HOME APPLIANCES,0.0
2017-08-10,16,HOME APPLIANCES,0.0
2017-08-11,16,HOME APPLIANCES,0.0
2017-08-12,16,HOME APPLIANCES,0.0
2017-08-13,16,HOME APPLIANCES,0.0
2017-08-14,16,HOME APPLIANCES,0.0
2017-08-15,16,HOME APPLIANCES,0.0
2017-08-02,16,HOME CARE,177.0
2017-08-03,16,HOME CARE,144.0
2017-08-04,16,HOME CARE,137.0
2017-08-05,16,HOME CARE,157.0
2017-08-06,16,HOME CARE,262.0
2017-08-07,16,HOME CARE,173.0
2017-08-08,16,HOME CARE,119.0
2017-08-09,16,HOME CARE,120.0
2017-08-10,16,HOME CARE,126.0
2017-08-11,16,HOME CARE,187.0
2017-08-12,16,HOME CARE,163.0
2017-08-13,16,HOME CARE,206.0
2017-08-14,16,HOME CARE,165.0
2017-08-15,16,HOME CARE,133.0
2017-08-02,16,LADIESWEAR,0.0
2017-08-03,16,LADIESWEAR,0.0
2017-08-04,16,LADIESWEAR,0.0
2017-08-05,16,LADIESWEAR,0.0
2017-08-06,16,LADIESWEAR,0.0
2017-08-07,16,LADIESWEAR,0.0
2017-08-08,16,LADIESWEAR,0.0
2017-08-09,16,LADIESWEAR,0.0
2017-08-10,16,LADIESWEAR,0.0
2017-08-11,16,LADIESWEAR,0.0
2017-08-12,16,LADIESWEAR,0.0
2017-08-13,16,LADIESWEAR,0.0
2017-08-14,16,LADIESWEAR,0.0
2017-08-15,16,LADIESWEAR,0.0
2017-08-02,16,LAWN AND GARDEN,0.0
2017-08-03,16,LAWN AND GARDEN,0.0
2017-08-04,16,LAWN AND GARDEN,0.0
2017-08-05,16,LAWN AND GARDEN,0.0
2017-08-06,16,LAWN AND GARDEN,0.0
2017-08-07,16,LAWN AND GARDEN,0.0
2017-08-08,16,LAWN AND GARDEN,0.0
2017-08-09,16,LAWN AND GARDEN,0.0
2017-08-10,16,LAWN AND GARDEN,0.0
2017-08-11,16,LAWN AND GARDEN,0.0
2017-08-12,16,LAWN AND GARDEN,0.0
2017-08-13,16,LAWN AND GARDEN,0.0
2017-08-14,16,LAWN AND GARDEN,0.0
2017-08-15,16,LAWN AND GARDEN,0.0
2017-08-02,16,LINGERIE,2.0
2017-08-03,16,LINGERIE,5.0
2017-08-04,16,LINGERIE,5.0
2017-08-05,16,LINGERIE,3.0
2017-08-06,16,LINGERIE,5.0
2017-08-07,16,LINGERIE,1.0
2017-08-08,16,LINGERIE,1.0
2017-08-09,16,LINGERIE,2.0
2017-08-10,16,LINGERIE,4.0
2017-08-11,16,LINGERIE,1.0
2017-08-12,16,LINGERIE,4.0
2017-08-13,16,LINGERIE,3.0
2017-08-14,16,LINGERIE,1.0
2017-08-15,16,LINGERIE,6.0
2017-08-02,16,"LIQUOR,WINE,BEER",15.0
2017-08-03,16,"LIQUOR,WINE,BEER",28.0
2017-08-04,16,"LIQUOR,WINE,BEER",84.0
2017-08-05,16,"LIQUOR,WINE,BEER",100.0
2017-08-06,16,"LIQUOR,WINE,BEER",18.0
2017-08-07,16,"LIQUOR,WINE,BEER",20.0
2017-08-08,16,"LIQUOR,WINE,BEER",16.0
2017-08-09,16,"LIQUOR,WINE,BEER",22.0
2017-08-10,16,"LIQUOR,WINE,BEER",19.0
2017-08-11,16,"LIQUOR,WINE,BEER",69.0
2017-08-12,16,"LIQUOR,WINE,BEER",66.0
2017-08-13,16,"LIQUOR,WINE,BEER",24.0
2017-08-14,16,"LIQUOR,WINE,BEER",12.0
2017-08-15,16,"LIQUOR,WINE,BEER",9.0
2017-08-02,16,MAGAZINES,1.0
2017-08-03,16,MAGAZINES,2.0
2017-08-04,16,MAGAZINES,0.0
2017-08-05,16,MAGAZINES,2.0
2017-08-06,16,MAGAZINES,6.0
2017-08-07,16,MAGAZINES,3.0
2017-08-08,16,MAGAZINES,1.0
2017-08-09,16,MAGAZINES,0.0
2017-08-10,16,MAGAZINES,1.0
2017-08-11,16,MAGAZINES,4.0
2017-08-12,16,MAGAZINES,2.0
2017-08-13,16,MAGAZINES,0.0
2017-08-14,16,MAGAZINES,2.0
2017-08-15,16,MAGAZINES,1.0
2017-08-02,16,MEATS,61.038
2017-08-03,16,MEATS,56.118
2017-08-04,16,MEATS,45.595
2017-08-05,16,MEATS,46.168
2017-08-06,16,MEATS,73.939
2017-08-07,16,MEATS,65.513
2017-08-08,16,MEATS,39.374
2017-08-09,16,MEATS,41.286
2017-08-10,16,MEATS,47.499
2017-08-11,16,MEATS,58.346
2017-08-12,16,MEATS,26.535
2017-08-13,16,MEATS,70.859
2017-08-14,16,MEATS,43.415
2017-08-15,16,MEATS,77.791
2017-08-02,16,PERSONAL CARE,185.0
2017-08-03,16,PERSONAL CARE,126.0
2017-08-04,16,PERSONAL CARE,108.0
2017-08-05,16,PERSONAL CARE,143.0
2017-08-06,16,PERSONAL CARE,201.0
2017-08-07,16,PERSONAL CARE,194.0
2017-08-08,16,PERSONAL CARE,105.0
2017-08-09,16,PERSONAL CARE,106.0
2017-08-10,16,PERSONAL CARE,124.0
2017-08-11,16,PERSONAL CARE,105.0
2017-08-12,16,PERSONAL CARE,153.0
2017-08-13,16,PERSONAL CARE,155.0
2017-08-14,16,PERSONAL CARE,103.0
2017-08-15,16,PERSONAL CARE,119.0
2017-08-02,16,PET SUPPLIES,0.0
2017-08-03,16,PET SUPPLIES,1.0
2017-08-04,16,PET SUPPLIES,0.0
2017-08-05,16,PET SUPPLIES,4.0
2017-08-06,16,PET SUPPLIES,1.0
2017-08-07,16,PET SUPPLIES,2.0
2017-08-08,16,PET SUPPLIES,0.0
2017-08-09,16,PET SUPPLIES,1.0
2017-08-10,16,PET SUPPLIES,1.0
2017-08-11,16,PET SUPPLIES,2.0
2017-08-12,16,PET SUPPLIES,1.0
2017-08-13,16,PET SUPPLIES,0.0
2017-08-14,16,PET SUPPLIES,3.0
2017-08-15,16,PET SUPPLIES,0.0
2017-08-02,16,PLAYERS AND ELECTRONICS,4.0
2017-08-03,16,PLAYERS AND ELECTRONICS,2.0
2017-08-04,16,PLAYERS AND ELECTRONICS,1.0
2017-08-05,16,PLAYERS AND ELECTRONICS,6.0
2017-08-06,16,PLAYERS AND ELECTRONICS,4.0
2017-08-07,16,PLAYERS AND ELECTRONICS,8.0
2017-08-08,16,PLAYERS AND ELECTRONICS,1.0
2017-08-09,16,PLAYERS AND ELECTRONICS,5.0
2017-08-10,16,PLAYERS AND ELECTRONICS,3.0
2017-08-11,16,PLAYERS AND ELECTRONICS,2.0
2017-08-12,16,PLAYERS AND ELECTRONICS,2.0
2017-08-13,16,PLAYERS AND ELECTRONICS,3.0
2017-08-14,16,PLAYERS AND ELECTRONICS,2.0
2017-08-15,16,PLAYERS AND ELECTRONICS,2.0
2017-08-02,16,POULTRY,82.814
2017-08-03,16,POULTRY,89.392
2017-08-04,16,POULTRY,36.807
2017-08-05,16,POULTRY,69.023
2017-08-06,16,POULTRY,80.856
2017-08-07,16,POULTRY,64.145
2017-08-08,16,POULTRY,54.404
2017-08-09,16,POULTRY,60.762
2017-08-10,16,POULTRY,51.864
2017-08-11,16,POULTRY,137.913
2017-08-12,16,POULTRY,58.697
2017-08-13,16,POULTRY,70.961
2017-08-14,16,POULTRY,53.479
2017-08-15,16,POULTRY,64.859
2017-08-02,16,PREPARED FOODS,29.0
2017-08-03,16,PREPARED FOODS,34.0
2017-08-04,16,PREPARED FOODS,25.0
2017-08-05,16,PREPARED FOODS,50.0
2017-08-06,16,PREPARED FOODS,56.0
2017-08-07,16,PREPARED FOODS,52.0
2017-08-08,16,PREPARED FOODS,33.0
2017-08-09,16,PREPARED FOODS,35.0
2017-08-10,16,PREPARED FOODS,31.0
2017-08-11,16,PREPARED FOODS,29.0
2017-08-12,16,PREPARED FOODS,16.0
2017-08-13,16,PREPARED FOODS,38.0
2017-08-14,16,PREPARED FOODS,51.0
2017-08-15,16,PREPARED FOODS,41.0
2017-08-02,16,PRODUCE,503.262
2017-08-03,16,PRODUCE,440.269
2017-08-04,16,PRODUCE,479.255
2017-08-05,16,PRODUCE,564.543
2017-08-06,16,PRODUCE,652.825
2017-08-07,16,PRODUCE,536.654
2017-08-08,16,PRODUCE,868.394
2017-08-09,16,PRODUCE,344.264
2017-08-10,16,PRODUCE,341.752
2017-08-11,16,PRODUCE,480.763
2017-08-12,16,PRODUCE,445.071
2017-08-13,16,PRODUCE,605.757
2017-08-14,16,PRODUCE,470.227
2017-08-15,16,PRODUCE,913.778
2017-08-02,16,SCHOOL AND OFFICE SUPPLIES,0.0
2017-08-03,16,SCHOOL AND OFFICE SUPPLIES,0.0
2017-08-04,16,SCHOOL AND OFFICE SUPPLIES,0.0
2017-08-05,16,SCHOOL AND OFFICE SUPPLIES,0.0
2017-08-06,16,SCHOOL AND OFFICE SUPPLIES,0.0
2017-08-07,16,SCHOOL AND OFFICE SUPPLIES,0.0
2017-08-08,16,SCHOOL AND OFFICE SUPPLIES,0.0
2017-08-09,16,SCHOOL AND OFFICE SUPPLIES,0.0
2017-08-10,16,SCHOOL AND OFFICE SUPPLIES,0.0
2017-08-11,16,SCHOOL AND OFFICE SUPPLIES,0.0
2017-08-12,16,SCHOOL AND OFFICE SUPPLIES,0.0
2017-08-13,16,SCHOOL AND OFFICE SUPPLIES,0.0
2017-08-14,16,SCHOOL AND OFFICE SUPPLIES,0.0
2017-08-15,16,SCHOOL AND OFFICE SUPPLIES,0.0
2017-08-02,16,SEAFOOD,4.0
2017-08-03,16,SEAFOOD,1.0
2017-08-04,16,SEAFOOD,0.0
2017-08-05,16,SEAFOOD,0.0
2017-08-06,16,SEAFOOD,2.0
2017-08-07,16,SEAFOOD,0.0
2017-08-08,16,SEAFOOD,2.0
2017-08-09,16,SEAFOOD,1.0
2017-08-10,16,SEAFOOD,0.0
2017-08-11,16,SEAFOOD,0.0
2017-08-12,16,SEAFOOD,0.0
2017-08-13,16,SEAFOOD,6.0
2017-08-14,16,SEAFOOD,0.0
2017-08-15,16,SEAFOOD,2.0
2017-08-02,17,AUTOMOTIVE,5.0
2017-08-03,17,AUTOMOTIVE,5.0
2017-08-04,17,AUTOMOTIVE,9.0
2017-08-05,17,AUTOMOTIVE,24.0
2017-08-06,17,AUTOMOTIVE,24.0
2017-08-07,17,AUTOMOTIVE,10.0
2017-08-08,17,AUTOMOTIVE,3.0
2017-08-09,17,AUTOMOTIVE,6.0
2017-08-10,17,AUTOMOTIVE,5.0
2017-08-11,17,AUTOMOTIVE,8.0
2017-08-12,17,AUTOMOTIVE,4.0
2017-08-13,17,AUTOMOTIVE,2.0
2017-08-14,17,AUTOMOTIVE,14.0
2017-08-15,17,AUTOMOTIVE,9.0
2017-08-02,17,BABY CARE,1.0
2017-08-03,17,BABY CARE,0.0
2017-08-04,17,BABY CARE,1.0
2017-08-05,17,BABY CARE,0.0
2017-08-06,17,BABY CARE,0.0
2017-08-07,17,BABY CARE,3.0
2017-08-08,17,BABY CARE,0.0
2017-08-09,17,BABY CARE,0.0
2017-08-10,17,BABY CARE,0.0
2017-08-11,17,BABY CARE,1.0
2017-08-12,17,BABY CARE,0.0
2017-08-13,17,BABY CARE,1.0
2017-08-14,17,BABY CARE,1.0
2017-08-15,17,BABY CARE,0.0
2017-08-02,17,BEAUTY,4.0
2017-08-03,17,BEAUTY,4.0
2017-08-04,17,BEAUTY,2.0
2017-08-05,17,BEAUTY,1.0
2017-08-06,17,BEAUTY,1.0
2017-08-07,17,BEAUTY,5.0
2017-08-08,17,BEAUTY,1.0
2017-08-09,17,BEAUTY,1.0
2017-08-10,17,BEAUTY,7.0
2017-08-11,17,BEAUTY,1.0
2017-08-12,17,BEAUTY,2.0
2017-08-13,17,BEAUTY,4.0
2017-08-14,17,BEAUTY,3.0
2017-08-15,17,BEAUTY,2.0
2017-08-02,17,BEVERAGES,2769.0
2017-08-03,17,BEVERAGES,2940.0
2017-08-04,17,BEVERAGES,2553.0
2017-08-05,17,BEVERAGES,3781.0
2017-08-06,17,BEVERAGES,4511.0
2017-08-07,17,BEVERAGES,2970.0
2017-08-08,17,BEVERAGES,2994.0
2017-08-09,17,BEVERAGES,2020.0
2017-08-10,17,BEVERAGES,2448.0
2017-08-11,17,BEVERAGES,3021.0
2017-08-12,17,BEVERAGES,3153.0
2017-08-13,17,BEVERAGES,3628.0
2017-08-14,17,BEVERAGES,3047.0
2017-08-15,17,BEVERAGES,2840.0
2017-08-02,17,BOOKS,0.0
2017-08-03,17,BOOKS,0.0
2017-08-04,17,BOOKS,0.0
2017-08-05,17,BOOKS,0.0
2017-08-06,17,BOOKS,0.0
2017-08-07,17,BOOKS,0.0
2017-08-08,17,BOOKS,0.0
2017-08-09,17,BOOKS,0.0
2017-08-10,17,BOOKS,0.0
2017-08-11,17,BOOKS,0.0
2017-08-12,17,BOOKS,0.0
2017-08-13,17,BOOKS,0.0
2017-08-14,17,BOOKS,0.0
2017-08-15,17,BOOKS,0.0
2017-08-02,17,BREAD/BAKERY,313.0
2017-08-03,17,BREAD/BAKERY,272.0
2017-08-04,17,BREAD/BAKERY,288.0
2017-08-05,17,BREAD/BAKERY,299.0
2017-08-06,17,BREAD/BAKERY,523.0
2017-08-07,17,BREAD/BAKERY,316.0
2017-08-08,17,BREAD/BAKERY,284.0
2017-08-09,17,BREAD/BAKERY,268.0
2017-08-10,17,BREAD/BAKERY,255.0
2017-08-11,17,BREAD/BAKERY,276.0
2017-08-12,17,BREAD/BAKERY,306.0
2017-08-13,17,BREAD/BAKERY,428.0
2017-08-14,17,BREAD/BAKERY,309.0
2017-08-15,17,BREAD/BAKERY,333.0
2017-08-02,17,CELEBRATION,6.0
2017-08-03,17,CELEBRATION,40.0
2017-08-04,17,CELEBRATION,8.0
2017-08-05,17,CELEBRATION,7.0
2017-08-06,17,CELEBRATION,7.0
2017-08-07,17,CELEBRATION,1.0
2017-08-08,17,CELEBRATION,7.0
2017-08-09,17,CELEBRATION,2.0
2017-08-10,17,CELEBRATION,0.0
2017-08-11,17,CELEBRATION,18.0
2017-08-12,17,CELEBRATION,8.0
2017-08-13,17,CELEBRATION,7.0
2017-08-14,17,CELEBRATION,0.0
2017-08-15,17,CELEBRATION,6.0
2017-08-02,17,CLEANING,1701.0
2017-08-03,17,CLEANING,1058.0
2017-08-04,17,CLEANING,961.0
2017-08-05,17,CLEANING,1280.0
2017-08-06,17,CLEANING,1533.0
2017-08-07,17,CLEANING,1173.0
2017-08-08,17,CLEANING,968.0
2017-08-09,17,CLEANING,906.0
2017-08-10,17,CLEANING,730.0
2017-08-11,17,CLEANING,913.0
2017-08-12,17,CLEANING,1093.0
2017-08-13,17,CLEANING,1147.0
2017-08-14,17,CLEANING,1208.0
2017-08-15,17,CLEANING,1175.0
2017-08-02,17,DAIRY,1150.0
2017-08-03,17,DAIRY,631.0
2017-08-04,17,DAIRY,540.0
2017-08-05,17,DAIRY,671.0
2017-08-06,17,DAIRY,1002.0
2017-08-07,17,DAIRY,700.0
2017-08-08,17,DAIRY,585.0
2017-08-09,17,DAIRY,1177.0
2017-08-10,17,DAIRY,458.0
2017-08-11,17,DAIRY,569.0
2017-08-12,17,DAIRY,610.0
2017-08-13,17,DAIRY,793.0
2017-08-14,17,DAIRY,677.0
2017-08-15,17,DAIRY,707.0
2017-08-02,17,DELI,518.0
2017-08-03,17,DELI,452.0
2017-08-04,17,DELI,477.0
2017-08-05,17,DELI,482.0
2017-08-06,17,DELI,645.0
2017-08-07,17,DELI,512.0
2017-08-08,17,DELI,432.0
2017-08-09,17,DELI,421.0
2017-08-10,17,DELI,364.0
2017-08-11,17,DELI,661.0
2017-08-12,17,DELI,513.0
2017-08-13,17,DELI,559.0
2017-08-14,17,DELI,495.0
2017-08-15,17,DELI,420.0
2017-08-02,17,EGGS,174.0
2017-08-03,17,EGGS,175.0
2017-08-04,17,EGGS,141.0
2017-08-05,17,EGGS,133.0
2017-08-06,17,EGGS,290.0
2017-08-07,17,EGGS,282.0
2017-08-08,17,EGGS,134.0
2017-08-09,17,EGGS,133.0
2017-08-10,17,EGGS,165.0
2017-08-11,17,EGGS,121.0
2017-08-12,17,EGGS,134.0
2017-08-13,17,EGGS,226.0
2017-08-14,17,EGGS,266.0
2017-08-15,17,EGGS,213.0
2017-08-02,17,FROZEN FOODS,93.0
2017-08-03,17,FROZEN FOODS,109.0
2017-08-04,17,FROZEN FOODS,79.264
2017-08-05,17,FROZEN FOODS,193.0
2017-08-06,17,FROZEN FOODS,140.0
2017-08-07,17,FROZEN FOODS,76.0
2017-08-08,17,FROZEN FOODS,116.0
2017-08-09,17,FROZEN FOODS,72.0
2017-08-10,17,FROZEN FOODS,42.0
2017-08-11,17,FROZEN FOODS,119.0
2017-08-12,17,FROZEN FOODS,165.0
2017-08-13,17,FROZEN FOODS,120.0
2017-08-14,17,FROZEN FOODS,92.0
2017-08-15,17,FROZEN FOODS,140.0
2017-08-02,17,GROCERY I,4416.0
2017-08-03,17,GROCERY I,4130.0
2017-08-04,17,GROCERY I,3833.0
2017-08-05,17,GROCERY I,5121.0
2017-08-06,17,GROCERY I,6253.0
2017-08-07,17,GROCERY I,4659.0
2017-08-08,17,GROCERY I,3960.0
2017-08-09,17,GROCERY I,3469.0
2017-08-10,17,GROCERY I,3534.0
2017-08-11,17,GROCERY I,3957.0
2017-08-12,17,GROCERY I,4400.0
2017-08-13,17,GROCERY I,4899.0
2017-08-14,17,GROCERY I,4648.0
2017-08-15,17,GROCERY I,4635.0
2017-08-02,17,GROCERY II,15.0
2017-08-03,17,GROCERY II,17.0
2017-08-04,17,GROCERY II,11.0
2017-08-05,17,GROCERY II,22.0
2017-08-06,17,GROCERY II,15.0
2017-08-07,17,GROCERY II,14.0
2017-08-08,17,GROCERY II,16.0
2017-08-09,17,GROCERY II,12.0
2017-08-10,17,GROCERY II,23.0
2017-08-11,17,GROCERY II,7.0
2017-08-12,17,GROCERY II,28.0
2017-08-13,17,GROCERY II,20.0
2017-08-14,17,GROCERY II,8.0
2017-08-15,17,GROCERY II,10.0
2017-08-02,17,HARDWARE,0.0
2017-08-03,17,HARDWARE,0.0
2017-08-04,17,HARDWARE,2.0
2017-08-05,17,HARDWARE,3.0
2017-08-06,17,HARDWARE,2.0
2017-08-07,17,HARDWARE,2.0
2017-08-08,17,HARDWARE,2.0
2017-08-09,17,HARDWARE,0.0
2017-08-10,17,HARDWARE,1.0
2017-08-11,17,HARDWARE,0.0
2017-08-12,17,HARDWARE,1.0
2017-08-13,17,HARDWARE,4.0
2017-08-14,17,HARDWARE,0.0
2017-08-15,17,HARDWARE,3.0
2017-08-02,17,HOME AND KITCHEN I,38.0
2017-08-03,17,HOME AND KITCHEN I,24.0
2017-08-04,17,HOME AND KITCHEN I,17.0
2017-08-05,17,HOME AND KITCHEN I,31.0
2017-08-06,17,HOME AND KITCHEN I,33.0
2017-08-07,17,HOME AND KITCHEN I,18.0
2017-08-08,17,HOME AND KITCHEN I,19.0
2017-08-09,17,HOME AND KITCHEN I,22.0
2017-08-10,17,HOME AND KITCHEN I,21.0
2017-08-11,17,HOME AND KITCHEN I,30.0
2017-08-12,17,HOME AND KITCHEN I,36.0
2017-08-13,17,HOME AND KITCHEN I,43.0
2017-08-14,17,HOME AND KITCHEN I,33.0
2017-08-15,17,HOME AND KITCHEN I,17.0
2017-08-02,17,HOME AND KITCHEN II,27.0
2017-08-03,17,HOME AND KITCHEN II,29.0
2017-08-04,17,HOME AND KITCHEN II,23.0
2017-08-05,17,HOME AND KITCHEN II,34.0
2017-08-06,17,HOME AND KITCHEN II,37.0
2017-08-07,17,HOME AND KITCHEN II,16.0
2017-08-08,17,HOME AND KITCHEN II,15.0
2017-08-09,17,HOME AND KITCHEN II,21.0
2017-08-10,17,HOME AND KITCHEN II,23.0
2017-08-11,17,HOME AND KITCHEN II,21.0
2017-08-12,17,HOME AND KITCHEN II,19.0
2017-08-13,17,HOME AND KITCHEN II,42.0
2017-08-14,17,HOME AND KITCHEN II,24.0
2017-08-15,17,HOME AND KITCHEN II,22.0
2017-08-02,17,HOME APPLIANCES,0.0
2017-08-03,17,HOME APPLIANCES,0.0
2017-08-04,17,HOME APPLIANCES,0.0
2017-08-05,17,HOME APPLIANCES,0.0
2017-08-06,17,HOME APPLIANCES,0.0
2017-08-07,17,HOME APPLIANCES,0.0
2017-08-08,17,HOME APPLIANCES,0.0
2017-08-09,17,HOME APPLIANCES,0.0
2017-08-10,17,HOME APPLIANCES,0.0
2017-08-11,17,HOME APPLIANCES,0.0
2017-08-12,17,HOME APPLIANCES,0.0
2017-08-13,17,HOME APPLIANCES,0.0
2017-08-14,17,HOME APPLIANCES,0.0
2017-08-15,17,HOME APPLIANCES,0.0
2017-08-02,17,HOME CARE,319.0
2017-08-03,17,HOME CARE,275.0
2017-08-04,17,HOME CARE,260.0
2017-08-05,17,HOME CARE,288.0
2017-08-06,17,HOME CARE,455.0
2017-08-07,17,HOME CARE,321.0
2017-08-08,17,HOME CARE,265.0
2017-08-09,17,HOME CARE,203.0
2017-08-10,17,HOME CARE,204.0
2017-08-11,17,HOME CARE,240.0
2017-08-12,17,HOME CARE,285.0
2017-08-13,17,HOME CARE,314.0
2017-08-14,17,HOME CARE,283.0
2017-08-15,17,HOME CARE,266.0
2017-08-02,17,LADIESWEAR,0.0
2017-08-03,17,LADIESWEAR,0.0
2017-08-04,17,LADIESWEAR,0.0
2017-08-05,17,LADIESWEAR,0.0
2017-08-06,17,LADIESWEAR,0.0
2017-08-07,17,LADIESWEAR,0.0
2017-08-08,17,LADIESWEAR,0.0
2017-08-09,17,LADIESWEAR,0.0
2017-08-10,17,LADIESWEAR,0.0
2017-08-11,17,LADIESWEAR,0.0
2017-08-12,17,LADIESWEAR,0.0
2017-08-13,17,LADIESWEAR,0.0
2017-08-14,17,LADIESWEAR,0.0
2017-08-15,17,LADIESWEAR,0.0
2017-08-02,17,LAWN AND GARDEN,0.0
2017-08-03,17,LAWN AND GARDEN,0.0
2017-08-04,17,LAWN AND GARDEN,0.0
2017-08-05,17,LAWN AND GARDEN,0.0
2017-08-06,17,LAWN AND GARDEN,0.0
2017-08-07,17,LAWN AND GARDEN,0.0
2017-08-08,17,LAWN AND GARDEN,0.0
2017-08-09,17,LAWN AND GARDEN,0.0
2017-08-10,17,LAWN AND GARDEN,0.0
2017-08-11,17,LAWN AND GARDEN,0.0
2017-08-12,17,LAWN AND GARDEN,0.0
2017-08-13,17,LAWN AND GARDEN,0.0
2017-08-14,17,LAWN AND GARDEN,0.0
2017-08-15,17,LAWN AND GARDEN,0.0
2017-08-02,17,LINGERIE,6.0
2017-08-03,17,LINGERIE,34.0
2017-08-04,17,LINGERIE,0.0
2017-08-05,17,LINGERIE,4.0
2017-08-06,17,LINGERIE,6.0
2017-08-07,17,LINGERIE,10.0
2017-08-08,17,LINGERIE,4.0
2017-08-09,17,LINGERIE,3.0
2017-08-10,17,LINGERIE,6.0
2017-08-11,17,LINGERIE,4.0
2017-08-12,17,LINGERIE,32.0
2017-08-13,17,LINGERIE,4.0
2017-08-14,17,LINGERIE,0.0
2017-08-15,17,LINGERIE,3.0
2017-08-02,17,"LIQUOR,WINE,BEER",28.0
2017-08-03,17,"LIQUOR,WINE,BEER",33.0
2017-08-04,17,"LIQUOR,WINE,BEER",60.0
2017-08-05,17,"LIQUOR,WINE,BEER",110.0
2017-08-06,17,"LIQUOR,WINE,BEER",66.0
2017-08-07,17,"LIQUOR,WINE,BEER",23.0
2017-08-08,17,"LIQUOR,WINE,BEER",19.0
2017-08-09,17,"LIQUOR,WINE,BEER",22.0
2017-08-10,17,"LIQUOR,WINE,BEER",45.0
2017-08-11,17,"LIQUOR,WINE,BEER",83.0
2017-08-12,17,"LIQUOR,WINE,BEER",144.0
2017-08-13,17,"LIQUOR,WINE,BEER",52.0
2017-08-14,17,"LIQUOR,WINE,BEER",7.0
2017-08-15,17,"LIQUOR,WINE,BEER",15.0
2017-08-02,17,MAGAZINES,1.0
2017-08-03,17,MAGAZINES,2.0
2017-08-04,17,MAGAZINES,2.0
2017-08-05,17,MAGAZINES,4.0
2017-08-06,17,MAGAZINES,2.0
2017-08-07,17,MAGAZINES,9.0
2017-08-08,17,MAGAZINES,4.0
2017-08-09,17,MAGAZINES,6.0
2017-08-10,17,MAGAZINES,4.0
2017-08-11,17,MAGAZINES,8.0
2017-08-12,17,MAGAZINES,8.0
2017-08-13,17,MAGAZINES,4.0
2017-08-14,17,MAGAZINES,6.0
2017-08-15,17,MAGAZINES,5.0
2017-08-02,17,MEATS,270.382
2017-08-03,17,MEATS,326.54102
2017-08-04,17,MEATS,178.027
2017-08-05,17,MEATS,217.534
2017-08-06,17,MEATS,365.873
2017-08-07,17,MEATS,240.608
2017-08-08,17,MEATS,256.315
2017-08-09,17,MEATS,220.233
2017-08-10,17,MEATS,293.82
2017-08-11,17,MEATS,222.451
2017-08-12,17,MEATS,177.922
2017-08-13,17,MEATS,269.594
2017-08-14,17,MEATS,292.339
2017-08-15,17,MEATS,285.509
2017-08-02,17,PERSONAL CARE,298.0
2017-08-03,17,PERSONAL CARE,267.0
2017-08-04,17,PERSONAL CARE,213.0
2017-08-05,17,PERSONAL CARE,283.0
2017-08-06,17,PERSONAL CARE,399.0
2017-08-07,17,PERSONAL CARE,290.0
2017-08-08,17,PERSONAL CARE,236.0
2017-08-09,17,PERSONAL CARE,188.0
2017-08-10,17,PERSONAL CARE,170.0
2017-08-11,17,PERSONAL CARE,229.0
2017-08-12,17,PERSONAL CARE,325.0
2017-08-13,17,PERSONAL CARE,330.0
2017-08-14,17,PERSONAL CARE,310.0
2017-08-15,17,PERSONAL CARE,262.0
2017-08-02,17,PET SUPPLIES,4.0
2017-08-03,17,PET SUPPLIES,1.0
2017-08-04,17,PET SUPPLIES,1.0
2017-08-05,17,PET SUPPLIES,2.0
2017-08-06,17,PET SUPPLIES,2.0
2017-08-07,17,PET SUPPLIES,3.0
2017-08-08,17,PET SUPPLIES,2.0
2017-08-09,17,PET SUPPLIES,5.0
2017-08-10,17,PET SUPPLIES,4.0
2017-08-11,17,PET SUPPLIES,3.0
2017-08-12,17,PET SUPPLIES,3.0
2017-08-13,17,PET SUPPLIES,2.0
2017-08-14,17,PET SUPPLIES,1.0
2017-08-15,17,PET SUPPLIES,2.0
2017-08-02,17,PLAYERS AND ELECTRONICS,6.0
2017-08-03,17,PLAYERS AND ELECTRONICS,5.0
2017-08-04,17,PLAYERS AND ELECTRONICS,4.0
2017-08-05,17,PLAYERS AND ELECTRONICS,14.0
2017-08-06,17,PLAYERS AND ELECTRONICS,14.0
2017-08-07,17,PLAYERS AND ELECTRONICS,14.0
2017-08-08,17,PLAYERS AND ELECTRONICS,7.0
2017-08-09,17,PLAYERS AND ELECTRONICS,13.0
2017-08-10,17,PLAYERS AND ELECTRONICS,10.0
2017-08-11,17,PLAYERS AND ELECTRONICS,15.0
2017-08-12,17,PLAYERS AND ELECTRONICS,5.0
2017-08-13,17,PLAYERS AND ELECTRONICS,13.0
2017-08-14,17,PLAYERS AND ELECTRONICS,3.0
2017-08-15,17,PLAYERS AND ELECTRONICS,6.0
2017-08-02,17,POULTRY,369.912
2017-08-03,17,POULTRY,310.82
2017-08-04,17,POULTRY,308.142
2017-08-05,17,POULTRY,363.868
2017-08-06,17,POULTRY,520.592
2017-08-07,17,POULTRY,355.289
2017-08-08,17,POULTRY,349.655
2017-08-09,17,POULTRY,260.253
2017-08-10,17,POULTRY,293.557
2017-08-11,17,POULTRY,427.813
2017-08-12,17,POULTRY,389.311
2017-08-13,17,POULTRY,376.227
2017-08-14,17,POULTRY,381.421
2017-08-15,17,POULTRY,314.182
2017-08-02,17,PREPARED FOODS,42.0
2017-08-03,17,PREPARED FOODS,60.0
2017-08-04,17,PREPARED FOODS,61.0
2017-08-05,17,PREPARED FOODS,79.0
2017-08-06,17,PREPARED FOODS,72.0
2017-08-07,17,PREPARED FOODS,41.0
2017-08-08,17,PREPARED FOODS,54.0
2017-08-09,17,PREPARED FOODS,61.0
2017-08-10,17,PREPARED FOODS,61.0
2017-08-11,17,PREPARED FOODS,66.0
2017-08-12,17,PREPARED FOODS,70.0
2017-08-13,17,PREPARED FOODS,62.0
2017-08-14,17,PREPARED FOODS,73.0
2017-08-15,17,PREPARED FOODS,61.0
2017-08-02,17,PRODUCE,1240.432
2017-08-03,17,PRODUCE,1202.819
2017-08-04,17,PRODUCE,1036.282
2017-08-05,17,PRODUCE,1384.58
2017-08-06,17,PRODUCE,1829.009
2017-08-07,17,PRODUCE,1309.462
2017-08-08,17,PRODUCE,2251.63
2017-08-09,17,PRODUCE,1045.323
2017-08-10,17,PRODUCE,907.016
2017-08-11,17,PRODUCE,1408.649
2017-08-12,17,PRODUCE,1094.996
2017-08-13,17,PRODUCE,1664.754
2017-08-14,17,PRODUCE,1177.229
2017-08-15,17,PRODUCE,2300.077
2017-08-02,17,SCHOOL AND OFFICE SUPPLIES,0.0
2017-08-03,17,SCHOOL AND OFFICE SUPPLIES,2.0
2017-08-04,17,SCHOOL AND OFFICE SUPPLIES,1.0
2017-08-05,17,SCHOOL AND OFFICE SUPPLIES,0.0
2017-08-06,17,SCHOOL AND OFFICE SUPPLIES,0.0
2017-08-07,17,SCHOOL AND OFFICE SUPPLIES,0.0
2017-08-08,17,SCHOOL AND OFFICE SUPPLIES,0.0
2017-08-09,17,SCHOOL AND OFFICE SUPPLIES,0.0
2017-08-10,17,SCHOOL AND OFFICE SUPPLIES,3.0
2017-08-11,17,SCHOOL AND OFFICE SUPPLIES,20.0
2017-08-12,17,SCHOOL AND OFFICE SUPPLIES,49.0
2017-08-13,17,SCHOOL AND OFFICE SUPPLIES,18.0
2017-08-14,17,SCHOOL AND OFFICE SUPPLIES,35.0
2017-08-15,17,SCHOOL AND OFFICE SUPPLIES,57.0
2017-08-02,17,SEAFOOD,16.0
2017-08-03,17,SEAFOOD,15.0
2017-08-04,17,SEAFOOD,7.0
2017-08-05,17,SEAFOOD,28.0
2017-08-06,17,SEAFOOD,25.0
2017-08-07,17,SEAFOOD,4.0
2017-08-08,17,SEAFOOD,17.0
2017-08-09,17,SEAFOOD,7.0
2017-08-10,17,SEAFOOD,9.0
2017-08-11,17,SEAFOOD,9.0
2017-08-12,17,SEAFOOD,16.0
2017-08-13,17,SEAFOOD,19.0
2017-08-14,17,SEAFOOD,5.0
2017-08-15,17,SEAFOOD,15.0
2017-08-02,18,AUTOMOTIVE,8.0
2017-08-03,18,AUTOMOTIVE,6.0
2017-08-04,18,AUTOMOTIVE,4.0
2017-08-05,18,AUTOMOTIVE,6.0
2017-08-06,18,AUTOMOTIVE,5.0
2017-08-07,18,AUTOMOTIVE,3.0
2017-08-08,18,AUTOMOTIVE,3.0
2017-08-09,18,AUTOMOTIVE,2.0
2017-08-10,18,AUTOMOTIVE,2.0
2017-08-11,18,AUTOMOTIVE,5.0
2017-08-12,18,AUTOMOTIVE,6.0
2017-08-13,18,AUTOMOTIVE,7.0
2017-08-14,18,AUTOMOTIVE,2.0
2017-08-15,18,AUTOMOTIVE,1.0
2017-08-02,18,BABY CARE,0.0
2017-08-03,18,BABY CARE,0.0
2017-08-04,18,BABY CARE,0.0
2017-08-05,18,BABY CARE,0.0
2017-08-06,18,BABY CARE,1.0
2017-08-07,18,BABY CARE,0.0
2017-08-08,18,BABY CARE,0.0
2017-08-09,18,BABY CARE,0.0
2017-08-10,18,BABY CARE,0.0
2017-08-11,18,BABY CARE,0.0
2017-08-12,18,BABY CARE,0.0
2017-08-13,18,BABY CARE,0.0
2017-08-14,18,BABY CARE,0.0
2017-08-15,18,BABY CARE,4.0
2017-08-02,18,BEAUTY,2.0
2017-08-03,18,BEAUTY,6.0
2017-08-04,18,BEAUTY,1.0
2017-08-05,18,BEAUTY,6.0
2017-08-06,18,BEAUTY,11.0
2017-08-07,18,BEAUTY,6.0
2017-08-08,18,BEAUTY,6.0
2017-08-09,18,BEAUTY,2.0
2017-08-10,18,BEAUTY,7.0
2017-08-11,18,BEAUTY,1.0
2017-08-12,18,BEAUTY,6.0
2017-08-13,18,BEAUTY,3.0
2017-08-14,18,BEAUTY,2.0
2017-08-15,18,BEAUTY,7.0
2017-08-02,18,BEVERAGES,2270.0
2017-08-03,18,BEVERAGES,2074.0
2017-08-04,18,BEVERAGES,1686.0
2017-08-05,18,BEVERAGES,2800.0
2017-08-06,18,BEVERAGES,3142.0
2017-08-07,18,BEVERAGES,2038.0
2017-08-08,18,BEVERAGES,2013.0
2017-08-09,18,BEVERAGES,1531.0
2017-08-10,18,BEVERAGES,1655.0
2017-08-11,18,BEVERAGES,1557.0
2017-08-12,18,BEVERAGES,2277.0
2017-08-13,18,BEVERAGES,2434.0
2017-08-14,18,BEVERAGES,1996.0
2017-08-15,18,BEVERAGES,2110.0
2017-08-02,18,BOOKS,0.0
2017-08-03,18,BOOKS,0.0
2017-08-04,18,BOOKS,0.0
2017-08-05,18,BOOKS,0.0
2017-08-06,18,BOOKS,0.0
2017-08-07,18,BOOKS,0.0
2017-08-08,18,BOOKS,0.0
2017-08-09,18,BOOKS,0.0
2017-08-10,18,BOOKS,0.0
2017-08-11,18,BOOKS,0.0
2017-08-12,18,BOOKS,0.0
2017-08-13,18,BOOKS,0.0
2017-08-14,18,BOOKS,0.0
2017-08-15,18,BOOKS,0.0
2017-08-02,18,BREAD/BAKERY,495.0
2017-08-03,18,BREAD/BAKERY,534.0
2017-08-04,18,BREAD/BAKERY,458.0
2017-08-05,18,BREAD/BAKERY,696.0
2017-08-06,18,BREAD/BAKERY,809.0
2017-08-07,18,BREAD/BAKERY,496.0
2017-08-08,18,BREAD/BAKERY,532.0
2017-08-09,18,BREAD/BAKERY,468.0
2017-08-10,18,BREAD/BAKERY,470.0
2017-08-11,18,BREAD/BAKERY,427.0
2017-08-12,18,BREAD/BAKERY,492.0
2017-08-13,18,BREAD/BAKERY,664.0
2017-08-14,18,BREAD/BAKERY,479.0
2017-08-15,18,BREAD/BAKERY,606.0
2017-08-02,18,CELEBRATION,7.0
2017-08-03,18,CELEBRATION,17.0
2017-08-04,18,CELEBRATION,11.0
2017-08-05,18,CELEBRATION,10.0
2017-08-06,18,CELEBRATION,13.0
2017-08-07,18,CELEBRATION,6.0
2017-08-08,18,CELEBRATION,8.0
2017-08-09,18,CELEBRATION,6.0
2017-08-10,18,CELEBRATION,5.0
2017-08-11,18,CELEBRATION,9.0
2017-08-12,18,CELEBRATION,18.0
2017-08-13,18,CELEBRATION,8.0
2017-08-14,18,CELEBRATION,9.0
2017-08-15,18,CELEBRATION,13.0
2017-08-02,18,CLEANING,669.0
2017-08-03,18,CLEANING,795.0
2017-08-04,18,CLEANING,510.0
2017-08-05,18,CLEANING,836.0
2017-08-06,18,CLEANING,1098.0
2017-08-07,18,CLEANING,621.0
2017-08-08,18,CLEANING,553.0
2017-08-09,18,CLEANING,451.0
2017-08-10,18,CLEANING,385.0
2017-08-11,18,CLEANING,516.0
2017-08-12,18,CLEANING,663.0
2017-08-13,18,CLEANING,598.0
2017-08-14,18,CLEANING,581.0
2017-08-15,18,CLEANING,606.0
2017-08-02,18,DAIRY,694.0
2017-08-03,18,DAIRY,553.0
2017-08-04,18,DAIRY,479.0
2017-08-05,18,DAIRY,716.0
2017-08-06,18,DAIRY,902.0
2017-08-07,18,DAIRY,522.0
2017-08-08,18,DAIRY,505.0
2017-08-09,18,DAIRY,568.0
2017-08-10,18,DAIRY,414.0
2017-08-11,18,DAIRY,447.0
2017-08-12,18,DAIRY,511.0
2017-08-13,18,DAIRY,657.0
2017-08-14,18,DAIRY,511.0
2017-08-15,18,DAIRY,569.0
2017-08-02,18,DELI,248.976
2017-08-03,18,DELI,240.715
2017-08-04,18,DELI,281.409
2017-08-05,18,DELI,240.16
2017-08-06,18,DELI,297.404
2017-08-07,18,DELI,191.302
2017-08-08,18,DELI,138.524
2017-08-09,18,DELI,183.979
2017-08-10,18,DELI,116.461
2017-08-11,18,DELI,166.224
2017-08-12,18,DELI,173.644
2017-08-13,18,DELI,201.703
2017-08-14,18,DELI,198.824
2017-08-15,18,DELI,197.847
2017-08-02,18,EGGS,215.0
2017-08-03,18,EGGS,133.0
2017-08-04,18,EGGS,158.0
2017-08-05,18,EGGS,216.0
2017-08-06,18,EGGS,323.0
2017-08-07,18,EGGS,184.0
2017-08-08,18,EGGS,129.0
2017-08-09,18,EGGS,138.0
2017-08-10,18,EGGS,131.0
2017-08-11,18,EGGS,115.0
2017-08-12,18,EGGS,129.0
2017-08-13,18,EGGS,239.0
2017-08-14,18,EGGS,293.0
2017-08-15,18,EGGS,149.0
2017-08-02,18,FROZEN FOODS,48.0
2017-08-03,18,FROZEN FOODS,60.0
2017-08-04,18,FROZEN FOODS,57.0
2017-08-05,18,FROZEN FOODS,94.0
2017-08-06,18,FROZEN FOODS,107.0
2017-08-07,18,FROZEN FOODS,81.259
2017-08-08,18,FROZEN FOODS,53.0
2017-08-09,18,FROZEN FOODS,37.0
2017-08-10,18,FROZEN FOODS,43.0
2017-08-11,18,FROZEN FOODS,58.0
2017-08-12,18,FROZEN FOODS,77.662
2017-08-13,18,FROZEN FOODS,63.0
2017-08-14,18,FROZEN FOODS,45.0
2017-08-15,18,FROZEN FOODS,45.0
2017-08-02,18,GROCERY I,3081.977
2017-08-03,18,GROCERY I,2807.672
2017-08-04,18,GROCERY I,2575.828
2017-08-05,18,GROCERY I,3587.773
2017-08-06,18,GROCERY I,4356.758
2017-08-07,18,GROCERY I,2972.602
2017-08-08,18,GROCERY I,2674.523
2017-08-09,18,GROCERY I,2238.125
2017-08-10,18,GROCERY I,2169.586
2017-08-11,18,GROCERY I,2225.828
2017-08-12,18,GROCERY I,2810.625
2017-08-13,18,GROCERY I,3036.938
2017-08-14,18,GROCERY I,2631.5
2017-08-15,18,GROCERY I,3024.594
2017-08-02,18,GROCERY II,19.0
2017-08-03,18,GROCERY II,7.0
2017-08-04,18,GROCERY II,6.0
2017-08-05,18,GROCERY II,27.0
2017-08-06,18,GROCERY II,21.0
2017-08-07,18,GROCERY II,8.0
2017-08-08,18,GROCERY II,20.0
2017-08-09,18,GROCERY II,11.0
2017-08-10,18,GROCERY II,17.0
2017-08-11,18,GROCERY II,10.0
2017-08-12,18,GROCERY II,11.0
2017-08-13,18,GROCERY II,14.0
2017-08-14,18,GROCERY II,13.0
2017-08-15,18,GROCERY II,8.0
2017-08-02,18,HARDWARE,2.0
2017-08-03,18,HARDWARE,2.0
2017-08-04,18,HARDWARE,0.0
2017-08-05,18,HARDWARE,0.0
2017-08-06,18,HARDWARE,0.0
2017-08-07,18,HARDWARE,3.0
2017-08-08,18,HARDWARE,1.0
2017-08-09,18,HARDWARE,1.0
2017-08-10,18,HARDWARE,1.0
2017-08-11,18,HARDWARE,0.0
2017-08-12,18,HARDWARE,0.0
2017-08-13,18,HARDWARE,2.0
2017-08-14,18,HARDWARE,2.0
2017-08-15,18,HARDWARE,1.0
2017-08-02,18,HOME AND KITCHEN I,10.0
2017-08-03,18,HOME AND KITCHEN I,21.0
2017-08-04,18,HOME AND KITCHEN I,11.0
2017-08-05,18,HOME AND KITCHEN I,36.0
2017-08-06,18,HOME AND KITCHEN I,29.0
2017-08-07,18,HOME AND KITCHEN I,11.0
2017-08-08,18,HOME AND KITCHEN I,10.0
2017-08-09,18,HOME AND KITCHEN I,15.0
2017-08-10,18,HOME AND KITCHEN I,4.0
2017-08-11,18,HOME AND KITCHEN I,42.0
2017-08-12,18,HOME AND KITCHEN I,25.0
2017-08-13,18,HOME AND KITCHEN I,29.0
2017-08-14,18,HOME AND KITCHEN I,29.0
2017-08-15,18,HOME AND KITCHEN I,11.0
2017-08-02,18,HOME AND KITCHEN II,29.0
2017-08-03,18,HOME AND KITCHEN II,18.0
2017-08-04,18,HOME AND KITCHEN II,15.0
2017-08-05,18,HOME AND KITCHEN II,22.0
2017-08-06,18,HOME AND KITCHEN II,29.0
2017-08-07,18,HOME AND KITCHEN II,8.0
2017-08-08,18,HOME AND KITCHEN II,22.0
2017-08-09,18,HOME AND KITCHEN II,13.0
2017-08-10,18,HOME AND KITCHEN II,12.0
2017-08-11,18,HOME AND KITCHEN II,27.0
2017-08-12,18,HOME AND KITCHEN II,30.0
2017-08-13,18,HOME AND KITCHEN II,21.0
2017-08-14,18,HOME AND KITCHEN II,23.0
2017-08-15,18,HOME AND KITCHEN II,28.0
2017-08-02,18,HOME APPLIANCES,0.0
2017-08-03,18,HOME APPLIANCES,0.0
2017-08-04,18,HOME APPLIANCES,0.0
2017-08-05,18,HOME APPLIANCES,0.0
2017-08-06,18,HOME APPLIANCES,0.0
2017-08-07,18,HOME APPLIANCES,0.0
2017-08-08,18,HOME APPLIANCES,0.0
2017-08-09,18,HOME APPLIANCES,0.0
2017-08-10,18,HOME APPLIANCES,0.0
2017-08-11,18,HOME APPLIANCES,0.0
2017-08-12,18,HOME APPLIANCES,0.0
2017-08-13,18,HOME APPLIANCES,0.0
2017-08-14,18,HOME APPLIANCES,0.0
2017-08-15,18,HOME APPLIANCES,0.0
2017-08-02,18,HOME CARE,212.0
2017-08-03,18,HOME CARE,167.0
2017-08-04,18,HOME CARE,134.0
2017-08-05,18,HOME CARE,280.0
2017-08-06,18,HOME CARE,349.0
2017-08-07,18,HOME CARE,198.0
2017-08-08,18,HOME CARE,134.0
2017-08-09,18,HOME CARE,136.0
2017-08-10,18,HOME CARE,122.0
2017-08-11,18,HOME CARE,158.0
2017-08-12,18,HOME CARE,182.0
2017-08-13,18,HOME CARE,269.0
2017-08-14,18,HOME CARE,204.0
2017-08-15,18,HOME CARE,161.0
2017-08-02,18,LADIESWEAR,15.0
2017-08-03,18,LADIESWEAR,10.0
2017-08-04,18,LADIESWEAR,4.0
2017-08-05,18,LADIESWEAR,16.0
2017-08-06,18,LADIESWEAR,26.0
2017-08-07,18,LADIESWEAR,21.0
2017-08-08,18,LADIESWEAR,7.0
2017-08-09,18,LADIESWEAR,9.0
2017-08-10,18,LADIESWEAR,3.0
2017-08-11,18,LADIESWEAR,5.0
2017-08-12,18,LADIESWEAR,5.0
2017-08-13,18,LADIESWEAR,14.0
2017-08-14,18,LADIESWEAR,9.0
2017-08-15,18,LADIESWEAR,4.0
2017-08-02,18,LAWN AND GARDEN,5.0
2017-08-03,18,LAWN AND GARDEN,8.0
2017-08-04,18,LAWN AND GARDEN,9.0
2017-08-05,18,LAWN AND GARDEN,7.0
2017-08-06,18,LAWN AND GARDEN,4.0
2017-08-07,18,LAWN AND GARDEN,5.0
2017-08-08,18,LAWN AND GARDEN,1.0
2017-08-09,18,LAWN AND GARDEN,2.0
2017-08-10,18,LAWN AND GARDEN,3.0
2017-08-11,18,LAWN AND GARDEN,1.0
2017-08-12,18,LAWN AND GARDEN,0.0
2017-08-13,18,LAWN AND GARDEN,1.0
2017-08-14,18,LAWN AND GARDEN,0.0
2017-08-15,18,LAWN AND GARDEN,0.0
2017-08-02,18,LINGERIE,2.0
2017-08-03,18,LINGERIE,0.0
2017-08-04,18,LINGERIE,8.0
2017-08-05,18,LINGERIE,10.0
2017-08-06,18,LINGERIE,20.0
2017-08-07,18,LINGERIE,6.0
2017-08-08,18,LINGERIE,15.0
2017-08-09,18,LINGERIE,5.0
2017-08-10,18,LINGERIE,3.0
2017-08-11,18,LINGERIE,3.0
2017-08-12,18,LINGERIE,3.0
2017-08-13,18,LINGERIE,4.0
2017-08-14,18,LINGERIE,8.0
2017-08-15,18,LINGERIE,3.0
2017-08-02,18,"LIQUOR,WINE,BEER",75.0
2017-08-03,18,"LIQUOR,WINE,BEER",70.0
2017-08-04,18,"LIQUOR,WINE,BEER",53.0
2017-08-05,18,"LIQUOR,WINE,BEER",113.0
2017-08-06,18,"LIQUOR,WINE,BEER",50.0
2017-08-07,18,"LIQUOR,WINE,BEER",32.0
2017-08-08,18,"LIQUOR,WINE,BEER",30.0
2017-08-09,18,"LIQUOR,WINE,BEER",63.0
2017-08-10,18,"LIQUOR,WINE,BEER",61.0
2017-08-11,18,"LIQUOR,WINE,BEER",138.0
2017-08-12,18,"LIQUOR,WINE,BEER",65.0
2017-08-13,18,"LIQUOR,WINE,BEER",36.0
2017-08-14,18,"LIQUOR,WINE,BEER",17.0
2017-08-15,18,"LIQUOR,WINE,BEER",52.0
2017-08-02,18,MAGAZINES,1.0
2017-08-03,18,MAGAZINES,2.0
2017-08-04,18,MAGAZINES,1.0
2017-08-05,18,MAGAZINES,2.0
2017-08-06,18,MAGAZINES,3.0
2017-08-07,18,MAGAZINES,1.0
2017-08-08,18,MAGAZINES,1.0
2017-08-09,18,MAGAZINES,3.0
2017-08-10,18,MAGAZINES,3.0
2017-08-11,18,MAGAZINES,6.0
2017-08-12,18,MAGAZINES,2.0
2017-08-13,18,MAGAZINES,2.0
2017-08-14,18,MAGAZINES,5.0
2017-08-15,18,MAGAZINES,2.0
2017-08-02,18,MEATS,107.18
2017-08-03,18,MEATS,190.271
2017-08-04,18,MEATS,86.804
2017-08-05,18,MEATS,100.171
2017-08-06,18,MEATS,137.271
2017-08-07,18,MEATS,96.594
2017-08-08,18,MEATS,95.763
2017-08-09,18,MEATS,79.506
2017-08-10,18,MEATS,127.317
2017-08-11,18,MEATS,77.35
2017-08-12,18,MEATS,93.08
2017-08-13,18,MEATS,89.544
2017-08-14,18,MEATS,61.722
2017-08-15,18,MEATS,84.173004
2017-08-02,18,PERSONAL CARE,191.0
2017-08-03,18,PERSONAL CARE,127.0
2017-08-04,18,PERSONAL CARE,122.0
2017-08-05,18,PERSONAL CARE,236.0
2017-08-06,18,PERSONAL CARE,330.0
2017-08-07,18,PERSONAL CARE,166.0
2017-08-08,18,PERSONAL CARE,121.0
2017-08-09,18,PERSONAL CARE,129.0
2017-08-10,18,PERSONAL CARE,126.0
2017-08-11,18,PERSONAL CARE,121.0
2017-08-12,18,PERSONAL CARE,171.0
2017-08-13,18,PERSONAL CARE,168.0
2017-08-14,18,PERSONAL CARE,164.0
2017-08-15,18,PERSONAL CARE,157.0
2017-08-02,18,PET SUPPLIES,3.0
2017-08-03,18,PET SUPPLIES,5.0
2017-08-04,18,PET SUPPLIES,3.0
2017-08-05,18,PET SUPPLIES,3.0
2017-08-06,18,PET SUPPLIES,7.0
2017-08-07,18,PET SUPPLIES,3.0
2017-08-08,18,PET SUPPLIES,3.0
2017-08-09,18,PET SUPPLIES,3.0
2017-08-10,18,PET SUPPLIES,3.0
2017-08-11,18,PET SUPPLIES,4.0
2017-08-12,18,PET SUPPLIES,4.0
2017-08-13,18,PET SUPPLIES,8.0
2017-08-14,18,PET SUPPLIES,2.0
2017-08-15,18,PET SUPPLIES,1.0
2017-08-02,18,PLAYERS AND ELECTRONICS,4.0
2017-08-03,18,PLAYERS AND ELECTRONICS,2.0
2017-08-04,18,PLAYERS AND ELECTRONICS,6.0
2017-08-05,18,PLAYERS AND ELECTRONICS,14.0
2017-08-06,18,PLAYERS AND ELECTRONICS,14.0
2017-08-07,18,PLAYERS AND ELECTRONICS,11.0
2017-08-08,18,PLAYERS AND ELECTRONICS,6.0
2017-08-09,18,PLAYERS AND ELECTRONICS,3.0
2017-08-10,18,PLAYERS AND ELECTRONICS,10.0
2017-08-11,18,PLAYERS AND ELECTRONICS,6.0
2017-08-12,18,PLAYERS AND ELECTRONICS,8.0
2017-08-13,18,PLAYERS AND ELECTRONICS,9.0
2017-08-14,18,PLAYERS AND ELECTRONICS,5.0
2017-08-15,18,PLAYERS AND ELECTRONICS,9.0
2017-08-02,18,POULTRY,184.653
2017-08-03,18,POULTRY,146.305
2017-08-04,18,POULTRY,203.257
2017-08-05,18,POULTRY,205.853
2017-08-06,18,POULTRY,331.716
2017-08-07,18,POULTRY,152.745
2017-08-08,18,POULTRY,161.29199
2017-08-09,18,POULTRY,134.292
2017-08-10,18,POULTRY,129.792
2017-08-11,18,POULTRY,163.395
2017-08-12,18,POULTRY,187.222
2017-08-13,18,POULTRY,189.90201
2017-08-14,18,POULTRY,119.275
2017-08-15,18,POULTRY,145.543
2017-08-02,18,PREPARED FOODS,63.079002
2017-08-03,18,PREPARED FOODS,56.036
2017-08-04,18,PREPARED FOODS,57.951
2017-08-05,18,PREPARED FOODS,49.825
2017-08-06,18,PREPARED FOODS,87.09
2017-08-07,18,PREPARED FOODS,41.169
2017-08-08,18,PREPARED FOODS,45.927002
2017-08-09,18,PREPARED FOODS,51.901
2017-08-10,18,PREPARED FOODS,42.742
2017-08-11,18,PREPARED FOODS,47.021
2017-08-12,18,PREPARED FOODS,57.12
2017-08-13,18,PREPARED FOODS,50.802002
2017-08-14,18,PREPARED FOODS,36.18
2017-08-15,18,PREPARED FOODS,71.548996
2017-08-02,18,PRODUCE,1291.206
2017-08-03,18,PRODUCE,1296.345
2017-08-04,18,PRODUCE,1194.483
2017-08-05,18,PRODUCE,1843.16
2017-08-06,18,PRODUCE,2416.146
2017-08-07,18,PRODUCE,1390.732
2017-08-08,18,PRODUCE,3146.355
2017-08-09,18,PRODUCE,1065.354
2017-08-10,18,PRODUCE,965.368
2017-08-11,18,PRODUCE,1297.814
2017-08-12,18,PRODUCE,1329.457
2017-08-13,18,PRODUCE,2095.933
2017-08-14,18,PRODUCE,1520.275
2017-08-15,18,PRODUCE,3164.252
2017-08-02,18,SCHOOL AND OFFICE SUPPLIES,16.0
2017-08-03,18,SCHOOL AND OFFICE SUPPLIES,38.0
2017-08-04,18,SCHOOL AND OFFICE SUPPLIES,22.0
2017-08-05,18,SCHOOL AND OFFICE SUPPLIES,121.0
2017-08-06,18,SCHOOL AND OFFICE SUPPLIES,57.0
2017-08-07,18,SCHOOL AND OFFICE SUPPLIES,33.0
2017-08-08,18,SCHOOL AND OFFICE SUPPLIES,35.0
2017-08-09,18,SCHOOL AND OFFICE SUPPLIES,35.0
2017-08-10,18,SCHOOL AND OFFICE SUPPLIES,49.0
2017-08-11,18,SCHOOL AND OFFICE SUPPLIES,54.0
2017-08-12,18,SCHOOL AND OFFICE SUPPLIES,37.0
2017-08-13,18,SCHOOL AND OFFICE SUPPLIES,45.0
2017-08-14,18,SCHOOL AND OFFICE SUPPLIES,79.0
2017-08-15,18,SCHOOL AND OFFICE SUPPLIES,30.0
2017-08-02,18,SEAFOOD,14.466
2017-08-03,18,SEAFOOD,10.464
2017-08-04,18,SEAFOOD,11.0
2017-08-05,18,SEAFOOD,22.0
2017-08-06,18,SEAFOOD,19.978
2017-08-07,18,SEAFOOD,12.242001
2017-08-08,18,SEAFOOD,19.122
2017-08-09,18,SEAFOOD,9.886
2017-08-10,18,SEAFOOD,11.0
2017-08-11,18,SEAFOOD,8.0
2017-08-12,18,SEAFOOD,13.32
2017-08-13,18,SEAFOOD,15.931
2017-08-14,18,SEAFOOD,8.9869995
2017-08-15,18,SEAFOOD,21.364
2017-08-02,19,AUTOMOTIVE,8.0
2017-08-03,19,AUTOMOTIVE,7.0
2017-08-04,19,AUTOMOTIVE,3.0
2017-08-05,19,AUTOMOTIVE,11.0
2017-08-06,19,AUTOMOTIVE,8.0
2017-08-07,19,AUTOMOTIVE,9.0
2017-08-08,19,AUTOMOTIVE,0.0
2017-08-09,19,AUTOMOTIVE,9.0
2017-08-10,19,AUTOMOTIVE,5.0
2017-08-11,19,AUTOMOTIVE,8.0
2017-08-12,19,AUTOMOTIVE,5.0
2017-08-13,19,AUTOMOTIVE,3.0
2017-08-14,19,AUTOMOTIVE,3.0
2017-08-15,19,AUTOMOTIVE,8.0
2017-08-02,19,BABY CARE,1.0
2017-08-03,19,BABY CARE,1.0
2017-08-04,19,BABY CARE,1.0
2017-08-05,19,BABY CARE,0.0
2017-08-06,19,BABY CARE,0.0
2017-08-07,19,BABY CARE,1.0
2017-08-08,19,BABY CARE,0.0
2017-08-09,19,BABY CARE,1.0
2017-08-10,19,BABY CARE,0.0
2017-08-11,19,BABY CARE,1.0
2017-08-12,19,BABY CARE,0.0
2017-08-13,19,BABY CARE,0.0
2017-08-14,19,BABY CARE,0.0
2017-08-15,19,BABY CARE,1.0
2017-08-02,19,BEAUTY,2.0
2017-08-03,19,BEAUTY,4.0
2017-08-04,19,BEAUTY,3.0
2017-08-05,19,BEAUTY,7.0
2017-08-06,19,BEAUTY,5.0
2017-08-07,19,BEAUTY,3.0
2017-08-08,19,BEAUTY,2.0
2017-08-09,19,BEAUTY,3.0
2017-08-10,19,BEAUTY,3.0
2017-08-11,19,BEAUTY,2.0
2017-08-12,19,BEAUTY,4.0
2017-08-13,19,BEAUTY,1.0
2017-08-14,19,BEAUTY,3.0
2017-08-15,19,BEAUTY,5.0
2017-08-02,19,BEVERAGES,2325.0
2017-08-03,19,BEVERAGES,2265.0
2017-08-04,19,BEVERAGES,2812.0
2017-08-05,19,BEVERAGES,4096.0
2017-08-06,19,BEVERAGES,2128.0
2017-08-07,19,BEVERAGES,3111.0
2017-08-08,19,BEVERAGES,2607.0
2017-08-09,19,BEVERAGES,2481.0
2017-08-10,19,BEVERAGES,1993.0
2017-08-11,19,BEVERAGES,3177.0
2017-08-12,19,BEVERAGES,3551.0
2017-08-13,19,BEVERAGES,2119.0
2017-08-14,19,BEVERAGES,2627.0
2017-08-15,19,BEVERAGES,2537.0
2017-08-02,19,BOOKS,0.0
2017-08-03,19,BOOKS,0.0
2017-08-04,19,BOOKS,0.0
2017-08-05,19,BOOKS,0.0
2017-08-06,19,BOOKS,0.0
2017-08-07,19,BOOKS,0.0
2017-08-08,19,BOOKS,0.0
2017-08-09,19,BOOKS,0.0
2017-08-10,19,BOOKS,0.0
2017-08-11,19,BOOKS,0.0
2017-08-12,19,BOOKS,0.0
2017-08-13,19,BOOKS,0.0
2017-08-14,19,BOOKS,0.0
2017-08-15,19,BOOKS,0.0
2017-08-02,19,BREAD/BAKERY,172.0
2017-08-03,19,BREAD/BAKERY,134.0
2017-08-04,19,BREAD/BAKERY,141.0
2017-08-05,19,BREAD/BAKERY,327.0
2017-08-06,19,BREAD/BAKERY,171.0
2017-08-07,19,BREAD/BAKERY,163.0
2017-08-08,19,BREAD/BAKERY,168.0
2017-08-09,19,BREAD/BAKERY,131.0
2017-08-10,19,BREAD/BAKERY,130.0
2017-08-11,19,BREAD/BAKERY,116.0
2017-08-12,19,BREAD/BAKERY,212.0
2017-08-13,19,BREAD/BAKERY,172.0
2017-08-14,19,BREAD/BAKERY,198.0
2017-08-15,19,BREAD/BAKERY,197.0
2017-08-02,19,CELEBRATION,1.0
2017-08-03,19,CELEBRATION,5.0
2017-08-04,19,CELEBRATION,5.0
2017-08-05,19,CELEBRATION,11.0
2017-08-06,19,CELEBRATION,5.0
2017-08-07,19,CELEBRATION,0.0
2017-08-08,19,CELEBRATION,9.0
2017-08-09,19,CELEBRATION,6.0
2017-08-10,19,CELEBRATION,11.0
2017-08-11,19,CELEBRATION,12.0
2017-08-12,19,CELEBRATION,12.0
2017-08-13,19,CELEBRATION,2.0
2017-08-14,19,CELEBRATION,1.0
2017-08-15,19,CELEBRATION,10.0
2017-08-02,19,CLEANING,1039.0
2017-08-03,19,CLEANING,734.0
2017-08-04,19,CLEANING,797.0
2017-08-05,19,CLEANING,1616.0
2017-08-06,19,CLEANING,782.0
2017-08-07,19,CLEANING,955.0
2017-08-08,19,CLEANING,939.0
2017-08-09,19,CLEANING,645.0
2017-08-10,19,CLEANING,687.0
2017-08-11,19,CLEANING,722.0
2017-08-12,19,CLEANING,1185.0
2017-08-13,19,CLEANING,835.0
2017-08-14,19,CLEANING,952.0
2017-08-15,19,CLEANING,952.0
2017-08-02,19,DAIRY,372.0
2017-08-03,19,DAIRY,305.0
2017-08-04,19,DAIRY,301.0
2017-08-05,19,DAIRY,496.0
2017-08-06,19,DAIRY,290.0
2017-08-07,19,DAIRY,284.0
2017-08-08,19,DAIRY,322.0
2017-08-09,19,DAIRY,313.0
2017-08-10,19,DAIRY,280.0
2017-08-11,19,DAIRY,303.0
2017-08-12,19,DAIRY,441.0
2017-08-13,19,DAIRY,352.0
2017-08-14,19,DAIRY,341.0
2017-08-15,19,DAIRY,339.0
2017-08-02,19,DELI,246.0
2017-08-03,19,DELI,177.0
2017-08-04,19,DELI,251.0
2017-08-05,19,DELI,376.0
2017-08-06,19,DELI,284.0
2017-08-07,19,DELI,308.0
2017-08-08,19,DELI,354.0
2017-08-09,19,DELI,216.0
2017-08-10,19,DELI,247.0
2017-08-11,19,DELI,293.0
2017-08-12,19,DELI,426.0
2017-08-13,19,DELI,335.0
2017-08-14,19,DELI,324.0
2017-08-15,19,DELI,358.0
2017-08-02,19,EGGS,36.0
2017-08-03,19,EGGS,30.0
2017-08-04,19,EGGS,32.0
2017-08-05,19,EGGS,61.0
2017-08-06,19,EGGS,74.0
2017-08-07,19,EGGS,100.0
2017-08-08,19,EGGS,52.0
2017-08-09,19,EGGS,40.0
2017-08-10,19,EGGS,65.0
2017-08-11,19,EGGS,77.0
2017-08-12,19,EGGS,50.0
2017-08-13,19,EGGS,78.0
2017-08-14,19,EGGS,68.0
2017-08-15,19,EGGS,57.0
2017-08-02,19,FROZEN FOODS,44.581
2017-08-03,19,FROZEN FOODS,36.0
2017-08-04,19,FROZEN FOODS,37.0
2017-08-05,19,FROZEN FOODS,60.0
2017-08-06,19,FROZEN FOODS,46.0
2017-08-07,19,FROZEN FOODS,78.965
2017-08-08,19,FROZEN FOODS,29.0
2017-08-09,19,FROZEN FOODS,29.0
2017-08-10,19,FROZEN FOODS,49.0
2017-08-11,19,FROZEN FOODS,57.0
2017-08-12,19,FROZEN FOODS,60.0
2017-08-13,19,FROZEN FOODS,24.886
2017-08-14,19,FROZEN FOODS,39.0
2017-08-15,19,FROZEN FOODS,33.0
2017-08-02,19,GROCERY I,3236.0
2017-08-03,19,GROCERY I,2853.0
2017-08-04,19,GROCERY I,3642.0
2017-08-05,19,GROCERY I,5222.0
2017-08-06,19,GROCERY I,3069.0
2017-08-07,19,GROCERY I,3473.0
2017-08-08,19,GROCERY I,3475.0
2017-08-09,19,GROCERY I,2918.0
2017-08-10,19,GROCERY I,2830.0
2017-08-11,19,GROCERY I,3301.0
2017-08-12,19,GROCERY I,4661.0
2017-08-13,19,GROCERY I,2819.0
2017-08-14,19,GROCERY I,3200.0
2017-08-15,19,GROCERY I,3490.0
2017-08-02,19,GROCERY II,12.0
2017-08-03,19,GROCERY II,14.0
2017-08-04,19,GROCERY II,41.0
2017-08-05,19,GROCERY II,3.0
2017-08-06,19,GROCERY II,0.0
2017-08-07,19,GROCERY II,32.0
2017-08-08,19,GROCERY II,1.0
2017-08-09,19,GROCERY II,17.0
2017-08-10,19,GROCERY II,8.0
2017-08-11,19,GROCERY II,6.0
2017-08-12,19,GROCERY II,50.0
2017-08-13,19,GROCERY II,1.0
2017-08-14,19,GROCERY II,2.0
2017-08-15,19,GROCERY II,6.0
2017-08-02,19,HARDWARE,1.0
2017-08-03,19,HARDWARE,1.0
2017-08-04,19,HARDWARE,5.0
2017-08-05,19,HARDWARE,5.0
2017-08-06,19,HARDWARE,1.0
2017-08-07,19,HARDWARE,1.0
2017-08-08,19,HARDWARE,0.0
2017-08-09,19,HARDWARE,1.0
2017-08-10,19,HARDWARE,2.0
2017-08-11,19,HARDWARE,1.0
2017-08-12,19,HARDWARE,4.0
2017-08-13,19,HARDWARE,0.0
2017-08-14,19,HARDWARE,0.0
2017-08-15,19,HARDWARE,2.0
2017-08-02,19,HOME AND KITCHEN I,17.0
2017-08-03,19,HOME AND KITCHEN I,7.0
2017-08-04,19,HOME AND KITCHEN I,18.0
2017-08-05,19,HOME AND KITCHEN I,13.0
2017-08-06,19,HOME AND KITCHEN I,6.0
2017-08-07,19,HOME AND KITCHEN I,22.0
2017-08-08,19,HOME AND KITCHEN I,7.0
2017-08-09,19,HOME AND KITCHEN I,10.0
2017-08-10,19,HOME AND KITCHEN I,17.0
2017-08-11,19,HOME AND KITCHEN I,19.0
2017-08-12,19,HOME AND KITCHEN I,12.0
2017-08-13,19,HOME AND KITCHEN I,12.0
2017-08-14,19,HOME AND KITCHEN I,12.0
2017-08-15,19,HOME AND KITCHEN I,11.0
2017-08-02,19,HOME AND KITCHEN II,20.0
2017-08-03,19,HOME AND KITCHEN II,10.0
2017-08-04,19,HOME AND KITCHEN II,13.0
2017-08-05,19,HOME AND KITCHEN II,26.0
2017-08-06,19,HOME AND KITCHEN II,128.0
2017-08-07,19,HOME AND KITCHEN II,23.0
2017-08-08,19,HOME AND KITCHEN II,12.0
2017-08-09,19,HOME AND KITCHEN II,14.0
2017-08-10,19,HOME AND KITCHEN II,5.0
2017-08-11,19,HOME AND KITCHEN II,18.0
2017-08-12,19,HOME AND KITCHEN II,7.0
2017-08-13,19,HOME AND KITCHEN II,12.0
2017-08-14,19,HOME AND KITCHEN II,28.0
2017-08-15,19,HOME AND KITCHEN II,9.0
2017-08-02,19,HOME APPLIANCES,0.0
2017-08-03,19,HOME APPLIANCES,0.0
2017-08-04,19,HOME APPLIANCES,0.0
2017-08-05,19,HOME APPLIANCES,1.0
2017-08-06,19,HOME APPLIANCES,0.0
2017-08-07,19,HOME APPLIANCES,0.0
2017-08-08,19,HOME APPLIANCES,0.0
2017-08-09,19,HOME APPLIANCES,0.0
2017-08-10,19,HOME APPLIANCES,0.0
2017-08-11,19,HOME APPLIANCES,0.0
2017-08-12,19,HOME APPLIANCES,0.0
2017-08-13,19,HOME APPLIANCES,0.0
2017-08-14,19,HOME APPLIANCES,1.0
2017-08-15,19,HOME APPLIANCES,0.0
2017-08-02,19,HOME CARE,216.0
2017-08-03,19,HOME CARE,142.0
2017-08-04,19,HOME CARE,176.0
2017-08-05,19,HOME CARE,305.0
2017-08-06,19,HOME CARE,161.0
2017-08-07,19,HOME CARE,213.0
2017-08-08,19,HOME CARE,217.0
2017-08-09,19,HOME CARE,141.0
2017-08-10,19,HOME CARE,125.0
2017-08-11,19,HOME CARE,167.0
2017-08-12,19,HOME CARE,233.0
2017-08-13,19,HOME CARE,125.0
2017-08-14,19,HOME CARE,169.0
2017-08-15,19,HOME CARE,201.0
2017-08-02,19,LADIESWEAR,2.0
2017-08-03,19,LADIESWEAR,3.0
2017-08-04,19,LADIESWEAR,0.0
2017-08-05,19,LADIESWEAR,36.0
2017-08-06,19,LADIESWEAR,5.0
2017-08-07,19,LADIESWEAR,8.0
2017-08-08,19,LADIESWEAR,4.0
2017-08-09,19,LADIESWEAR,9.0
2017-08-10,19,LADIESWEAR,6.0
2017-08-11,19,LADIESWEAR,6.0
2017-08-12,19,LADIESWEAR,12.0
2017-08-13,19,LADIESWEAR,11.0
2017-08-14,19,LADIESWEAR,11.0
2017-08-15,19,LADIESWEAR,7.0
2017-08-02,19,LAWN AND GARDEN,0.0
2017-08-03,19,LAWN AND GARDEN,0.0
2017-08-04,19,LAWN AND GARDEN,0.0
2017-08-05,19,LAWN AND GARDEN,0.0
2017-08-06,19,LAWN AND GARDEN,0.0
2017-08-07,19,LAWN AND GARDEN,0.0
2017-08-08,19,LAWN AND GARDEN,0.0
2017-08-09,19,LAWN AND GARDEN,0.0
2017-08-10,19,LAWN AND GARDEN,0.0
2017-08-11,19,LAWN AND GARDEN,0.0
2017-08-12,19,LAWN AND GARDEN,0.0
2017-08-13,19,LAWN AND GARDEN,0.0
2017-08-14,19,LAWN AND GARDEN,0.0
2017-08-15,19,LAWN AND GARDEN,0.0
2017-08-02,19,LINGERIE,6.0
2017-08-03,19,LINGERIE,1.0
2017-08-04,19,LINGERIE,6.0
2017-08-05,19,LINGERIE,9.0
2017-08-06,19,LINGERIE,5.0
2017-08-07,19,LINGERIE,2.0
2017-08-08,19,LINGERIE,1.0
2017-08-09,19,LINGERIE,1.0
2017-08-10,19,LINGERIE,1.0
2017-08-11,19,LINGERIE,6.0
2017-08-12,19,LINGERIE,1.0
2017-08-13,19,LINGERIE,1.0
2017-08-14,19,LINGERIE,9.0
2017-08-15,19,LINGERIE,9.0
2017-08-02,19,"LIQUOR,WINE,BEER",25.0
2017-08-03,19,"LIQUOR,WINE,BEER",27.0
2017-08-04,19,"LIQUOR,WINE,BEER",57.0
2017-08-05,19,"LIQUOR,WINE,BEER",95.0
2017-08-06,19,"LIQUOR,WINE,BEER",16.0
2017-08-07,19,"LIQUOR,WINE,BEER",16.0
2017-08-08,19,"LIQUOR,WINE,BEER",63.0
2017-08-09,19,"LIQUOR,WINE,BEER",19.0
2017-08-10,19,"LIQUOR,WINE,BEER",34.0
2017-08-11,19,"LIQUOR,WINE,BEER",99.0
2017-08-12,19,"LIQUOR,WINE,BEER",73.0
2017-08-13,19,"LIQUOR,WINE,BEER",58.0
2017-08-14,19,"LIQUOR,WINE,BEER",19.0
2017-08-15,19,"LIQUOR,WINE,BEER",12.0
2017-08-02,19,MAGAZINES,1.0
2017-08-03,19,MAGAZINES,0.0
2017-08-04,19,MAGAZINES,0.0
2017-08-05,19,MAGAZINES,2.0
2017-08-06,19,MAGAZINES,2.0
2017-08-07,19,MAGAZINES,2.0
2017-08-08,19,MAGAZINES,2.0
2017-08-09,19,MAGAZINES,5.0
2017-08-10,19,MAGAZINES,2.0
2017-08-11,19,MAGAZINES,1.0
2017-08-12,19,MAGAZINES,2.0
2017-08-13,19,MAGAZINES,5.0
2017-08-14,19,MAGAZINES,2.0
2017-08-15,19,MAGAZINES,10.0
2017-08-02,19,MEATS,153.622
2017-08-03,19,MEATS,132.37599
2017-08-04,19,MEATS,139.481
2017-08-05,19,MEATS,197.468
2017-08-06,19,MEATS,141.401
2017-08-07,19,MEATS,168.991
2017-08-08,19,MEATS,131.321
2017-08-09,19,MEATS,119.267
2017-08-10,19,MEATS,155.72299
2017-08-11,19,MEATS,123.751
2017-08-12,19,MEATS,189.56
2017-08-13,19,MEATS,122.796
2017-08-14,19,MEATS,133.803
2017-08-15,19,MEATS,160.44
2017-08-02,19,PERSONAL CARE,222.0
2017-08-03,19,PERSONAL CARE,145.0
2017-08-04,19,PERSONAL CARE,219.0
2017-08-05,19,PERSONAL CARE,283.0
2017-08-06,19,PERSONAL CARE,226.0
2017-08-07,19,PERSONAL CARE,188.0
2017-08-08,19,PERSONAL CARE,189.0
2017-08-09,19,PERSONAL CARE,146.0
2017-08-10,19,PERSONAL CARE,144.0
2017-08-11,19,PERSONAL CARE,227.0
2017-08-12,19,PERSONAL CARE,264.0
2017-08-13,19,PERSONAL CARE,172.0
2017-08-14,19,PERSONAL CARE,166.0
2017-08-15,19,PERSONAL CARE,178.0
2017-08-02,19,PET SUPPLIES,0.0
2017-08-03,19,PET SUPPLIES,1.0
2017-08-04,19,PET SUPPLIES,2.0
2017-08-05,19,PET SUPPLIES,3.0
2017-08-06,19,PET SUPPLIES,0.0
2017-08-07,19,PET SUPPLIES,3.0
2017-08-08,19,PET SUPPLIES,1.0
2017-08-09,19,PET SUPPLIES,0.0
2017-08-10,19,PET SUPPLIES,0.0
2017-08-11,19,PET SUPPLIES,3.0
2017-08-12,19,PET SUPPLIES,1.0
2017-08-13,19,PET SUPPLIES,3.0
2017-08-14,19,PET SUPPLIES,1.0
2017-08-15,19,PET SUPPLIES,2.0
2017-08-02,19,PLAYERS AND ELECTRONICS,3.0
2017-08-03,19,PLAYERS AND ELECTRONICS,0.0
2017-08-04,19,PLAYERS AND ELECTRONICS,2.0
2017-08-05,19,PLAYERS AND ELECTRONICS,6.0
2017-08-06,19,PLAYERS AND ELECTRONICS,3.0
2017-08-07,19,PLAYERS AND ELECTRONICS,8.0
2017-08-08,19,PLAYERS AND ELECTRONICS,2.0
2017-08-09,19,PLAYERS AND ELECTRONICS,6.0
2017-08-10,19,PLAYERS AND ELECTRONICS,6.0
2017-08-11,19,PLAYERS AND ELECTRONICS,8.0
2017-08-12,19,PLAYERS AND ELECTRONICS,14.0
2017-08-13,19,PLAYERS AND ELECTRONICS,5.0
2017-08-14,19,PLAYERS AND ELECTRONICS,8.0
2017-08-15,19,PLAYERS AND ELECTRONICS,4.0
2017-08-02,19,POULTRY,128.058
2017-08-03,19,POULTRY,210.899
2017-08-04,19,POULTRY,102.777
2017-08-05,19,POULTRY,316.901
2017-08-06,19,POULTRY,64.58
2017-08-07,19,POULTRY,85.212
2017-08-08,19,POULTRY,145.494
2017-08-09,19,POULTRY,78.859
2017-08-10,19,POULTRY,207.206
2017-08-11,19,POULTRY,129.239
2017-08-12,19,POULTRY,306.323
2017-08-13,19,POULTRY,57.03
2017-08-14,19,POULTRY,88.735
2017-08-15,19,POULTRY,72.127
2017-08-02,19,PREPARED FOODS,16.0
2017-08-03,19,PREPARED FOODS,28.0
2017-08-04,19,PREPARED FOODS,18.0
2017-08-05,19,PREPARED FOODS,32.0
2017-08-06,19,PREPARED FOODS,30.0
2017-08-07,19,PREPARED FOODS,24.0
2017-08-08,19,PREPARED FOODS,41.0
2017-08-09,19,PREPARED FOODS,21.0
2017-08-10,19,PREPARED FOODS,25.0
2017-08-11,19,PREPARED FOODS,13.0
2017-08-12,19,PREPARED FOODS,30.0
2017-08-13,19,PREPARED FOODS,23.0
2017-08-14,19,PREPARED FOODS,23.0
2017-08-15,19,PREPARED FOODS,31.0
2017-08-02,19,PRODUCE,356.965
2017-08-03,19,PRODUCE,340.299
2017-08-04,19,PRODUCE,374.78
2017-08-05,19,PRODUCE,555.137
2017-08-06,19,PRODUCE,450.005
2017-08-07,19,PRODUCE,518.258
2017-08-08,19,PRODUCE,500.601
2017-08-09,19,PRODUCE,359.513
2017-08-10,19,PRODUCE,495.999
2017-08-11,19,PRODUCE,540.878
2017-08-12,19,PRODUCE,593.349
2017-08-13,19,PRODUCE,371.185
2017-08-14,19,PRODUCE,478.407
2017-08-15,19,PRODUCE,554.62
2017-08-02,19,SCHOOL AND OFFICE SUPPLIES,0.0
2017-08-03,19,SCHOOL AND OFFICE SUPPLIES,0.0
2017-08-04,19,SCHOOL AND OFFICE SUPPLIES,0.0
2017-08-05,19,SCHOOL AND OFFICE SUPPLIES,0.0
2017-08-06,19,SCHOOL AND OFFICE SUPPLIES,0.0
2017-08-07,19,SCHOOL AND OFFICE SUPPLIES,1.0
2017-08-08,19,SCHOOL AND OFFICE SUPPLIES,6.0
2017-08-09,19,SCHOOL AND OFFICE SUPPLIES,2.0
2017-08-10,19,SCHOOL AND OFFICE SUPPLIES,8.0
2017-08-11,19,SCHOOL AND OFFICE SUPPLIES,9.0
2017-08-12,19,SCHOOL AND OFFICE SUPPLIES,12.0
2017-08-13,19,SCHOOL AND OFFICE SUPPLIES,3.0
2017-08-14,19,SCHOOL AND OFFICE SUPPLIES,14.0
2017-08-15,19,SCHOOL AND OFFICE SUPPLIES,14.0
2017-08-02,19,SEAFOOD,2.0
2017-08-03,19,SEAFOOD,4.0
2017-08-04,19,SEAFOOD,4.0
2017-08-05,19,SEAFOOD,9.0
2017-08-06,19,SEAFOOD,1.0
2017-08-07,19,SEAFOOD,4.0
2017-08-08,19,SEAFOOD,10.0
2017-08-09,19,SEAFOOD,5.0
2017-08-10,19,SEAFOOD,7.0
2017-08-11,19,SEAFOOD,2.0
2017-08-12,19,SEAFOOD,6.0
2017-08-13,19,SEAFOOD,4.0
2017-08-14,19,SEAFOOD,5.0
2017-08-15,19,SEAFOOD,12.0
2017-08-02,20,AUTOMOTIVE,6.0
2017-08-03,20,AUTOMOTIVE,4.0
2017-08-04,20,AUTOMOTIVE,2.0
2017-08-05,20,AUTOMOTIVE,8.0
2017-08-06,20,AUTOMOTIVE,11.0
2017-08-07,20,AUTOMOTIVE,5.0
2017-08-08,20,AUTOMOTIVE,4.0
2017-08-09,20,AUTOMOTIVE,9.0
2017-08-10,20,AUTOMOTIVE,8.0
2017-08-11,20,AUTOMOTIVE,11.0
2017-08-12,20,AUTOMOTIVE,9.0
2017-08-13,20,AUTOMOTIVE,9.0
2017-08-14,20,AUTOMOTIVE,8.0
2017-08-15,20,AUTOMOTIVE,11.0
2017-08-02,20,BABY CARE,0.0
2017-08-03,20,BABY CARE,0.0
2017-08-04,20,BABY CARE,0.0
2017-08-05,20,BABY CARE,0.0
2017-08-06,20,BABY CARE,0.0
2017-08-07,20,BABY CARE,0.0
2017-08-08,20,BABY CARE,0.0
2017-08-09,20,BABY CARE,0.0
2017-08-10,20,BABY CARE,0.0
2017-08-11,20,BABY CARE,0.0
2017-08-12,20,BABY CARE,0.0
2017-08-13,20,BABY CARE,0.0
2017-08-14,20,BABY CARE,1.0
2017-08-15,20,BABY CARE,0.0
2017-08-02,20,BEAUTY,3.0
2017-08-03,20,BEAUTY,7.0
2017-08-04,20,BEAUTY,4.0
2017-08-05,20,BEAUTY,9.0
2017-08-06,20,BEAUTY,8.0
2017-08-07,20,BEAUTY,9.0
2017-08-08,20,BEAUTY,10.0
2017-08-09,20,BEAUTY,6.0
2017-08-10,20,BEAUTY,3.0
2017-08-11,20,BEAUTY,6.0
2017-08-12,20,BEAUTY,3.0
2017-08-13,20,BEAUTY,3.0
2017-08-14,20,BEAUTY,4.0
2017-08-15,20,BEAUTY,4.0
2017-08-02,20,BEVERAGES,3494.0
2017-08-03,20,BEVERAGES,4096.0
2017-08-04,20,BEVERAGES,4142.0
2017-08-05,20,BEVERAGES,5492.0
2017-08-06,20,BEVERAGES,5797.0
2017-08-07,20,BEVERAGES,3356.0
2017-08-08,20,BEVERAGES,3675.0
2017-08-09,20,BEVERAGES,3045.0
2017-08-10,20,BEVERAGES,4786.0
2017-08-11,20,BEVERAGES,4250.0
2017-08-12,20,BEVERAGES,6375.0
2017-08-13,20,BEVERAGES,5989.0
2017-08-14,20,BEVERAGES,4246.0
2017-08-15,20,BEVERAGES,4116.0
2017-08-02,20,BOOKS,0.0
2017-08-03,20,BOOKS,0.0
2017-08-04,20,BOOKS,0.0
2017-08-05,20,BOOKS,0.0
2017-08-06,20,BOOKS,0.0
2017-08-07,20,BOOKS,0.0
2017-08-08,20,BOOKS,0.0
2017-08-09,20,BOOKS,0.0
2017-08-10,20,BOOKS,0.0
2017-08-11,20,BOOKS,0.0
2017-08-12,20,BOOKS,0.0
2017-08-13,20,BOOKS,0.0
2017-08-14,20,BOOKS,0.0
2017-08-15,20,BOOKS,0.0
2017-08-02,20,BREAD/BAKERY,473.0
2017-08-03,20,BREAD/BAKERY,417.0
2017-08-04,20,BREAD/BAKERY,470.0
2017-08-05,20,BREAD/BAKERY,617.0
2017-08-06,20,BREAD/BAKERY,796.0
2017-08-07,20,BREAD/BAKERY,412.0
2017-08-08,20,BREAD/BAKERY,434.0
2017-08-09,20,BREAD/BAKERY,389.0
2017-08-10,20,BREAD/BAKERY,369.0
2017-08-11,20,BREAD/BAKERY,409.0
2017-08-12,20,BREAD/BAKERY,422.0
2017-08-13,20,BREAD/BAKERY,1220.0
2017-08-14,20,BREAD/BAKERY,482.0
2017-08-15,20,BREAD/BAKERY,437.0
2017-08-02,20,CELEBRATION,8.0
2017-08-03,20,CELEBRATION,3.0
2017-08-04,20,CELEBRATION,7.0
2017-08-05,20,CELEBRATION,15.0
2017-08-06,20,CELEBRATION,12.0
2017-08-07,20,CELEBRATION,6.0
2017-08-08,20,CELEBRATION,3.0
2017-08-09,20,CELEBRATION,7.0
2017-08-10,20,CELEBRATION,4.0
2017-08-11,20,CELEBRATION,5.0
2017-08-12,20,CELEBRATION,14.0
2017-08-13,20,CELEBRATION,6.0
2017-08-14,20,CELEBRATION,9.0
2017-08-15,20,CELEBRATION,4.0
2017-08-02,20,CLEANING,2593.0
2017-08-03,20,CLEANING,1751.0
2017-08-04,20,CLEANING,1219.0
2017-08-05,20,CLEANING,1852.0
2017-08-06,20,CLEANING,2295.0
2017-08-07,20,CLEANING,1350.0
2017-08-08,20,CLEANING,1149.0
2017-08-09,20,CLEANING,854.0
2017-08-10,20,CLEANING,1004.0
2017-08-11,20,CLEANING,1307.0
2017-08-12,20,CLEANING,1299.0
2017-08-13,20,CLEANING,1676.0
2017-08-14,20,CLEANING,1165.0
2017-08-15,20,CLEANING,1146.0
2017-08-02,20,DAIRY,1041.0
2017-08-03,20,DAIRY,697.0
2017-08-04,20,DAIRY,604.0
2017-08-05,20,DAIRY,913.0
2017-08-06,20,DAIRY,1350.0
2017-08-07,20,DAIRY,759.0
2017-08-08,20,DAIRY,663.0
2017-08-09,20,DAIRY,653.0
2017-08-10,20,DAIRY,578.0
2017-08-11,20,DAIRY,718.0
2017-08-12,20,DAIRY,742.0
2017-08-13,20,DAIRY,1071.0
2017-08-14,20,DAIRY,669.0
2017-08-15,20,DAIRY,632.0
2017-08-02,20,DELI,621.08
2017-08-03,20,DELI,699.156
2017-08-04,20,DELI,1197.942
2017-08-05,20,DELI,758.878
2017-08-06,20,DELI,1081.781
2017-08-07,20,DELI,601.456
2017-08-08,20,DELI,776.426
2017-08-09,20,DELI,469.005
2017-08-10,20,DELI,452.248
2017-08-11,20,DELI,982.318
2017-08-12,20,DELI,615.367
2017-08-13,20,DELI,831.231
2017-08-14,20,DELI,519.048
2017-08-15,20,DELI,658.019
2017-08-02,20,EGGS,54.0
2017-08-03,20,EGGS,55.0
2017-08-04,20,EGGS,139.0
2017-08-05,20,EGGS,97.0
2017-08-06,20,EGGS,141.0
2017-08-07,20,EGGS,188.0
2017-08-08,20,EGGS,79.0
2017-08-09,20,EGGS,62.0
2017-08-10,20,EGGS,126.0
2017-08-11,20,EGGS,96.0
2017-08-12,20,EGGS,107.0
2017-08-13,20,EGGS,243.0
2017-08-14,20,EGGS,89.0
2017-08-15,20,EGGS,47.0
2017-08-02,20,FROZEN FOODS,58.0
2017-08-03,20,FROZEN FOODS,86.0
2017-08-04,20,FROZEN FOODS,151.64
2017-08-05,20,FROZEN FOODS,152.0
2017-08-06,20,FROZEN FOODS,137.0
2017-08-07,20,FROZEN FOODS,44.0
2017-08-08,20,FROZEN FOODS,78.0
2017-08-09,20,FROZEN FOODS,55.081
2017-08-10,20,FROZEN FOODS,100.0
2017-08-11,20,FROZEN FOODS,154.784
2017-08-12,20,FROZEN FOODS,130.0
2017-08-13,20,FROZEN FOODS,89.0
2017-08-14,20,FROZEN FOODS,56.486
2017-08-15,20,FROZEN FOODS,63.0
2017-08-02,20,GROCERY I,5918.594
2017-08-03,20,GROCERY I,6725.555
2017-08-04,20,GROCERY I,6811.906
2017-08-05,20,GROCERY I,8486.367
2017-08-06,20,GROCERY I,9520.352
2017-08-07,20,GROCERY I,6555.516
2017-08-08,20,GROCERY I,5562.758
2017-08-09,20,GROCERY I,4300.844
2017-08-10,20,GROCERY I,4944.68
2017-08-11,20,GROCERY I,7563.633
2017-08-12,20,GROCERY I,5129.797
2017-08-13,20,GROCERY I,7443.273
2017-08-14,20,GROCERY I,6295.133
2017-08-15,20,GROCERY I,4792.93
2017-08-02,20,GROCERY II,16.0
2017-08-03,20,GROCERY II,9.0
2017-08-04,20,GROCERY II,9.0
2017-08-05,20,GROCERY II,15.0
2017-08-06,20,GROCERY II,13.0
2017-08-07,20,GROCERY II,12.0
2017-08-08,20,GROCERY II,14.0
2017-08-09,20,GROCERY II,9.0
2017-08-10,20,GROCERY II,17.0
2017-08-11,20,GROCERY II,13.0
2017-08-12,20,GROCERY II,13.0
2017-08-13,20,GROCERY II,14.0
2017-08-14,20,GROCERY II,16.0
2017-08-15,20,GROCERY II,9.0
2017-08-02,20,HARDWARE,1.0
2017-08-03,20,HARDWARE,1.0
2017-08-04,20,HARDWARE,0.0
2017-08-05,20,HARDWARE,0.0
2017-08-06,20,HARDWARE,1.0
2017-08-07,20,HARDWARE,0.0
2017-08-08,20,HARDWARE,0.0
2017-08-09,20,HARDWARE,1.0
2017-08-10,20,HARDWARE,1.0
2017-08-11,20,HARDWARE,1.0
2017-08-12,20,HARDWARE,2.0
2017-08-13,20,HARDWARE,1.0
2017-08-14,20,HARDWARE,0.0
2017-08-15,20,HARDWARE,0.0
2017-08-02,20,HOME AND KITCHEN I,25.0
2017-08-03,20,HOME AND KITCHEN I,18.0
2017-08-04,20,HOME AND KITCHEN I,19.0
2017-08-05,20,HOME AND KITCHEN I,61.0
2017-08-06,20,HOME AND KITCHEN I,22.0
2017-08-07,20,HOME AND KITCHEN I,20.0
2017-08-08,20,HOME AND KITCHEN I,15.0
2017-08-09,20,HOME AND KITCHEN I,2.0
2017-08-10,20,HOME AND KITCHEN I,21.0
2017-08-11,20,HOME AND KITCHEN I,23.0
2017-08-12,20,HOME AND KITCHEN I,15.0
2017-08-13,20,HOME AND KITCHEN I,19.0
2017-08-14,20,HOME AND KITCHEN I,16.0
2017-08-15,20,HOME AND KITCHEN I,15.0
2017-08-02,20,HOME AND KITCHEN II,4.0
2017-08-03,20,HOME AND KITCHEN II,18.0
2017-08-04,20,HOME AND KITCHEN II,13.0
2017-08-05,20,HOME AND KITCHEN II,33.0
2017-08-06,20,HOME AND KITCHEN II,39.0
2017-08-07,20,HOME AND KITCHEN II,13.0
2017-08-08,20,HOME AND KITCHEN II,10.0
2017-08-09,20,HOME AND KITCHEN II,7.0
2017-08-10,20,HOME AND KITCHEN II,6.0
2017-08-11,20,HOME AND KITCHEN II,12.0
2017-08-12,20,HOME AND KITCHEN II,13.0
2017-08-13,20,HOME AND KITCHEN II,32.0
2017-08-14,20,HOME AND KITCHEN II,14.0
2017-08-15,20,HOME AND KITCHEN II,16.0
2017-08-02,20,HOME APPLIANCES,0.0
2017-08-03,20,HOME APPLIANCES,0.0
2017-08-04,20,HOME APPLIANCES,0.0
2017-08-05,20,HOME APPLIANCES,0.0
2017-08-06,20,HOME APPLIANCES,0.0
2017-08-07,20,HOME APPLIANCES,0.0
2017-08-08,20,HOME APPLIANCES,0.0
2017-08-09,20,HOME APPLIANCES,0.0
2017-08-10,20,HOME APPLIANCES,0.0
2017-08-11,20,HOME APPLIANCES,0.0
2017-08-12,20,HOME APPLIANCES,0.0
2017-08-13,20,HOME APPLIANCES,0.0
2017-08-14,20,HOME APPLIANCES,0.0
2017-08-15,20,HOME APPLIANCES,0.0
2017-08-02,20,HOME CARE,384.0
2017-08-03,20,HOME CARE,323.0
2017-08-04,20,HOME CARE,301.0
2017-08-05,20,HOME CARE,486.0
2017-08-06,20,HOME CARE,639.0
2017-08-07,20,HOME CARE,380.0
2017-08-08,20,HOME CARE,321.0
2017-08-09,20,HOME CARE,265.0
2017-08-10,20,HOME CARE,280.0
2017-08-11,20,HOME CARE,329.0
2017-08-12,20,HOME CARE,343.0
2017-08-13,20,HOME CARE,453.0
2017-08-14,20,HOME CARE,341.0
2017-08-15,20,HOME CARE,282.0
2017-08-02,20,LADIESWEAR,3.0
2017-08-03,20,LADIESWEAR,2.0
2017-08-04,20,LADIESWEAR,3.0
2017-08-05,20,LADIESWEAR,2.0
2017-08-06,20,LADIESWEAR,5.0
2017-08-07,20,LADIESWEAR,1.0
2017-08-08,20,LADIESWEAR,0.0
2017-08-09,20,LADIESWEAR,1.0
2017-08-10,20,LADIESWEAR,0.0
2017-08-11,20,LADIESWEAR,0.0
2017-08-12,20,LADIESWEAR,0.0
2017-08-13,20,LADIESWEAR,3.0
2017-08-14,20,LADIESWEAR,2.0
2017-08-15,20,LADIESWEAR,0.0
2017-08-02,20,LAWN AND GARDEN,11.0
2017-08-03,20,LAWN AND GARDEN,8.0
2017-08-04,20,LAWN AND GARDEN,5.0
2017-08-05,20,LAWN AND GARDEN,5.0
2017-08-06,20,LAWN AND GARDEN,3.0
2017-08-07,20,LAWN AND GARDEN,1.0
2017-08-08,20,LAWN AND GARDEN,5.0
2017-08-09,20,LAWN AND GARDEN,1.0
2017-08-10,20,LAWN AND GARDEN,4.0
2017-08-11,20,LAWN AND GARDEN,8.0
2017-08-12,20,LAWN AND GARDEN,10.0
2017-08-13,20,LAWN AND GARDEN,15.0
2017-08-14,20,LAWN AND GARDEN,8.0
2017-08-15,20,LAWN AND GARDEN,4.0
2017-08-02,20,LINGERIE,5.0
2017-08-03,20,LINGERIE,1.0
2017-08-04,20,LINGERIE,2.0
2017-08-05,20,LINGERIE,0.0
2017-08-06,20,LINGERIE,3.0
2017-08-07,20,LINGERIE,5.0
2017-08-08,20,LINGERIE,0.0
2017-08-09,20,LINGERIE,5.0
2017-08-10,20,LINGERIE,3.0
2017-08-11,20,LINGERIE,4.0
2017-08-12,20,LINGERIE,3.0
2017-08-13,20,LINGERIE,4.0
2017-08-14,20,LINGERIE,15.0
2017-08-15,20,LINGERIE,5.0
2017-08-02,20,"LIQUOR,WINE,BEER",50.0
2017-08-03,20,"LIQUOR,WINE,BEER",46.0
2017-08-04,20,"LIQUOR,WINE,BEER",71.0
2017-08-05,20,"LIQUOR,WINE,BEER",136.0
2017-08-06,20,"LIQUOR,WINE,BEER",73.0
2017-08-07,20,"LIQUOR,WINE,BEER",22.0
2017-08-08,20,"LIQUOR,WINE,BEER",21.0
2017-08-09,20,"LIQUOR,WINE,BEER",39.0
2017-08-10,20,"LIQUOR,WINE,BEER",77.0
2017-08-11,20,"LIQUOR,WINE,BEER",99.0
2017-08-12,20,"LIQUOR,WINE,BEER",93.0
2017-08-13,20,"LIQUOR,WINE,BEER",38.0
2017-08-14,20,"LIQUOR,WINE,BEER",20.0
2017-08-15,20,"LIQUOR,WINE,BEER",28.0
2017-08-02,20,MAGAZINES,0.0
2017-08-03,20,MAGAZINES,0.0
2017-08-04,20,MAGAZINES,1.0
2017-08-05,20,MAGAZINES,0.0
2017-08-06,20,MAGAZINES,4.0
2017-08-07,20,MAGAZINES,0.0
2017-08-08,20,MAGAZINES,3.0
2017-08-09,20,MAGAZINES,0.0
2017-08-10,20,MAGAZINES,0.0
2017-08-11,20,MAGAZINES,1.0
2017-08-12,20,MAGAZINES,3.0
2017-08-13,20,MAGAZINES,6.0
2017-08-14,20,MAGAZINES,5.0
2017-08-15,20,MAGAZINES,2.0
2017-08-02,20,MEATS,389.376
2017-08-03,20,MEATS,887.76
2017-08-04,20,MEATS,283.274
2017-08-05,20,MEATS,393.74
2017-08-06,20,MEATS,487.04498
2017-08-07,20,MEATS,278.883
2017-08-08,20,MEATS,284.558
2017-08-09,20,MEATS,244.255
2017-08-10,20,MEATS,710.44403
2017-08-11,20,MEATS,267.493
2017-08-12,20,MEATS,340.30402
2017-08-13,20,MEATS,374.908
2017-08-14,20,MEATS,295.451
2017-08-15,20,MEATS,329.746
2017-08-02,20,PERSONAL CARE,400.0
2017-08-03,20,PERSONAL CARE,435.0
2017-08-04,20,PERSONAL CARE,292.0
2017-08-05,20,PERSONAL CARE,504.0
2017-08-06,20,PERSONAL CARE,780.0
2017-08-07,20,PERSONAL CARE,386.0
2017-08-08,20,PERSONAL CARE,383.0
2017-08-09,20,PERSONAL CARE,320.0
2017-08-10,20,PERSONAL CARE,304.0
2017-08-11,20,PERSONAL CARE,396.0
2017-08-12,20,PERSONAL CARE,395.0
2017-08-13,20,PERSONAL CARE,541.0
2017-08-14,20,PERSONAL CARE,326.0
2017-08-15,20,PERSONAL CARE,349.0
2017-08-02,20,PET SUPPLIES,3.0
2017-08-03,20,PET SUPPLIES,3.0
2017-08-04,20,PET SUPPLIES,7.0
2017-08-05,20,PET SUPPLIES,7.0
2017-08-06,20,PET SUPPLIES,4.0
2017-08-07,20,PET SUPPLIES,5.0
2017-08-08,20,PET SUPPLIES,2.0
2017-08-09,20,PET SUPPLIES,9.0
2017-08-10,20,PET SUPPLIES,3.0
2017-08-11,20,PET SUPPLIES,5.0
2017-08-12,20,PET SUPPLIES,5.0
2017-08-13,20,PET SUPPLIES,4.0
2017-08-14,20,PET SUPPLIES,4.0
2017-08-15,20,PET SUPPLIES,0.0
2017-08-02,20,PLAYERS AND ELECTRONICS,2.0
2017-08-03,20,PLAYERS AND ELECTRONICS,4.0
2017-08-04,20,PLAYERS AND ELECTRONICS,1.0
2017-08-05,20,PLAYERS AND ELECTRONICS,8.0
2017-08-06,20,PLAYERS AND ELECTRONICS,7.0
2017-08-07,20,PLAYERS AND ELECTRONICS,4.0
2017-08-08,20,PLAYERS AND ELECTRONICS,3.0
2017-08-09,20,PLAYERS AND ELECTRONICS,11.0
2017-08-10,20,PLAYERS AND ELECTRONICS,4.0
2017-08-11,20,PLAYERS AND ELECTRONICS,11.0
2017-08-12,20,PLAYERS AND ELECTRONICS,6.0
2017-08-13,20,PLAYERS AND ELECTRONICS,16.0
2017-08-14,20,PLAYERS AND ELECTRONICS,6.0
2017-08-15,20,PLAYERS AND ELECTRONICS,8.0
2017-08-02,20,POULTRY,279.041
2017-08-03,20,POULTRY,333.97202
2017-08-04,20,POULTRY,699.294
2017-08-05,20,POULTRY,350.874
2017-08-06,20,POULTRY,557.566
2017-08-07,20,POULTRY,294.636
2017-08-08,20,POULTRY,251.912
2017-08-09,20,POULTRY,178.597
2017-08-10,20,POULTRY,190.978
2017-08-11,20,POULTRY,692.722
2017-08-12,20,POULTRY,257.851
2017-08-13,20,POULTRY,454.663
2017-08-14,20,POULTRY,315.54
2017-08-15,20,POULTRY,273.341
2017-08-02,20,PREPARED FOODS,59.7
2017-08-03,20,PREPARED FOODS,42.462997
2017-08-04,20,PREPARED FOODS,66.12
2017-08-05,20,PREPARED FOODS,118.324
2017-08-06,20,PREPARED FOODS,145.183
2017-08-07,20,PREPARED FOODS,59.477
2017-08-08,20,PREPARED FOODS,65.048996
2017-08-09,20,PREPARED FOODS,54.138
2017-08-10,20,PREPARED FOODS,56.304
2017-08-11,20,PREPARED FOODS,89.261
2017-08-12,20,PREPARED FOODS,79.193
2017-08-13,20,PREPARED FOODS,87.181
2017-08-14,20,PREPARED FOODS,56.982002
2017-08-15,20,PREPARED FOODS,66.982
2017-08-02,20,PRODUCE,766.983
2017-08-03,20,PRODUCE,864.891
2017-08-04,20,PRODUCE,811.988
2017-08-05,20,PRODUCE,1394.209
2017-08-06,20,PRODUCE,1752.783
2017-08-07,20,PRODUCE,967.97003
2017-08-08,20,PRODUCE,1063.347
2017-08-09,20,PRODUCE,829.829
2017-08-10,20,PRODUCE,692.266
2017-08-11,20,PRODUCE,938.272
2017-08-12,20,PRODUCE,1086.386
2017-08-13,20,PRODUCE,1398.493
2017-08-14,20,PRODUCE,1051.358
2017-08-15,20,PRODUCE,1343.671
2017-08-02,20,SCHOOL AND OFFICE SUPPLIES,21.0
2017-08-03,20,SCHOOL AND OFFICE SUPPLIES,8.0
2017-08-04,20,SCHOOL AND OFFICE SUPPLIES,12.0
2017-08-05,20,SCHOOL AND OFFICE SUPPLIES,12.0
2017-08-06,20,SCHOOL AND OFFICE SUPPLIES,109.0
2017-08-07,20,SCHOOL AND OFFICE SUPPLIES,98.0
2017-08-08,20,SCHOOL AND OFFICE SUPPLIES,94.0
2017-08-09,20,SCHOOL AND OFFICE SUPPLIES,79.0
2017-08-10,20,SCHOOL AND OFFICE SUPPLIES,60.0
2017-08-11,20,SCHOOL AND OFFICE SUPPLIES,77.0
2017-08-12,20,SCHOOL AND OFFICE SUPPLIES,68.0
2017-08-13,20,SCHOOL AND OFFICE SUPPLIES,151.0
2017-08-14,20,SCHOOL AND OFFICE SUPPLIES,55.0
2017-08-15,20,SCHOOL AND OFFICE SUPPLIES,92.0
2017-08-02,20,SEAFOOD,12.688
2017-08-03,20,SEAFOOD,11.63
2017-08-04,20,SEAFOOD,10.436
2017-08-05,20,SEAFOOD,33.205
2017-08-06,20,SEAFOOD,31.557999
2017-08-07,20,SEAFOOD,15.67
2017-08-08,20,SEAFOOD,18.982
2017-08-09,20,SEAFOOD,16.389
2017-08-10,20,SEAFOOD,14.43
2017-08-11,20,SEAFOOD,24.866
2017-08-12,20,SEAFOOD,14.323999
2017-08-13,20,SEAFOOD,18.246
2017-08-14,20,SEAFOOD,4.642
2017-08-15,20,SEAFOOD,5.0
2017-08-02,21,AUTOMOTIVE,8.0
2017-08-03,21,AUTOMOTIVE,18.0
2017-08-04,21,AUTOMOTIVE,15.0
2017-08-05,21,AUTOMOTIVE,20.0
2017-08-06,21,AUTOMOTIVE,19.0
2017-08-07,21,AUTOMOTIVE,6.0
2017-08-08,21,AUTOMOTIVE,7.0
2017-08-09,21,AUTOMOTIVE,8.0
2017-08-10,21,AUTOMOTIVE,3.0
2017-08-11,21,AUTOMOTIVE,7.0
2017-08-12,21,AUTOMOTIVE,12.0
2017-08-13,21,AUTOMOTIVE,21.0
2017-08-14,21,AUTOMOTIVE,13.0
2017-08-15,21,AUTOMOTIVE,12.0
2017-08-02,21,BABY CARE,1.0
2017-08-03,21,BABY CARE,0.0
2017-08-04,21,BABY CARE,0.0
2017-08-05,21,BABY CARE,0.0
2017-08-06,21,BABY CARE,0.0
2017-08-07,21,BABY CARE,0.0
2017-08-08,21,BABY CARE,1.0
2017-08-09,21,BABY CARE,0.0
2017-08-10,21,BABY CARE,0.0
2017-08-11,21,BABY CARE,0.0
2017-08-12,21,BABY CARE,0.0
2017-08-13,21,BABY CARE,3.0
2017-08-14,21,BABY CARE,0.0
2017-08-15,21,BABY CARE,0.0
2017-08-02,21,BEAUTY,4.0
2017-08-03,21,BEAUTY,1.0
2017-08-04,21,BEAUTY,0.0
2017-08-05,21,BEAUTY,2.0
2017-08-06,21,BEAUTY,19.0
2017-08-07,21,BEAUTY,8.0
2017-08-08,21,BEAUTY,7.0
2017-08-09,21,BEAUTY,4.0
2017-08-10,21,BEAUTY,1.0
2017-08-11,21,BEAUTY,2.0
2017-08-12,21,BEAUTY,6.0
2017-08-13,21,BEAUTY,11.0
2017-08-14,21,BEAUTY,6.0
2017-08-15,21,BEAUTY,2.0
2017-08-02,21,BEVERAGES,3585.0
2017-08-03,21,BEVERAGES,2411.0
2017-08-04,21,BEVERAGES,3541.0
2017-08-05,21,BEVERAGES,4593.0
2017-08-06,21,BEVERAGES,5083.0
2017-08-07,21,BEVERAGES,4062.0
2017-08-08,21,BEVERAGES,4133.0
2017-08-09,21,BEVERAGES,2447.0
2017-08-10,21,BEVERAGES,2215.0
2017-08-11,21,BEVERAGES,3568.0
2017-08-12,21,BEVERAGES,2584.0
2017-08-13,21,BEVERAGES,3893.0
2017-08-14,21,BEVERAGES,3493.0
2017-08-15,21,BEVERAGES,3860.0
2017-08-02,21,BOOKS,0.0
2017-08-03,21,BOOKS,0.0
2017-08-04,21,BOOKS,0.0
2017-08-05,21,BOOKS,0.0
2017-08-06,21,BOOKS,0.0
2017-08-07,21,BOOKS,0.0
2017-08-08,21,BOOKS,0.0
2017-08-09,21,BOOKS,0.0
2017-08-10,21,BOOKS,0.0
2017-08-11,21,BOOKS,0.0
2017-08-12,21,BOOKS,0.0
2017-08-13,21,BOOKS,0.0
2017-08-14,21,BOOKS,0.0
2017-08-15,21,BOOKS,0.0
2017-08-02,21,BREAD/BAKERY,411.0
2017-08-03,21,BREAD/BAKERY,360.0
2017-08-04,21,BREAD/BAKERY,333.0
2017-08-05,21,BREAD/BAKERY,464.0
2017-08-06,21,BREAD/BAKERY,785.0
2017-08-07,21,BREAD/BAKERY,444.0
2017-08-08,21,BREAD/BAKERY,437.0
2017-08-09,21,BREAD/BAKERY,350.0
2017-08-10,21,BREAD/BAKERY,279.0
2017-08-11,21,BREAD/BAKERY,379.0
2017-08-12,21,BREAD/BAKERY,356.0
2017-08-13,21,BREAD/BAKERY,907.0
2017-08-14,21,BREAD/BAKERY,461.0
2017-08-15,21,BREAD/BAKERY,483.0
2017-08-02,21,CELEBRATION,3.0
2017-08-03,21,CELEBRATION,6.0
2017-08-04,21,CELEBRATION,3.0
2017-08-05,21,CELEBRATION,9.0
2017-08-06,21,CELEBRATION,2.0
2017-08-07,21,CELEBRATION,3.0
2017-08-08,21,CELEBRATION,7.0
2017-08-09,21,CELEBRATION,4.0
2017-08-10,21,CELEBRATION,15.0
2017-08-11,21,CELEBRATION,4.0
2017-08-12,21,CELEBRATION,15.0
2017-08-13,21,CELEBRATION,10.0
2017-08-14,21,CELEBRATION,7.0
2017-08-15,21,CELEBRATION,9.0
2017-08-02,21,CLEANING,2640.0
2017-08-03,21,CLEANING,2379.0
2017-08-04,21,CLEANING,1207.0
2017-08-05,21,CLEANING,1940.0
2017-08-06,21,CLEANING,2199.0
2017-08-07,21,CLEANING,1517.0
2017-08-08,21,CLEANING,1169.0
2017-08-09,21,CLEANING,873.0
2017-08-10,21,CLEANING,727.0
2017-08-11,21,CLEANING,1387.0
2017-08-12,21,CLEANING,1285.0
2017-08-13,21,CLEANING,1644.0
2017-08-14,21,CLEANING,1102.0
2017-08-15,21,CLEANING,1064.0
2017-08-02,21,DAIRY,746.0
2017-08-03,21,DAIRY,449.0
2017-08-04,21,DAIRY,445.0
2017-08-05,21,DAIRY,790.0
2017-08-06,21,DAIRY,1102.0
2017-08-07,21,DAIRY,465.0
2017-08-08,21,DAIRY,654.0
2017-08-09,21,DAIRY,690.0
2017-08-10,21,DAIRY,446.0
2017-08-11,21,DAIRY,519.0
2017-08-12,21,DAIRY,496.0
2017-08-13,21,DAIRY,886.0
2017-08-14,21,DAIRY,646.0
2017-08-15,21,DAIRY,574.0
2017-08-02,21,DELI,334.523
2017-08-03,21,DELI,304.035
2017-08-04,21,DELI,275.392
2017-08-05,21,DELI,380.117
2017-08-06,21,DELI,591.555
2017-08-07,21,DELI,285.517
2017-08-08,21,DELI,367.827
2017-08-09,21,DELI,216.625
2017-08-10,21,DELI,171.095
2017-08-11,21,DELI,360.11
2017-08-12,21,DELI,303.396
2017-08-13,21,DELI,511.045
2017-08-14,21,DELI,303.351
2017-08-15,21,DELI,311.309
2017-08-02,21,EGGS,252.0
2017-08-03,21,EGGS,194.0
2017-08-04,21,EGGS,173.0
2017-08-05,21,EGGS,289.0
2017-08-06,21,EGGS,348.0
2017-08-07,21,EGGS,296.0
2017-08-08,21,EGGS,221.0
2017-08-09,21,EGGS,284.0
2017-08-10,21,EGGS,174.0
2017-08-11,21,EGGS,187.0
2017-08-12,21,EGGS,255.0
2017-08-13,21,EGGS,380.0
2017-08-14,21,EGGS,528.0
2017-08-15,21,EGGS,321.0
2017-08-02,21,FROZEN FOODS,74.679
2017-08-03,21,FROZEN FOODS,81.0
2017-08-04,21,FROZEN FOODS,83.0
2017-08-05,21,FROZEN FOODS,208.534
2017-08-06,21,FROZEN FOODS,86.673996
2017-08-07,21,FROZEN FOODS,81.423996
2017-08-08,21,FROZEN FOODS,91.0
2017-08-09,21,FROZEN FOODS,90.0
2017-08-10,21,FROZEN FOODS,85.0
2017-08-11,21,FROZEN FOODS,115.0
2017-08-12,21,FROZEN FOODS,146.946
2017-08-13,21,FROZEN FOODS,91.0
2017-08-14,21,FROZEN FOODS,69.0
2017-08-15,21,FROZEN FOODS,83.736
2017-08-02,21,GROCERY I,5101.203
2017-08-03,21,GROCERY I,3795.367
2017-08-04,21,GROCERY I,4163.195
2017-08-05,21,GROCERY I,5655.211
2017-08-06,21,GROCERY I,7195.984
2017-08-07,21,GROCERY I,4282.367
2017-08-08,21,GROCERY I,4643.313
2017-08-09,21,GROCERY I,3061.906
2017-08-10,21,GROCERY I,2965.906
2017-08-11,21,GROCERY I,4322.703
2017-08-12,21,GROCERY I,4361.945
2017-08-13,21,GROCERY I,6738.984
2017-08-14,21,GROCERY I,4529.195
2017-08-15,21,GROCERY I,3965.414
2017-08-02,21,GROCERY II,22.0
2017-08-03,21,GROCERY II,16.0
2017-08-04,21,GROCERY II,9.0
2017-08-05,21,GROCERY II,24.0
2017-08-06,21,GROCERY II,38.0
2017-08-07,21,GROCERY II,15.0
2017-08-08,21,GROCERY II,26.0
2017-08-09,21,GROCERY II,17.0
2017-08-10,21,GROCERY II,13.0
2017-08-11,21,GROCERY II,19.0
2017-08-12,21,GROCERY II,3.0
2017-08-13,21,GROCERY II,21.0
2017-08-14,21,GROCERY II,10.0
2017-08-15,21,GROCERY II,13.0
2017-08-02,21,HARDWARE,1.0
2017-08-03,21,HARDWARE,0.0
2017-08-04,21,HARDWARE,1.0
2017-08-05,21,HARDWARE,1.0
2017-08-06,21,HARDWARE,1.0
2017-08-07,21,HARDWARE,1.0
2017-08-08,21,HARDWARE,0.0
2017-08-09,21,HARDWARE,0.0
2017-08-10,21,HARDWARE,2.0
2017-08-11,21,HARDWARE,2.0
2017-08-12,21,HARDWARE,0.0
2017-08-13,21,HARDWARE,0.0
2017-08-14,21,HARDWARE,0.0
2017-08-15,21,HARDWARE,0.0
2017-08-02,21,HOME AND KITCHEN I,40.0
2017-08-03,21,HOME AND KITCHEN I,17.0
2017-08-04,21,HOME AND KITCHEN I,29.0
2017-08-05,21,HOME AND KITCHEN I,61.0
2017-08-06,21,HOME AND KITCHEN I,54.0
2017-08-07,21,HOME AND KITCHEN I,23.0
2017-08-08,21,HOME AND KITCHEN I,23.0
2017-08-09,21,HOME AND KITCHEN I,35.0
2017-08-10,21,HOME AND KITCHEN I,43.0
2017-08-11,21,HOME AND KITCHEN I,45.0
2017-08-12,21,HOME AND KITCHEN I,36.0
2017-08-13,21,HOME AND KITCHEN I,29.0
2017-08-14,21,HOME AND KITCHEN I,49.0
2017-08-15,21,HOME AND KITCHEN I,50.0
2017-08-02,21,HOME AND KITCHEN II,32.0
2017-08-03,21,HOME AND KITCHEN II,20.0
2017-08-04,21,HOME AND KITCHEN II,27.0
2017-08-05,21,HOME AND KITCHEN II,42.0
2017-08-06,21,HOME AND KITCHEN II,55.0
2017-08-07,21,HOME AND KITCHEN II,30.0
2017-08-08,21,HOME AND KITCHEN II,30.0
2017-08-09,21,HOME AND KITCHEN II,28.0
2017-08-10,21,HOME AND KITCHEN II,18.0
2017-08-11,21,HOME AND KITCHEN II,37.0
2017-08-12,21,HOME AND KITCHEN II,28.0
2017-08-13,21,HOME AND KITCHEN II,45.0
2017-08-14,21,HOME AND KITCHEN II,46.0
2017-08-15,21,HOME AND KITCHEN II,21.0
2017-08-02,21,HOME APPLIANCES,0.0
2017-08-03,21,HOME APPLIANCES,0.0
2017-08-04,21,HOME APPLIANCES,0.0
2017-08-05,21,HOME APPLIANCES,1.0
2017-08-06,21,HOME APPLIANCES,0.0
2017-08-07,21,HOME APPLIANCES,1.0
2017-08-08,21,HOME APPLIANCES,1.0
2017-08-09,21,HOME APPLIANCES,0.0
2017-08-10,21,HOME APPLIANCES,0.0
2017-08-11,21,HOME APPLIANCES,0.0
2017-08-12,21,HOME APPLIANCES,0.0
2017-08-13,21,HOME APPLIANCES,0.0
2017-08-14,21,HOME APPLIANCES,0.0
2017-08-15,21,HOME APPLIANCES,0.0
2017-08-02,21,HOME CARE,340.0
2017-08-03,21,HOME CARE,291.0
2017-08-04,21,HOME CARE,291.0
2017-08-05,21,HOME CARE,461.0
2017-08-06,21,HOME CARE,605.0
2017-08-07,21,HOME CARE,350.0
2017-08-08,21,HOME CARE,325.0
2017-08-09,21,HOME CARE,243.0
2017-08-10,21,HOME CARE,281.0
2017-08-11,21,HOME CARE,296.0
2017-08-12,21,HOME CARE,265.0
2017-08-13,21,HOME CARE,445.0
2017-08-14,21,HOME CARE,309.0
2017-08-15,21,HOME CARE,285.0
2017-08-02,21,LADIESWEAR,2.0
2017-08-03,21,LADIESWEAR,3.0
2017-08-04,21,LADIESWEAR,6.0
2017-08-05,21,LADIESWEAR,6.0
2017-08-06,21,LADIESWEAR,13.0
2017-08-07,21,LADIESWEAR,5.0
2017-08-08,21,LADIESWEAR,1.0
2017-08-09,21,LADIESWEAR,2.0
2017-08-10,21,LADIESWEAR,0.0
2017-08-11,21,LADIESWEAR,3.0
2017-08-12,21,LADIESWEAR,8.0
2017-08-13,21,LADIESWEAR,5.0
2017-08-14,21,LADIESWEAR,7.0
2017-08-15,21,LADIESWEAR,5.0
2017-08-02,21,LAWN AND GARDEN,5.0
2017-08-03,21,LAWN AND GARDEN,4.0
2017-08-04,21,LAWN AND GARDEN,1.0
2017-08-05,21,LAWN AND GARDEN,6.0
2017-08-06,21,LAWN AND GARDEN,3.0
2017-08-07,21,LAWN AND GARDEN,4.0
2017-08-08,21,LAWN AND GARDEN,4.0
2017-08-09,21,LAWN AND GARDEN,3.0
2017-08-10,21,LAWN AND GARDEN,0.0
2017-08-11,21,LAWN AND GARDEN,6.0
2017-08-12,21,LAWN AND GARDEN,5.0
2017-08-13,21,LAWN AND GARDEN,2.0
2017-08-14,21,LAWN AND GARDEN,2.0
2017-08-15,21,LAWN AND GARDEN,3.0
2017-08-02,21,LINGERIE,6.0
2017-08-03,21,LINGERIE,14.0
2017-08-04,21,LINGERIE,11.0
2017-08-05,21,LINGERIE,11.0
2017-08-06,21,LINGERIE,28.0
2017-08-07,21,LINGERIE,5.0
2017-08-08,21,LINGERIE,9.0
2017-08-09,21,LINGERIE,4.0
2017-08-10,21,LINGERIE,3.0
2017-08-11,21,LINGERIE,7.0
2017-08-12,21,LINGERIE,6.0
2017-08-13,21,LINGERIE,16.0
2017-08-14,21,LINGERIE,13.0
2017-08-15,21,LINGERIE,7.0
2017-08-02,21,"LIQUOR,WINE,BEER",91.0
2017-08-03,21,"LIQUOR,WINE,BEER",89.0
2017-08-04,21,"LIQUOR,WINE,BEER",110.0
2017-08-05,21,"LIQUOR,WINE,BEER",212.0
2017-08-06,21,"LIQUOR,WINE,BEER",52.0
2017-08-07,21,"LIQUOR,WINE,BEER",69.0
2017-08-08,21,"LIQUOR,WINE,BEER",31.0
2017-08-09,21,"LIQUOR,WINE,BEER",99.0
2017-08-10,21,"LIQUOR,WINE,BEER",72.0
2017-08-11,21,"LIQUOR,WINE,BEER",139.0
2017-08-12,21,"LIQUOR,WINE,BEER",136.0
2017-08-13,21,"LIQUOR,WINE,BEER",57.0
2017-08-14,21,"LIQUOR,WINE,BEER",28.0
2017-08-15,21,"LIQUOR,WINE,BEER",96.0
2017-08-02,21,MAGAZINES,0.0
2017-08-03,21,MAGAZINES,1.0
2017-08-04,21,MAGAZINES,0.0
2017-08-05,21,MAGAZINES,0.0
2017-08-06,21,MAGAZINES,2.0
2017-08-07,21,MAGAZINES,3.0
2017-08-08,21,MAGAZINES,2.0
2017-08-09,21,MAGAZINES,0.0
2017-08-10,21,MAGAZINES,2.0
2017-08-11,21,MAGAZINES,3.0
2017-08-12,21,MAGAZINES,4.0
2017-08-13,21,MAGAZINES,4.0
2017-08-14,21,MAGAZINES,3.0
2017-08-15,21,MAGAZINES,5.0
2017-08-02,21,MEATS,152.385
2017-08-03,21,MEATS,87.997
2017-08-04,21,MEATS,110.325005
2017-08-05,21,MEATS,102.429
2017-08-06,21,MEATS,220.838
2017-08-07,21,MEATS,100.387
2017-08-08,21,MEATS,142.033
2017-08-09,21,MEATS,127.016
2017-08-10,21,MEATS,83.109
2017-08-11,21,MEATS,107.32
2017-08-12,21,MEATS,105.075
2017-08-13,21,MEATS,169.066
2017-08-14,21,MEATS,107.639
2017-08-15,21,MEATS,112.286
2017-08-02,21,PERSONAL CARE,307.0
2017-08-03,21,PERSONAL CARE,270.0
2017-08-04,21,PERSONAL CARE,276.0
2017-08-05,21,PERSONAL CARE,427.0
2017-08-06,21,PERSONAL CARE,580.0
2017-08-07,21,PERSONAL CARE,307.0
2017-08-08,21,PERSONAL CARE,299.0
2017-08-09,21,PERSONAL CARE,196.0
2017-08-10,21,PERSONAL CARE,191.0
2017-08-11,21,PERSONAL CARE,277.0
2017-08-12,21,PERSONAL CARE,220.0
2017-08-13,21,PERSONAL CARE,413.0
2017-08-14,21,PERSONAL CARE,314.0
2017-08-15,21,PERSONAL CARE,236.0
2017-08-02,21,PET SUPPLIES,0.0
2017-08-03,21,PET SUPPLIES,2.0
2017-08-04,21,PET SUPPLIES,3.0
2017-08-05,21,PET SUPPLIES,3.0
2017-08-06,21,PET SUPPLIES,6.0
2017-08-07,21,PET SUPPLIES,1.0
2017-08-08,21,PET SUPPLIES,2.0
2017-08-09,21,PET SUPPLIES,3.0
2017-08-10,21,PET SUPPLIES,4.0
2017-08-11,21,PET SUPPLIES,7.0
2017-08-12,21,PET SUPPLIES,8.0
2017-08-13,21,PET SUPPLIES,0.0
2017-08-14,21,PET SUPPLIES,0.0
2017-08-15,21,PET SUPPLIES,3.0
2017-08-02,21,PLAYERS AND ELECTRONICS,1.0
2017-08-03,21,PLAYERS AND ELECTRONICS,3.0
2017-08-04,21,PLAYERS AND ELECTRONICS,3.0
2017-08-05,21,PLAYERS AND ELECTRONICS,6.0
2017-08-06,21,PLAYERS AND ELECTRONICS,9.0
2017-08-07,21,PLAYERS AND ELECTRONICS,5.0
2017-08-08,21,PLAYERS AND ELECTRONICS,8.0
2017-08-09,21,PLAYERS AND ELECTRONICS,4.0
2017-08-10,21,PLAYERS AND ELECTRONICS,7.0
2017-08-11,21,PLAYERS AND ELECTRONICS,9.0
2017-08-12,21,PLAYERS AND ELECTRONICS,8.0
2017-08-13,21,PLAYERS AND ELECTRONICS,13.0
2017-08-14,21,PLAYERS AND ELECTRONICS,6.0
2017-08-15,21,PLAYERS AND ELECTRONICS,8.0
2017-08-02,21,POULTRY,199.736
2017-08-03,21,POULTRY,134.117
2017-08-04,21,POULTRY,138.531
2017-08-05,21,POULTRY,276.407
2017-08-06,21,POULTRY,290.055
2017-08-07,21,POULTRY,131.244
2017-08-08,21,POULTRY,204.34
2017-08-09,21,POULTRY,149.26201
2017-08-10,21,POULTRY,159.317
2017-08-11,21,POULTRY,213.296
2017-08-12,21,POULTRY,198.429
2017-08-13,21,POULTRY,197.075
2017-08-14,21,POULTRY,147.382
2017-08-15,21,POULTRY,138.924
2017-08-02,21,PREPARED FOODS,157.27
2017-08-03,21,PREPARED FOODS,200.352
2017-08-04,21,PREPARED FOODS,169.814
2017-08-05,21,PREPARED FOODS,199.019
2017-08-06,21,PREPARED FOODS,214.124
2017-08-07,21,PREPARED FOODS,153.373
2017-08-08,21,PREPARED FOODS,153.516
2017-08-09,21,PREPARED FOODS,139.95801
2017-08-10,21,PREPARED FOODS,143.073
2017-08-11,21,PREPARED FOODS,153.625
2017-08-12,21,PREPARED FOODS,121.988
2017-08-13,21,PREPARED FOODS,229.77701
2017-08-14,21,PREPARED FOODS,176.078
2017-08-15,21,PREPARED FOODS,135.858
2017-08-02,21,PRODUCE,1351.042
2017-08-03,21,PRODUCE,854.916
2017-08-04,21,PRODUCE,932.37103
2017-08-05,21,PRODUCE,1524.881
2017-08-06,21,PRODUCE,2088.027
2017-08-07,21,PRODUCE,1097.723
2017-08-08,21,PRODUCE,2139.421
2017-08-09,21,PRODUCE,1093.844
2017-08-10,21,PRODUCE,945.33
2017-08-11,21,PRODUCE,1262.278
2017-08-12,21,PRODUCE,1167.53
2017-08-13,21,PRODUCE,1695.623
2017-08-14,21,PRODUCE,1179.464
2017-08-15,21,PRODUCE,2310.433
2017-08-02,21,SCHOOL AND OFFICE SUPPLIES,0.0
2017-08-03,21,SCHOOL AND OFFICE SUPPLIES,0.0
2017-08-04,21,SCHOOL AND OFFICE SUPPLIES,0.0
2017-08-05,21,SCHOOL AND OFFICE SUPPLIES,0.0
2017-08-06,21,SCHOOL AND OFFICE SUPPLIES,0.0
2017-08-07,21,SCHOOL AND OFFICE SUPPLIES,0.0
2017-08-08,21,SCHOOL AND OFFICE SUPPLIES,0.0
2017-08-09,21,SCHOOL AND OFFICE SUPPLIES,0.0
2017-08-10,21,SCHOOL AND OFFICE SUPPLIES,0.0
2017-08-11,21,SCHOOL AND OFFICE SUPPLIES,0.0
2017-08-12,21,SCHOOL AND OFFICE SUPPLIES,0.0
2017-08-13,21,SCHOOL AND OFFICE SUPPLIES,0.0
2017-08-14,21,SCHOOL AND OFFICE SUPPLIES,0.0
2017-08-15,21,SCHOOL AND OFFICE SUPPLIES,0.0
2017-08-02,21,SEAFOOD,4.0
2017-08-03,21,SEAFOOD,6.0
2017-08-04,21,SEAFOOD,3.0
2017-08-05,21,SEAFOOD,17.0
2017-08-06,21,SEAFOOD,6.0
2017-08-07,21,SEAFOOD,5.0
2017-08-08,21,SEAFOOD,8.0
2017-08-09,21,SEAFOOD,6.0
2017-08-10,21,SEAFOOD,1.0
2017-08-11,21,SEAFOOD,5.0
2017-08-12,21,SEAFOOD,9.0
2017-08-13,21,SEAFOOD,5.0
2017-08-14,21,SEAFOOD,3.0
2017-08-15,21,SEAFOOD,3.0
2017-08-02,22,AUTOMOTIVE,7.0
2017-08-03,22,AUTOMOTIVE,6.0
2017-08-04,22,AUTOMOTIVE,2.0
2017-08-05,22,AUTOMOTIVE,5.0
2017-08-06,22,AUTOMOTIVE,6.0
2017-08-07,22,AUTOMOTIVE,11.0
2017-08-08,22,AUTOMOTIVE,2.0
2017-08-09,22,AUTOMOTIVE,3.0
2017-08-10,22,AUTOMOTIVE,4.0
2017-08-11,22,AUTOMOTIVE,0.0
2017-08-12,22,AUTOMOTIVE,5.0
2017-08-13,22,AUTOMOTIVE,11.0
2017-08-14,22,AUTOMOTIVE,6.0
2017-08-15,22,AUTOMOTIVE,1.0
2017-08-02,22,BABY CARE,0.0
2017-08-03,22,BABY CARE,0.0
2017-08-04,22,BABY CARE,0.0
2017-08-05,22,BABY CARE,0.0
2017-08-06,22,BABY CARE,0.0
2017-08-07,22,BABY CARE,2.0
2017-08-08,22,BABY CARE,0.0
2017-08-09,22,BABY CARE,0.0
2017-08-10,22,BABY CARE,0.0
2017-08-11,22,BABY CARE,0.0
2017-08-12,22,BABY CARE,0.0
2017-08-13,22,BABY CARE,0.0
2017-08-14,22,BABY CARE,0.0
2017-08-15,22,BABY CARE,0.0
2017-08-02,22,BEAUTY,2.0
2017-08-03,22,BEAUTY,1.0
2017-08-04,22,BEAUTY,4.0
2017-08-05,22,BEAUTY,2.0
2017-08-06,22,BEAUTY,5.0
2017-08-07,22,BEAUTY,1.0
2017-08-08,22,BEAUTY,0.0
2017-08-09,22,BEAUTY,3.0
2017-08-10,22,BEAUTY,9.0
2017-08-11,22,BEAUTY,0.0
2017-08-12,22,BEAUTY,2.0
2017-08-13,22,BEAUTY,2.0
2017-08-14,22,BEAUTY,3.0
2017-08-15,22,BEAUTY,6.0
2017-08-02,22,BEVERAGES,1800.0
2017-08-03,22,BEVERAGES,1900.0
2017-08-04,22,BEVERAGES,2213.0
2017-08-05,22,BEVERAGES,1422.0
2017-08-06,22,BEVERAGES,1766.0
2017-08-07,22,BEVERAGES,2202.0
2017-08-08,22,BEVERAGES,1777.0
2017-08-09,22,BEVERAGES,1719.0
2017-08-10,22,BEVERAGES,1984.0
2017-08-11,22,BEVERAGES,1719.0
2017-08-12,22,BEVERAGES,2243.0
2017-08-13,22,BEVERAGES,1947.0
2017-08-14,22,BEVERAGES,2107.0
2017-08-15,22,BEVERAGES,2193.0
2017-08-02,22,BOOKS,0.0
2017-08-03,22,BOOKS,0.0
2017-08-04,22,BOOKS,0.0
2017-08-05,22,BOOKS,0.0
2017-08-06,22,BOOKS,0.0
2017-08-07,22,BOOKS,0.0
2017-08-08,22,BOOKS,0.0
2017-08-09,22,BOOKS,0.0
2017-08-10,22,BOOKS,0.0
2017-08-11,22,BOOKS,0.0
2017-08-12,22,BOOKS,0.0
2017-08-13,22,BOOKS,0.0
2017-08-14,22,BOOKS,0.0
2017-08-15,22,BOOKS,0.0
2017-08-02,22,BREAD/BAKERY,131.0
2017-08-03,22,BREAD/BAKERY,114.0
2017-08-04,22,BREAD/BAKERY,228.0
2017-08-05,22,BREAD/BAKERY,157.0
2017-08-06,22,BREAD/BAKERY,131.0
2017-08-07,22,BREAD/BAKERY,124.0
2017-08-08,22,BREAD/BAKERY,125.0
2017-08-09,22,BREAD/BAKERY,130.0
2017-08-10,22,BREAD/BAKERY,107.0
2017-08-11,22,BREAD/BAKERY,121.0
2017-08-12,22,BREAD/BAKERY,107.0
2017-08-13,22,BREAD/BAKERY,151.0
2017-08-14,22,BREAD/BAKERY,117.0
2017-08-15,22,BREAD/BAKERY,122.0
2017-08-02,22,CELEBRATION,2.0
2017-08-03,22,CELEBRATION,7.0
2017-08-04,22,CELEBRATION,4.0
2017-08-05,22,CELEBRATION,9.0
2017-08-06,22,CELEBRATION,12.0
2017-08-07,22,CELEBRATION,14.0
2017-08-08,22,CELEBRATION,4.0
2017-08-09,22,CELEBRATION,8.0
2017-08-10,22,CELEBRATION,5.0
2017-08-11,22,CELEBRATION,9.0
2017-08-12,22,CELEBRATION,11.0
2017-08-13,22,CELEBRATION,5.0
2017-08-14,22,CELEBRATION,9.0
2017-08-15,22,CELEBRATION,1.0
2017-08-02,22,CLEANING,1323.0
2017-08-03,22,CLEANING,1280.0
2017-08-04,22,CLEANING,698.0
2017-08-05,22,CLEANING,698.0
2017-08-06,22,CLEANING,661.0
2017-08-07,22,CLEANING,681.0
2017-08-08,22,CLEANING,550.0
2017-08-09,22,CLEANING,898.0
2017-08-10,22,CLEANING,613.0
2017-08-11,22,CLEANING,538.0
2017-08-12,22,CLEANING,674.0
2017-08-13,22,CLEANING,685.0
2017-08-14,22,CLEANING,697.0
2017-08-15,22,CLEANING,581.0
2017-08-02,22,DAIRY,353.0
2017-08-03,22,DAIRY,313.0
2017-08-04,22,DAIRY,329.0
2017-08-05,22,DAIRY,347.0
2017-08-06,22,DAIRY,343.0
2017-08-07,22,DAIRY,299.0
2017-08-08,22,DAIRY,282.0
2017-08-09,22,DAIRY,314.0
2017-08-10,22,DAIRY,299.0
2017-08-11,22,DAIRY,239.0
2017-08-12,22,DAIRY,340.0
2017-08-13,22,DAIRY,454.0
2017-08-14,22,DAIRY,313.0
2017-08-15,22,DAIRY,289.0
2017-08-02,22,DELI,171.0
2017-08-03,22,DELI,128.0
2017-08-04,22,DELI,101.0
2017-08-05,22,DELI,117.0
2017-08-06,22,DELI,145.0
2017-08-07,22,DELI,149.0
2017-08-08,22,DELI,149.0
2017-08-09,22,DELI,144.0
2017-08-10,22,DELI,141.0
2017-08-11,22,DELI,99.0
2017-08-12,22,DELI,193.0
2017-08-13,22,DELI,180.0
2017-08-14,22,DELI,144.0
2017-08-15,22,DELI,121.0
2017-08-02,22,EGGS,82.0
2017-08-03,22,EGGS,92.0
2017-08-04,22,EGGS,130.0
2017-08-05,22,EGGS,22.0
2017-08-06,22,EGGS,24.0
2017-08-07,22,EGGS,48.0
2017-08-08,22,EGGS,28.0
2017-08-09,22,EGGS,28.0
2017-08-10,22,EGGS,27.0
2017-08-11,22,EGGS,31.0
2017-08-12,22,EGGS,66.0
2017-08-13,22,EGGS,39.0
2017-08-14,22,EGGS,57.0
2017-08-15,22,EGGS,95.0
2017-08-02,22,FROZEN FOODS,50.0
2017-08-03,22,FROZEN FOODS,41.402
2017-08-04,22,FROZEN FOODS,94.0
2017-08-05,22,FROZEN FOODS,115.0
2017-08-06,22,FROZEN FOODS,38.0
2017-08-07,22,FROZEN FOODS,45.0
2017-08-08,22,FROZEN FOODS,37.0
2017-08-09,22,FROZEN FOODS,41.0
2017-08-10,22,FROZEN FOODS,48.0
2017-08-11,22,FROZEN FOODS,63.0
2017-08-12,22,FROZEN FOODS,175.801
2017-08-13,22,FROZEN FOODS,50.0
2017-08-14,22,FROZEN FOODS,37.0
2017-08-15,22,FROZEN FOODS,55.0
2017-08-02,22,GROCERY I,2981.0
2017-08-03,22,GROCERY I,3066.0
2017-08-04,22,GROCERY I,3107.0
2017-08-05,22,GROCERY I,2466.0
2017-08-06,22,GROCERY I,2601.0
2017-08-07,22,GROCERY I,2796.0
2017-08-08,22,GROCERY I,2259.0
2017-08-09,22,GROCERY I,2733.0
2017-08-10,22,GROCERY I,3444.0
2017-08-11,22,GROCERY I,1855.0
2017-08-12,22,GROCERY I,2638.0
2017-08-13,22,GROCERY I,2534.0
2017-08-14,22,GROCERY I,2585.0
2017-08-15,22,GROCERY I,2128.0
2017-08-02,22,GROCERY II,5.0
2017-08-03,22,GROCERY II,4.0
2017-08-04,22,GROCERY II,10.0
2017-08-05,22,GROCERY II,12.0
2017-08-06,22,GROCERY II,7.0
2017-08-07,22,GROCERY II,2.0
2017-08-08,22,GROCERY II,5.0
2017-08-09,22,GROCERY II,11.0
2017-08-10,22,GROCERY II,13.0
2017-08-11,22,GROCERY II,8.0
2017-08-12,22,GROCERY II,18.0
2017-08-13,22,GROCERY II,3.0
2017-08-14,22,GROCERY II,3.0
2017-08-15,22,GROCERY II,5.0
2017-08-02,22,HARDWARE,0.0
2017-08-03,22,HARDWARE,1.0
2017-08-04,22,HARDWARE,2.0
2017-08-05,22,HARDWARE,1.0
2017-08-06,22,HARDWARE,2.0
2017-08-07,22,HARDWARE,0.0
2017-08-08,22,HARDWARE,5.0
2017-08-09,22,HARDWARE,1.0
2017-08-10,22,HARDWARE,0.0
2017-08-11,22,HARDWARE,2.0
2017-08-12,22,HARDWARE,2.0
2017-08-13,22,HARDWARE,0.0
2017-08-14,22,HARDWARE,0.0
2017-08-15,22,HARDWARE,1.0
2017-08-02,22,HOME AND KITCHEN I,26.0
2017-08-03,22,HOME AND KITCHEN I,17.0
2017-08-04,22,HOME AND KITCHEN I,30.0
2017-08-05,22,HOME AND KITCHEN I,38.0
2017-08-06,22,HOME AND KITCHEN I,16.0
2017-08-07,22,HOME AND KITCHEN I,10.0
2017-08-08,22,HOME AND KITCHEN I,32.0
2017-08-09,22,HOME AND KITCHEN I,24.0
2017-08-10,22,HOME AND KITCHEN I,22.0
2017-08-11,22,HOME AND KITCHEN I,34.0
2017-08-12,22,HOME AND KITCHEN I,18.0
2017-08-13,22,HOME AND KITCHEN I,22.0
2017-08-14,22,HOME AND KITCHEN I,25.0
2017-08-15,22,HOME AND KITCHEN I,41.0
2017-08-02,22,HOME AND KITCHEN II,18.0
2017-08-03,22,HOME AND KITCHEN II,15.0
2017-08-04,22,HOME AND KITCHEN II,11.0
2017-08-05,22,HOME AND KITCHEN II,20.0
2017-08-06,22,HOME AND KITCHEN II,19.0
2017-08-07,22,HOME AND KITCHEN II,19.0
2017-08-08,22,HOME AND KITCHEN II,23.0
2017-08-09,22,HOME AND KITCHEN II,33.0
2017-08-10,22,HOME AND KITCHEN II,21.0
2017-08-11,22,HOME AND KITCHEN II,17.0
2017-08-12,22,HOME AND KITCHEN II,24.0
2017-08-13,22,HOME AND KITCHEN II,22.0
2017-08-14,22,HOME AND KITCHEN II,19.0
2017-08-15,22,HOME AND KITCHEN II,19.0
2017-08-02,22,HOME APPLIANCES,0.0
2017-08-03,22,HOME APPLIANCES,0.0
2017-08-04,22,HOME APPLIANCES,0.0
2017-08-05,22,HOME APPLIANCES,0.0
2017-08-06,22,HOME APPLIANCES,0.0
2017-08-07,22,HOME APPLIANCES,0.0
2017-08-08,22,HOME APPLIANCES,0.0
2017-08-09,22,HOME APPLIANCES,0.0
2017-08-10,22,HOME APPLIANCES,0.0
2017-08-11,22,HOME APPLIANCES,0.0
2017-08-12,22,HOME APPLIANCES,0.0
2017-08-13,22,HOME APPLIANCES,0.0
2017-08-14,22,HOME APPLIANCES,0.0
2017-08-15,22,HOME APPLIANCES,0.0
2017-08-02,22,HOME CARE,255.0
2017-08-03,22,HOME CARE,169.0
2017-08-04,22,HOME CARE,195.0
2017-08-05,22,HOME CARE,144.0
2017-08-06,22,HOME CARE,211.0
2017-08-07,22,HOME CARE,169.0
2017-08-08,22,HOME CARE,165.0
2017-08-09,22,HOME CARE,163.0
2017-08-10,22,HOME CARE,158.0
2017-08-11,22,HOME CARE,171.0
2017-08-12,22,HOME CARE,172.0
2017-08-13,22,HOME CARE,164.0
2017-08-14,22,HOME CARE,194.0
2017-08-15,22,HOME CARE,155.0
2017-08-02,22,LADIESWEAR,0.0
2017-08-03,22,LADIESWEAR,0.0
2017-08-04,22,LADIESWEAR,0.0
2017-08-05,22,LADIESWEAR,0.0
2017-08-06,22,LADIESWEAR,0.0
2017-08-07,22,LADIESWEAR,0.0
2017-08-08,22,LADIESWEAR,0.0
2017-08-09,22,LADIESWEAR,0.0
2017-08-10,22,LADIESWEAR,0.0
2017-08-11,22,LADIESWEAR,0.0
2017-08-12,22,LADIESWEAR,0.0
2017-08-13,22,LADIESWEAR,2.0
2017-08-14,22,LADIESWEAR,0.0
2017-08-15,22,LADIESWEAR,1.0
2017-08-02,22,LAWN AND GARDEN,0.0
2017-08-03,22,LAWN AND GARDEN,0.0
2017-08-04,22,LAWN AND GARDEN,0.0
2017-08-05,22,LAWN AND GARDEN,0.0
2017-08-06,22,LAWN AND GARDEN,0.0
2017-08-07,22,LAWN AND GARDEN,0.0
2017-08-08,22,LAWN AND GARDEN,0.0
2017-08-09,22,LAWN AND GARDEN,0.0
2017-08-10,22,LAWN AND GARDEN,0.0
2017-08-11,22,LAWN AND GARDEN,0.0
2017-08-12,22,LAWN AND GARDEN,0.0
2017-08-13,22,LAWN AND GARDEN,0.0
2017-08-14,22,LAWN AND GARDEN,0.0
2017-08-15,22,LAWN AND GARDEN,0.0
2017-08-02,22,LINGERIE,0.0
2017-08-03,22,LINGERIE,1.0
2017-08-04,22,LINGERIE,7.0
2017-08-05,22,LINGERIE,1.0
2017-08-06,22,LINGERIE,2.0
2017-08-07,22,LINGERIE,3.0
2017-08-08,22,LINGERIE,4.0
2017-08-09,22,LINGERIE,1.0
2017-08-10,22,LINGERIE,2.0
2017-08-11,22,LINGERIE,14.0
2017-08-12,22,LINGERIE,8.0
2017-08-13,22,LINGERIE,4.0
2017-08-14,22,LINGERIE,10.0
2017-08-15,22,LINGERIE,4.0
2017-08-02,22,"LIQUOR,WINE,BEER",39.0
2017-08-03,22,"LIQUOR,WINE,BEER",50.0
2017-08-04,22,"LIQUOR,WINE,BEER",48.0
2017-08-05,22,"LIQUOR,WINE,BEER",178.0
2017-08-06,22,"LIQUOR,WINE,BEER",38.0
2017-08-07,22,"LIQUOR,WINE,BEER",13.0
2017-08-08,22,"LIQUOR,WINE,BEER",16.0
2017-08-09,22,"LIQUOR,WINE,BEER",42.0
2017-08-10,22,"LIQUOR,WINE,BEER",222.0
2017-08-11,22,"LIQUOR,WINE,BEER",569.0
2017-08-12,22,"LIQUOR,WINE,BEER",482.0
2017-08-13,22,"LIQUOR,WINE,BEER",28.0
2017-08-14,22,"LIQUOR,WINE,BEER",41.0
2017-08-15,22,"LIQUOR,WINE,BEER",32.0
2017-08-02,22,MAGAZINES,0.0
2017-08-03,22,MAGAZINES,1.0
2017-08-04,22,MAGAZINES,3.0
2017-08-05,22,MAGAZINES,4.0
2017-08-06,22,MAGAZINES,6.0
2017-08-07,22,MAGAZINES,2.0
2017-08-08,22,MAGAZINES,3.0
2017-08-09,22,MAGAZINES,1.0
2017-08-10,22,MAGAZINES,0.0
2017-08-11,22,MAGAZINES,1.0
2017-08-12,22,MAGAZINES,6.0
2017-08-13,22,MAGAZINES,7.0
2017-08-14,22,MAGAZINES,5.0
2017-08-15,22,MAGAZINES,4.0
2017-08-02,22,MEATS,138.58
2017-08-03,22,MEATS,97.775
2017-08-04,22,MEATS,160.145
2017-08-05,22,MEATS,75.606
2017-08-06,22,MEATS,172.62201
2017-08-07,22,MEATS,37.009
2017-08-08,22,MEATS,84.048
2017-08-09,22,MEATS,113.887
2017-08-10,22,MEATS,104.842
2017-08-11,22,MEATS,31.83
2017-08-12,22,MEATS,115.821
2017-08-13,22,MEATS,161.89099
2017-08-14,22,MEATS,152.181
2017-08-15,22,MEATS,141.749
2017-08-02,22,PERSONAL CARE,221.0
2017-08-03,22,PERSONAL CARE,176.0
2017-08-04,22,PERSONAL CARE,212.0
2017-08-05,22,PERSONAL CARE,153.0
2017-08-06,22,PERSONAL CARE,166.0
2017-08-07,22,PERSONAL CARE,170.0
2017-08-08,22,PERSONAL CARE,125.0
2017-08-09,22,PERSONAL CARE,172.0
2017-08-10,22,PERSONAL CARE,118.0
2017-08-11,22,PERSONAL CARE,103.0
2017-08-12,22,PERSONAL CARE,135.0
2017-08-13,22,PERSONAL CARE,145.0
2017-08-14,22,PERSONAL CARE,198.0
2017-08-15,22,PERSONAL CARE,112.0
2017-08-02,22,PET SUPPLIES,2.0
2017-08-03,22,PET SUPPLIES,2.0
2017-08-04,22,PET SUPPLIES,0.0
2017-08-05,22,PET SUPPLIES,3.0
2017-08-06,22,PET SUPPLIES,0.0
2017-08-07,22,PET SUPPLIES,2.0
2017-08-08,22,PET SUPPLIES,2.0
2017-08-09,22,PET SUPPLIES,1.0
2017-08-10,22,PET SUPPLIES,0.0
2017-08-11,22,PET SUPPLIES,0.0
2017-08-12,22,PET SUPPLIES,3.0
2017-08-13,22,PET SUPPLIES,3.0
2017-08-14,22,PET SUPPLIES,1.0
2017-08-15,22,PET SUPPLIES,0.0
2017-08-02,22,PLAYERS AND ELECTRONICS,11.0
2017-08-03,22,PLAYERS AND ELECTRONICS,16.0
2017-08-04,22,PLAYERS AND ELECTRONICS,8.0
2017-08-05,22,PLAYERS AND ELECTRONICS,6.0
2017-08-06,22,PLAYERS AND ELECTRONICS,5.0
2017-08-07,22,PLAYERS AND ELECTRONICS,7.0
2017-08-08,22,PLAYERS AND ELECTRONICS,4.0
2017-08-09,22,PLAYERS AND ELECTRONICS,10.0
2017-08-10,22,PLAYERS AND ELECTRONICS,3.0
2017-08-11,22,PLAYERS AND ELECTRONICS,8.0
2017-08-12,22,PLAYERS AND ELECTRONICS,6.0
2017-08-13,22,PLAYERS AND ELECTRONICS,7.0
2017-08-14,22,PLAYERS AND ELECTRONICS,5.0
2017-08-15,22,PLAYERS AND ELECTRONICS,4.0
2017-08-02,22,POULTRY,131.238
2017-08-03,22,POULTRY,89.837
2017-08-04,22,POULTRY,122.82
2017-08-05,22,POULTRY,54.742
2017-08-06,22,POULTRY,150.452
2017-08-07,22,POULTRY,55.054
2017-08-08,22,POULTRY,187.997
2017-08-09,22,POULTRY,193.754
2017-08-10,22,POULTRY,135.9
2017-08-11,22,POULTRY,242.621
2017-08-12,22,POULTRY,163.44699
2017-08-13,22,POULTRY,206.838
2017-08-14,22,POULTRY,150.576
2017-08-15,22,POULTRY,131.07399
2017-08-02,22,PREPARED FOODS,13.0
2017-08-03,22,PREPARED FOODS,35.0
2017-08-04,22,PREPARED FOODS,36.0
2017-08-05,22,PREPARED FOODS,20.0
2017-08-06,22,PREPARED FOODS,24.0
2017-08-07,22,PREPARED FOODS,30.0
2017-08-08,22,PREPARED FOODS,26.0
2017-08-09,22,PREPARED FOODS,34.0
2017-08-10,22,PREPARED FOODS,30.0
2017-08-11,22,PREPARED FOODS,21.0
2017-08-12,22,PREPARED FOODS,23.0
2017-08-13,22,PREPARED FOODS,40.0
2017-08-14,22,PREPARED FOODS,27.0
2017-08-15,22,PREPARED FOODS,31.0
2017-08-02,22,PRODUCE,397.257
2017-08-03,22,PRODUCE,409.766
2017-08-04,22,PRODUCE,977.37
2017-08-05,22,PRODUCE,373.866
2017-08-06,22,PRODUCE,480.887
2017-08-07,22,PRODUCE,425.404
2017-08-08,22,PRODUCE,634.149
2017-08-09,22,PRODUCE,401.399
2017-08-10,22,PRODUCE,357.722
2017-08-11,22,PRODUCE,435.929
2017-08-12,22,PRODUCE,404.119
2017-08-13,22,PRODUCE,348.453
2017-08-14,22,PRODUCE,452.296
2017-08-15,22,PRODUCE,634.965
2017-08-02,22,SCHOOL AND OFFICE SUPPLIES,1.0
2017-08-03,22,SCHOOL AND OFFICE SUPPLIES,0.0
2017-08-04,22,SCHOOL AND OFFICE SUPPLIES,0.0
2017-08-05,22,SCHOOL AND OFFICE SUPPLIES,0.0
2017-08-06,22,SCHOOL AND OFFICE SUPPLIES,0.0
2017-08-07,22,SCHOOL AND OFFICE SUPPLIES,0.0
2017-08-08,22,SCHOOL AND OFFICE SUPPLIES,0.0
2017-08-09,22,SCHOOL AND OFFICE SUPPLIES,0.0
2017-08-10,22,SCHOOL AND OFFICE SUPPLIES,12.0
2017-08-11,22,SCHOOL AND OFFICE SUPPLIES,18.0
2017-08-12,22,SCHOOL AND OFFICE SUPPLIES,12.0
2017-08-13,22,SCHOOL AND OFFICE SUPPLIES,7.0
2017-08-14,22,SCHOOL AND OFFICE SUPPLIES,4.0
2017-08-15,22,SCHOOL AND OFFICE SUPPLIES,8.0
2017-08-02,22,SEAFOOD,0.0
2017-08-03,22,SEAFOOD,1.0
2017-08-04,22,SEAFOOD,1.0
2017-08-05,22,SEAFOOD,6.0
2017-08-06,22,SEAFOOD,3.0
2017-08-07,22,SEAFOOD,0.0
2017-08-08,22,SEAFOOD,6.0
2017-08-09,22,SEAFOOD,1.0
2017-08-10,22,SEAFOOD,1.0
2017-08-11,22,SEAFOOD,0.0
2017-08-12,22,SEAFOOD,0.0
2017-08-13,22,SEAFOOD,2.0
2017-08-14,22,SEAFOOD,6.0
2017-08-15,22,SEAFOOD,1.0
2017-08-02,23,AUTOMOTIVE,8.0
2017-08-03,23,AUTOMOTIVE,2.0
2017-08-04,23,AUTOMOTIVE,3.0
2017-08-05,23,AUTOMOTIVE,2.0
2017-08-06,23,AUTOMOTIVE,2.0
2017-08-07,23,AUTOMOTIVE,0.0
2017-08-08,23,AUTOMOTIVE,3.0
2017-08-09,23,AUTOMOTIVE,1.0
2017-08-10,23,AUTOMOTIVE,4.0
2017-08-11,23,AUTOMOTIVE,2.0
2017-08-12,23,AUTOMOTIVE,0.0
2017-08-13,23,AUTOMOTIVE,4.0
2017-08-14,23,AUTOMOTIVE,2.0
2017-08-15,23,AUTOMOTIVE,1.0
2017-08-02,23,BABY CARE,0.0
2017-08-03,23,BABY CARE,0.0
2017-08-04,23,BABY CARE,0.0
2017-08-05,23,BABY CARE,0.0
2017-08-06,23,BABY CARE,0.0
2017-08-07,23,BABY CARE,0.0
2017-08-08,23,BABY CARE,0.0
2017-08-09,23,BABY CARE,0.0
2017-08-10,23,BABY CARE,0.0
2017-08-11,23,BABY CARE,0.0
2017-08-12,23,BABY CARE,0.0
2017-08-13,23,BABY CARE,0.0
2017-08-14,23,BABY CARE,0.0
2017-08-15,23,BABY CARE,0.0
2017-08-02,23,BEAUTY,1.0
2017-08-03,23,BEAUTY,3.0
2017-08-04,23,BEAUTY,4.0
2017-08-05,23,BEAUTY,2.0
2017-08-06,23,BEAUTY,2.0
2017-08-07,23,BEAUTY,2.0
2017-08-08,23,BEAUTY,5.0
2017-08-09,23,BEAUTY,4.0
2017-08-10,23,BEAUTY,6.0
2017-08-11,23,BEAUTY,2.0
2017-08-12,23,BEAUTY,3.0
2017-08-13,23,BEAUTY,3.0
2017-08-14,23,BEAUTY,1.0
2017-08-15,23,BEAUTY,3.0
2017-08-02,23,BEVERAGES,1627.0
2017-08-03,23,BEVERAGES,1241.0
2017-08-04,23,BEVERAGES,1294.0
2017-08-05,23,BEVERAGES,1213.0
2017-08-06,23,BEVERAGES,1627.0
2017-08-07,23,BEVERAGES,1382.0
2017-08-08,23,BEVERAGES,1432.0
2017-08-09,23,BEVERAGES,1285.0
2017-08-10,23,BEVERAGES,1350.0
2017-08-11,23,BEVERAGES,1195.0
2017-08-12,23,BEVERAGES,1481.0
2017-08-13,23,BEVERAGES,1305.0
2017-08-14,23,BEVERAGES,1310.0
2017-08-15,23,BEVERAGES,1253.0
2017-08-02,23,BOOKS,0.0
2017-08-03,23,BOOKS,0.0
2017-08-04,23,BOOKS,0.0
2017-08-05,23,BOOKS,0.0
2017-08-06,23,BOOKS,0.0
2017-08-07,23,BOOKS,0.0
2017-08-08,23,BOOKS,0.0
2017-08-09,23,BOOKS,2.0
2017-08-10,23,BOOKS,0.0
2017-08-11,23,BOOKS,0.0
2017-08-12,23,BOOKS,0.0
2017-08-13,23,BOOKS,0.0
2017-08-14,23,BOOKS,0.0
2017-08-15,23,BOOKS,0.0
2017-08-02,23,BREAD/BAKERY,300.932
2017-08-03,23,BREAD/BAKERY,236.91699
2017-08-04,23,BREAD/BAKERY,216.746
2017-08-05,23,BREAD/BAKERY,252.861
2017-08-06,23,BREAD/BAKERY,250.632
2017-08-07,23,BREAD/BAKERY,280.594
2017-08-08,23,BREAD/BAKERY,237.904
2017-08-09,23,BREAD/BAKERY,311.605
2017-08-10,23,BREAD/BAKERY,287.421
2017-08-11,23,BREAD/BAKERY,281.876
2017-08-12,23,BREAD/BAKERY,171.248
2017-08-13,23,BREAD/BAKERY,220.836
2017-08-14,23,BREAD/BAKERY,280.509
2017-08-15,23,BREAD/BAKERY,243.799
2017-08-02,23,CELEBRATION,5.0
2017-08-03,23,CELEBRATION,11.0
2017-08-04,23,CELEBRATION,13.0
2017-08-05,23,CELEBRATION,11.0
2017-08-06,23,CELEBRATION,7.0
2017-08-07,23,CELEBRATION,1.0
2017-08-08,23,CELEBRATION,8.0
2017-08-09,23,CELEBRATION,8.0
2017-08-10,23,CELEBRATION,9.0
2017-08-11,23,CELEBRATION,8.0
2017-08-12,23,CELEBRATION,15.0
2017-08-13,23,CELEBRATION,4.0
2017-08-14,23,CELEBRATION,4.0
2017-08-15,23,CELEBRATION,11.0
2017-08-02,23,CLEANING,571.0
2017-08-03,23,CLEANING,548.0
2017-08-04,23,CLEANING,583.0
2017-08-05,23,CLEANING,550.0
2017-08-06,23,CLEANING,560.0
2017-08-07,23,CLEANING,594.0
2017-08-08,23,CLEANING,511.0
2017-08-09,23,CLEANING,544.0
2017-08-10,23,CLEANING,479.0
2017-08-11,23,CLEANING,441.0
2017-08-12,23,CLEANING,397.0
2017-08-13,23,CLEANING,467.0
2017-08-14,23,CLEANING,460.0
2017-08-15,23,CLEANING,473.0
2017-08-02,23,DAIRY,474.0
2017-08-03,23,DAIRY,466.0
2017-08-04,23,DAIRY,492.0
2017-08-05,23,DAIRY,484.0
2017-08-06,23,DAIRY,553.0
2017-08-07,23,DAIRY,463.0
2017-08-08,23,DAIRY,478.0
2017-08-09,23,DAIRY,494.0
2017-08-10,23,DAIRY,483.0
2017-08-11,23,DAIRY,519.0
2017-08-12,23,DAIRY,416.0
2017-08-13,23,DAIRY,497.0
2017-08-14,23,DAIRY,436.0
2017-08-15,23,DAIRY,421.0
2017-08-02,23,DELI,126.709
2017-08-03,23,DELI,127.364
2017-08-04,23,DELI,104.241
2017-08-05,23,DELI,155.298
2017-08-06,23,DELI,117.014
2017-08-07,23,DELI,145.942
2017-08-08,23,DELI,84.349
2017-08-09,23,DELI,133.937
2017-08-10,23,DELI,111.059
2017-08-11,23,DELI,149.573
2017-08-12,23,DELI,117.509
2017-08-13,23,DELI,133.727
2017-08-14,23,DELI,132.072
2017-08-15,23,DELI,94.624
2017-08-02,23,EGGS,45.0
2017-08-03,23,EGGS,46.0
2017-08-04,23,EGGS,50.0
2017-08-05,23,EGGS,48.0
2017-08-06,23,EGGS,47.0
2017-08-07,23,EGGS,51.0
2017-08-08,23,EGGS,51.0
2017-08-09,23,EGGS,42.0
2017-08-10,23,EGGS,55.0
2017-08-11,23,EGGS,47.0
2017-08-12,23,EGGS,38.0
2017-08-13,23,EGGS,49.0
2017-08-14,23,EGGS,36.0
2017-08-15,23,EGGS,48.0
2017-08-02,23,FROZEN FOODS,52.0
2017-08-03,23,FROZEN FOODS,70.885
2017-08-04,23,FROZEN FOODS,96.0
2017-08-05,23,FROZEN FOODS,97.575
2017-08-06,23,FROZEN FOODS,70.389
2017-08-07,23,FROZEN FOODS,57.0
2017-08-08,23,FROZEN FOODS,44.0
2017-08-09,23,FROZEN FOODS,57.0
2017-08-10,23,FROZEN FOODS,72.0
2017-08-11,23,FROZEN FOODS,104.0
2017-08-12,23,FROZEN FOODS,67.0
2017-08-13,23,FROZEN FOODS,41.0
2017-08-14,23,FROZEN FOODS,64.0
2017-08-15,23,FROZEN FOODS,75.844
2017-08-02,23,GROCERY I,2630.0
2017-08-03,23,GROCERY I,1938.0
2017-08-04,23,GROCERY I,2007.0
2017-08-05,23,GROCERY I,1999.0
2017-08-06,23,GROCERY I,1967.0
2017-08-07,23,GROCERY I,2056.0
2017-08-08,23,GROCERY I,1998.0
2017-08-09,23,GROCERY I,2135.0
2017-08-10,23,GROCERY I,2036.0
2017-08-11,23,GROCERY I,1834.0
2017-08-12,23,GROCERY I,1762.0
2017-08-13,23,GROCERY I,1934.0
2017-08-14,23,GROCERY I,2064.0
2017-08-15,23,GROCERY I,1816.0
2017-08-02,23,GROCERY II,26.0
2017-08-03,23,GROCERY II,45.0
2017-08-04,23,GROCERY II,20.0
2017-08-05,23,GROCERY II,24.0
2017-08-06,23,GROCERY II,17.0
2017-08-07,23,GROCERY II,27.0
2017-08-08,23,GROCERY II,10.0
2017-08-09,23,GROCERY II,33.0
2017-08-10,23,GROCERY II,47.0
2017-08-11,23,GROCERY II,31.0
2017-08-12,23,GROCERY II,10.0
2017-08-13,23,GROCERY II,20.0
2017-08-14,23,GROCERY II,20.0
2017-08-15,23,GROCERY II,25.0
2017-08-02,23,HARDWARE,0.0
2017-08-03,23,HARDWARE,1.0
2017-08-04,23,HARDWARE,1.0
2017-08-05,23,HARDWARE,1.0
2017-08-06,23,HARDWARE,0.0
2017-08-07,23,HARDWARE,0.0
2017-08-08,23,HARDWARE,2.0
2017-08-09,23,HARDWARE,0.0
2017-08-10,23,HARDWARE,0.0
2017-08-11,23,HARDWARE,1.0
2017-08-12,23,HARDWARE,1.0
2017-08-13,23,HARDWARE,0.0
2017-08-14,23,HARDWARE,1.0
2017-08-15,23,HARDWARE,0.0
2017-08-02,23,HOME AND KITCHEN I,14.0
2017-08-03,23,HOME AND KITCHEN I,14.0
2017-08-04,23,HOME AND KITCHEN I,11.0
2017-08-05,23,HOME AND KITCHEN I,12.0
2017-08-06,23,HOME AND KITCHEN I,10.0
2017-08-07,23,HOME AND KITCHEN I,12.0
2017-08-08,23,HOME AND KITCHEN I,6.0
2017-08-09,23,HOME AND KITCHEN I,20.0
2017-08-10,23,HOME AND KITCHEN I,8.0
2017-08-11,23,HOME AND KITCHEN I,7.0
2017-08-12,23,HOME AND KITCHEN I,16.0
2017-08-13,23,HOME AND KITCHEN I,17.0
2017-08-14,23,HOME AND KITCHEN I,10.0
2017-08-15,23,HOME AND KITCHEN I,11.0
2017-08-02,23,HOME AND KITCHEN II,10.0
2017-08-03,23,HOME AND KITCHEN II,6.0
2017-08-04,23,HOME AND KITCHEN II,155.0
2017-08-05,23,HOME AND KITCHEN II,13.0
2017-08-06,23,HOME AND KITCHEN II,7.0
2017-08-07,23,HOME AND KITCHEN II,16.0
2017-08-08,23,HOME AND KITCHEN II,10.0
2017-08-09,23,HOME AND KITCHEN II,14.0
2017-08-10,23,HOME AND KITCHEN II,3.0
2017-08-11,23,HOME AND KITCHEN II,17.0
2017-08-12,23,HOME AND KITCHEN II,4.0
2017-08-13,23,HOME AND KITCHEN II,9.0
2017-08-14,23,HOME AND KITCHEN II,19.0
2017-08-15,23,HOME AND KITCHEN II,20.0
2017-08-02,23,HOME APPLIANCES,0.0
2017-08-03,23,HOME APPLIANCES,0.0
2017-08-04,23,HOME APPLIANCES,0.0
2017-08-05,23,HOME APPLIANCES,0.0
2017-08-06,23,HOME APPLIANCES,1.0
2017-08-07,23,HOME APPLIANCES,0.0
2017-08-08,23,HOME APPLIANCES,2.0
2017-08-09,23,HOME APPLIANCES,0.0
2017-08-10,23,HOME APPLIANCES,0.0
2017-08-11,23,HOME APPLIANCES,0.0
2017-08-12,23,HOME APPLIANCES,2.0
2017-08-13,23,HOME APPLIANCES,0.0
2017-08-14,23,HOME APPLIANCES,0.0
2017-08-15,23,HOME APPLIANCES,0.0
2017-08-02,23,HOME CARE,177.0
2017-08-03,23,HOME CARE,108.0
2017-08-04,23,HOME CARE,119.0
2017-08-05,23,HOME CARE,122.0
2017-08-06,23,HOME CARE,147.0
2017-08-07,23,HOME CARE,111.0
2017-08-08,23,HOME CARE,119.0
2017-08-09,23,HOME CARE,107.0
2017-08-10,23,HOME CARE,137.0
2017-08-11,23,HOME CARE,101.0
2017-08-12,23,HOME CARE,110.0
2017-08-13,23,HOME CARE,107.0
2017-08-14,23,HOME CARE,142.0
2017-08-15,23,HOME CARE,115.0
2017-08-02,23,LADIESWEAR,18.0
2017-08-03,23,LADIESWEAR,4.0
2017-08-04,23,LADIESWEAR,10.0
2017-08-05,23,LADIESWEAR,15.0
2017-08-06,23,LADIESWEAR,26.0
2017-08-07,23,LADIESWEAR,18.0
2017-08-08,23,LADIESWEAR,16.0
2017-08-09,23,LADIESWEAR,13.0
2017-08-10,23,LADIESWEAR,8.0
2017-08-11,23,LADIESWEAR,11.0
2017-08-12,23,LADIESWEAR,11.0
2017-08-13,23,LADIESWEAR,16.0
2017-08-14,23,LADIESWEAR,19.0
2017-08-15,23,LADIESWEAR,19.0
2017-08-02,23,LAWN AND GARDEN,2.0
2017-08-03,23,LAWN AND GARDEN,2.0
2017-08-04,23,LAWN AND GARDEN,1.0
2017-08-05,23,LAWN AND GARDEN,4.0
2017-08-06,23,LAWN AND GARDEN,3.0
2017-08-07,23,LAWN AND GARDEN,0.0
2017-08-08,23,LAWN AND GARDEN,0.0
2017-08-09,23,LAWN AND GARDEN,0.0
2017-08-10,23,LAWN AND GARDEN,7.0
2017-08-11,23,LAWN AND GARDEN,2.0
2017-08-12,23,LAWN AND GARDEN,6.0
2017-08-13,23,LAWN AND GARDEN,1.0
2017-08-14,23,LAWN AND GARDEN,2.0
2017-08-15,23,LAWN AND GARDEN,0.0
2017-08-02,23,LINGERIE,3.0
2017-08-03,23,LINGERIE,3.0
2017-08-04,23,LINGERIE,3.0
2017-08-05,23,LINGERIE,2.0
2017-08-06,23,LINGERIE,3.0
2017-08-07,23,LINGERIE,0.0
2017-08-08,23,LINGERIE,1.0
2017-08-09,23,LINGERIE,1.0
2017-08-10,23,LINGERIE,1.0
2017-08-11,23,LINGERIE,9.0
2017-08-12,23,LINGERIE,5.0
2017-08-13,23,LINGERIE,0.0
2017-08-14,23,LINGERIE,0.0
2017-08-15,23,LINGERIE,4.0
2017-08-02,23,"LIQUOR,WINE,BEER",53.0
2017-08-03,23,"LIQUOR,WINE,BEER",46.0
2017-08-04,23,"LIQUOR,WINE,BEER",50.0
2017-08-05,23,"LIQUOR,WINE,BEER",74.0
2017-08-06,23,"LIQUOR,WINE,BEER",26.0
2017-08-07,23,"LIQUOR,WINE,BEER",16.0
2017-08-08,23,"LIQUOR,WINE,BEER",31.0
2017-08-09,23,"LIQUOR,WINE,BEER",30.0
2017-08-10,23,"LIQUOR,WINE,BEER",55.0
2017-08-11,23,"LIQUOR,WINE,BEER",139.0
2017-08-12,23,"LIQUOR,WINE,BEER",96.0
2017-08-13,23,"LIQUOR,WINE,BEER",48.0
2017-08-14,23,"LIQUOR,WINE,BEER",38.0
2017-08-15,23,"LIQUOR,WINE,BEER",44.0
2017-08-02,23,MAGAZINES,2.0
2017-08-03,23,MAGAZINES,1.0
2017-08-04,23,MAGAZINES,5.0
2017-08-05,23,MAGAZINES,9.0
2017-08-06,23,MAGAZINES,8.0
2017-08-07,23,MAGAZINES,5.0
2017-08-08,23,MAGAZINES,3.0
2017-08-09,23,MAGAZINES,4.0
2017-08-10,23,MAGAZINES,4.0
2017-08-11,23,MAGAZINES,8.0
2017-08-12,23,MAGAZINES,10.0
2017-08-13,23,MAGAZINES,3.0
2017-08-14,23,MAGAZINES,5.0
2017-08-15,23,MAGAZINES,4.0
2017-08-02,23,MEATS,858.577
2017-08-03,23,MEATS,881.684
2017-08-04,23,MEATS,597.969
2017-08-05,23,MEATS,246.512
2017-08-06,23,MEATS,957.372
2017-08-07,23,MEATS,368.811
2017-08-08,23,MEATS,378.519
2017-08-09,23,MEATS,1152.162
2017-08-10,23,MEATS,932.507
2017-08-11,23,MEATS,434.715
2017-08-12,23,MEATS,216.889
2017-08-13,23,MEATS,1065.345
2017-08-14,23,MEATS,355.257
2017-08-15,23,MEATS,918.841
2017-08-02,23,PERSONAL CARE,175.0
2017-08-03,23,PERSONAL CARE,143.0
2017-08-04,23,PERSONAL CARE,108.0
2017-08-05,23,PERSONAL CARE,168.0
2017-08-06,23,PERSONAL CARE,176.0
2017-08-07,23,PERSONAL CARE,159.0
2017-08-08,23,PERSONAL CARE,147.0
2017-08-09,23,PERSONAL CARE,150.0
2017-08-10,23,PERSONAL CARE,124.0
2017-08-11,23,PERSONAL CARE,159.0
2017-08-12,23,PERSONAL CARE,127.0
2017-08-13,23,PERSONAL CARE,159.0
2017-08-14,23,PERSONAL CARE,147.0
2017-08-15,23,PERSONAL CARE,140.0
2017-08-02,23,PET SUPPLIES,4.0
2017-08-03,23,PET SUPPLIES,7.0
2017-08-04,23,PET SUPPLIES,6.0
2017-08-05,23,PET SUPPLIES,2.0
2017-08-06,23,PET SUPPLIES,3.0
2017-08-07,23,PET SUPPLIES,3.0
2017-08-08,23,PET SUPPLIES,2.0
2017-08-09,23,PET SUPPLIES,7.0
2017-08-10,23,PET SUPPLIES,4.0
2017-08-11,23,PET SUPPLIES,0.0
2017-08-12,23,PET SUPPLIES,2.0
2017-08-13,23,PET SUPPLIES,9.0
2017-08-14,23,PET SUPPLIES,5.0
2017-08-15,23,PET SUPPLIES,5.0
2017-08-02,23,PLAYERS AND ELECTRONICS,12.0
2017-08-03,23,PLAYERS AND ELECTRONICS,3.0
2017-08-04,23,PLAYERS AND ELECTRONICS,11.0
2017-08-05,23,PLAYERS AND ELECTRONICS,1.0
2017-08-06,23,PLAYERS AND ELECTRONICS,3.0
2017-08-07,23,PLAYERS AND ELECTRONICS,14.0
2017-08-08,23,PLAYERS AND ELECTRONICS,6.0
2017-08-09,23,PLAYERS AND ELECTRONICS,6.0
2017-08-10,23,PLAYERS AND ELECTRONICS,8.0
2017-08-11,23,PLAYERS AND ELECTRONICS,4.0
2017-08-12,23,PLAYERS AND ELECTRONICS,2.0
2017-08-13,23,PLAYERS AND ELECTRONICS,9.0
2017-08-14,23,PLAYERS AND ELECTRONICS,5.0
2017-08-15,23,PLAYERS AND ELECTRONICS,5.0
2017-08-02,23,POULTRY,322.13202
2017-08-03,23,POULTRY,313.274
2017-08-04,23,POULTRY,545.297
2017-08-05,23,POULTRY,148.04199
2017-08-06,23,POULTRY,300.816
2017-08-07,23,POULTRY,235.352
2017-08-08,23,POULTRY,338.194
2017-08-09,23,POULTRY,365.858
2017-08-10,23,POULTRY,251.106
2017-08-11,23,POULTRY,351.438
2017-08-12,23,POULTRY,211.438
2017-08-13,23,POULTRY,373.316
2017-08-14,23,POULTRY,349.023
2017-08-15,23,POULTRY,439.349
2017-08-02,23,PREPARED FOODS,28.687
2017-08-03,23,PREPARED FOODS,29.403
2017-08-04,23,PREPARED FOODS,50.303
2017-08-05,23,PREPARED FOODS,24.592
2017-08-06,23,PREPARED FOODS,35.25
2017-08-07,23,PREPARED FOODS,48.903
2017-08-08,23,PREPARED FOODS,37.075
2017-08-09,23,PREPARED FOODS,33.915
2017-08-10,23,PREPARED FOODS,31.948
2017-08-11,23,PREPARED FOODS,31.789
2017-08-12,23,PREPARED FOODS,26.0
2017-08-13,23,PREPARED FOODS,33.513
2017-08-14,23,PREPARED FOODS,16.744
2017-08-15,23,PREPARED FOODS,22.795
2017-08-02,23,PRODUCE,1542.632
2017-08-03,23,PRODUCE,946.458
2017-08-04,23,PRODUCE,1224.602
2017-08-05,23,PRODUCE,1044.83
2017-08-06,23,PRODUCE,1156.63
2017-08-07,23,PRODUCE,1157.413
2017-08-08,23,PRODUCE,1010.855
2017-08-09,23,PRODUCE,1377.942
2017-08-10,23,PRODUCE,1057.37
2017-08-11,23,PRODUCE,1150.094
2017-08-12,23,PRODUCE,843.001
2017-08-13,23,PRODUCE,1198.302
2017-08-14,23,PRODUCE,1329.119
2017-08-15,23,PRODUCE,1156.31
2017-08-02,23,SCHOOL AND OFFICE SUPPLIES,0.0
2017-08-03,23,SCHOOL AND OFFICE SUPPLIES,0.0
2017-08-04,23,SCHOOL AND OFFICE SUPPLIES,0.0
2017-08-05,23,SCHOOL AND OFFICE SUPPLIES,0.0
2017-08-06,23,SCHOOL AND OFFICE SUPPLIES,0.0
2017-08-07,23,SCHOOL AND OFFICE SUPPLIES,0.0
2017-08-08,23,SCHOOL AND OFFICE SUPPLIES,0.0
2017-08-09,23,SCHOOL AND OFFICE SUPPLIES,0.0
2017-08-10,23,SCHOOL AND OFFICE SUPPLIES,0.0
2017-08-11,23,SCHOOL AND OFFICE SUPPLIES,0.0
2017-08-12,23,SCHOOL AND OFFICE SUPPLIES,0.0
2017-08-13,23,SCHOOL AND OFFICE SUPPLIES,0.0
2017-08-14,23,SCHOOL AND OFFICE SUPPLIES,0.0
2017-08-15,23,SCHOOL AND OFFICE SUPPLIES,0.0
2017-08-02,23,SEAFOOD,13.0
2017-08-03,23,SEAFOOD,9.531
2017-08-04,23,SEAFOOD,8.669
2017-08-05,23,SEAFOOD,6.0
2017-08-06,23,SEAFOOD,8.0
2017-08-07,23,SEAFOOD,4.0
2017-08-08,23,SEAFOOD,12.0
2017-08-09,23,SEAFOOD,6.679
2017-08-10,23,SEAFOOD,5.0
2017-08-11,23,SEAFOOD,5.639
2017-08-12,23,SEAFOOD,13.0
2017-08-13,23,SEAFOOD,6.561
2017-08-14,23,SEAFOOD,7.357
2017-08-15,23,SEAFOOD,2.0
2017-08-02,24,AUTOMOTIVE,2.0
2017-08-03,24,AUTOMOTIVE,2.0
2017-08-04,24,AUTOMOTIVE,5.0
2017-08-05,24,AUTOMOTIVE,2.0
2017-08-06,24,AUTOMOTIVE,5.0
2017-08-07,24,AUTOMOTIVE,0.0
2017-08-08,24,AUTOMOTIVE,3.0
2017-08-09,24,AUTOMOTIVE,3.0
2017-08-10,24,AUTOMOTIVE,3.0
2017-08-11,24,AUTOMOTIVE,2.0
2017-08-12,24,AUTOMOTIVE,4.0
2017-08-13,24,AUTOMOTIVE,0.0
2017-08-14,24,AUTOMOTIVE,3.0
2017-08-15,24,AUTOMOTIVE,1.0
2017-08-02,24,BABY CARE,0.0
2017-08-03,24,BABY CARE,0.0
2017-08-04,24,BABY CARE,0.0
2017-08-05,24,BABY CARE,0.0
2017-08-06,24,BABY CARE,0.0
2017-08-07,24,BABY CARE,0.0
2017-08-08,24,BABY CARE,0.0
2017-08-09,24,BABY CARE,0.0
2017-08-10,24,BABY CARE,0.0
2017-08-11,24,BABY CARE,0.0
2017-08-12,24,BABY CARE,0.0
2017-08-13,24,BABY CARE,0.0
2017-08-14,24,BABY CARE,0.0
2017-08-15,24,BABY CARE,0.0
2017-08-02,24,BEAUTY,7.0
2017-08-03,24,BEAUTY,4.0
2017-08-04,24,BEAUTY,10.0
2017-08-05,24,BEAUTY,13.0
2017-08-06,24,BEAUTY,7.0
2017-08-07,24,BEAUTY,7.0
2017-08-08,24,BEAUTY,7.0
2017-08-09,24,BEAUTY,5.0
2017-08-10,24,BEAUTY,2.0
2017-08-11,24,BEAUTY,4.0
2017-08-12,24,BEAUTY,2.0
2017-08-13,24,BEAUTY,0.0
2017-08-14,24,BEAUTY,7.0
2017-08-15,24,BEAUTY,2.0
2017-08-02,24,BEVERAGES,3743.0
2017-08-03,24,BEVERAGES,3159.0
2017-08-04,24,BEVERAGES,3548.0
2017-08-05,24,BEVERAGES,4533.0
2017-08-06,24,BEVERAGES,3894.0
2017-08-07,24,BEVERAGES,3392.0
2017-08-08,24,BEVERAGES,2905.0
2017-08-09,24,BEVERAGES,3231.0
2017-08-10,24,BEVERAGES,2576.0
2017-08-11,24,BEVERAGES,3269.0
2017-08-12,24,BEVERAGES,3498.0
2017-08-13,24,BEVERAGES,3282.0
2017-08-14,24,BEVERAGES,3106.0
2017-08-15,24,BEVERAGES,3118.0
2017-08-02,24,BOOKS,0.0
2017-08-03,24,BOOKS,0.0
2017-08-04,24,BOOKS,0.0
2017-08-05,24,BOOKS,0.0
2017-08-06,24,BOOKS,0.0
2017-08-07,24,BOOKS,0.0
2017-08-08,24,BOOKS,0.0
2017-08-09,24,BOOKS,0.0
2017-08-10,24,BOOKS,0.0
2017-08-11,24,BOOKS,0.0
2017-08-12,24,BOOKS,0.0
2017-08-13,24,BOOKS,0.0
2017-08-14,24,BOOKS,0.0
2017-08-15,24,BOOKS,0.0
2017-08-02,24,BREAD/BAKERY,783.991
2017-08-03,24,BREAD/BAKERY,619.154
2017-08-04,24,BREAD/BAKERY,853.156
2017-08-05,24,BREAD/BAKERY,1002.761
2017-08-06,24,BREAD/BAKERY,811.297
2017-08-07,24,BREAD/BAKERY,783.671
2017-08-08,24,BREAD/BAKERY,585.363
2017-08-09,24,BREAD/BAKERY,710.141
2017-08-10,24,BREAD/BAKERY,688.038
2017-08-11,24,BREAD/BAKERY,745.226
2017-08-12,24,BREAD/BAKERY,797.436
2017-08-13,24,BREAD/BAKERY,757.417
2017-08-14,24,BREAD/BAKERY,707.966
2017-08-15,24,BREAD/BAKERY,720.1
2017-08-02,24,CELEBRATION,13.0
2017-08-03,24,CELEBRATION,20.0
2017-08-04,24,CELEBRATION,26.0
2017-08-05,24,CELEBRATION,31.0
2017-08-06,24,CELEBRATION,11.0
2017-08-07,24,CELEBRATION,17.0
2017-08-08,24,CELEBRATION,14.0
2017-08-09,24,CELEBRATION,11.0
2017-08-10,24,CELEBRATION,20.0
2017-08-11,24,CELEBRATION,14.0
2017-08-12,24,CELEBRATION,16.0
2017-08-13,24,CELEBRATION,9.0
2017-08-14,24,CELEBRATION,7.0
2017-08-15,24,CELEBRATION,15.0
2017-08-02,24,CLEANING,1216.0
2017-08-03,24,CLEANING,1045.0
2017-08-04,24,CLEANING,1195.0
2017-08-05,24,CLEANING,1236.0
2017-08-06,24,CLEANING,1012.0
2017-08-07,24,CLEANING,954.0
2017-08-08,24,CLEANING,1081.0
2017-08-09,24,CLEANING,1174.0
2017-08-10,24,CLEANING,957.0
2017-08-11,24,CLEANING,885.0
2017-08-12,24,CLEANING,1092.0
2017-08-13,24,CLEANING,810.0
2017-08-14,24,CLEANING,910.0
2017-08-15,24,CLEANING,1003.0
2017-08-02,24,DAIRY,1450.0
2017-08-03,24,DAIRY,1175.0
2017-08-04,24,DAIRY,1386.0
2017-08-05,24,DAIRY,1674.0
2017-08-06,24,DAIRY,1433.0
2017-08-07,24,DAIRY,1271.0
2017-08-08,24,DAIRY,1186.0
2017-08-09,24,DAIRY,1187.0
2017-08-10,24,DAIRY,1016.0
2017-08-11,24,DAIRY,1174.0
2017-08-12,24,DAIRY,1184.0
2017-08-13,24,DAIRY,1217.0
2017-08-14,24,DAIRY,1344.0
2017-08-15,24,DAIRY,1197.0
2017-08-02,24,DELI,313.647
2017-08-03,24,DELI,244.476
2017-08-04,24,DELI,327.365
2017-08-05,24,DELI,331.856
2017-08-06,24,DELI,308.798
2017-08-07,24,DELI,267.866
2017-08-08,24,DELI,221.926
2017-08-09,24,DELI,248.752
2017-08-10,24,DELI,206.479
2017-08-11,24,DELI,273.081
2017-08-12,24,DELI,317.066
2017-08-13,24,DELI,229.157
2017-08-14,24,DELI,262.955
2017-08-15,24,DELI,284.71
2017-08-02,24,EGGS,258.0
2017-08-03,24,EGGS,190.0
2017-08-04,24,EGGS,250.0
2017-08-05,24,EGGS,290.0
2017-08-06,24,EGGS,243.0
2017-08-07,24,EGGS,234.0
2017-08-08,24,EGGS,223.0
2017-08-09,24,EGGS,229.0
2017-08-10,24,EGGS,190.0
2017-08-11,24,EGGS,234.0
2017-08-12,24,EGGS,219.0
2017-08-13,24,EGGS,218.0
2017-08-14,24,EGGS,247.0
2017-08-15,24,EGGS,218.0
2017-08-02,24,FROZEN FOODS,154.604
2017-08-03,24,FROZEN FOODS,188.774
2017-08-04,24,FROZEN FOODS,226.228
2017-08-05,24,FROZEN FOODS,237.109
2017-08-06,24,FROZEN FOODS,156.294
2017-08-07,24,FROZEN FOODS,136.787
2017-08-08,24,FROZEN FOODS,135.477
2017-08-09,24,FROZEN FOODS,185.23
2017-08-10,24,FROZEN FOODS,132.79
2017-08-11,24,FROZEN FOODS,251.185
2017-08-12,24,FROZEN FOODS,200.123
2017-08-13,24,FROZEN FOODS,105.315
2017-08-14,24,FROZEN FOODS,128.495
2017-08-15,24,FROZEN FOODS,138.52
2017-08-02,24,GROCERY I,4901.0
2017-08-03,24,GROCERY I,3525.0
2017-08-04,24,GROCERY I,4668.0
2017-08-05,24,GROCERY I,4807.0
2017-08-06,24,GROCERY I,4033.0
2017-08-07,24,GROCERY I,3983.0
2017-08-08,24,GROCERY I,3599.0
2017-08-09,24,GROCERY I,3938.0
2017-08-10,24,GROCERY I,3233.0
2017-08-11,24,GROCERY I,3644.0
2017-08-12,24,GROCERY I,3629.0
2017-08-13,24,GROCERY I,3295.0
2017-08-14,24,GROCERY I,3952.0
2017-08-15,24,GROCERY I,3739.0
2017-08-02,24,GROCERY II,29.0
2017-08-03,24,GROCERY II,41.0
2017-08-04,24,GROCERY II,47.0
2017-08-05,24,GROCERY II,69.0
2017-08-06,24,GROCERY II,43.0
2017-08-07,24,GROCERY II,22.0
2017-08-08,24,GROCERY II,27.0
2017-08-09,24,GROCERY II,9.0
2017-08-10,24,GROCERY II,62.0
2017-08-11,24,GROCERY II,86.0
2017-08-12,24,GROCERY II,44.0
2017-08-13,24,GROCERY II,26.0
2017-08-14,24,GROCERY II,40.0
2017-08-15,24,GROCERY II,32.0
2017-08-02,24,HARDWARE,0.0
2017-08-03,24,HARDWARE,1.0
2017-08-04,24,HARDWARE,0.0
2017-08-05,24,HARDWARE,0.0
2017-08-06,24,HARDWARE,0.0
2017-08-07,24,HARDWARE,2.0
2017-08-08,24,HARDWARE,1.0
2017-08-09,24,HARDWARE,0.0
2017-08-10,24,HARDWARE,0.0
2017-08-11,24,HARDWARE,1.0
2017-08-12,24,HARDWARE,0.0
2017-08-13,24,HARDWARE,1.0
2017-08-14,24,HARDWARE,2.0
2017-08-15,24,HARDWARE,2.0
2017-08-02,24,HOME AND KITCHEN I,17.0
2017-08-03,24,HOME AND KITCHEN I,24.0
2017-08-04,24,HOME AND KITCHEN I,19.0
2017-08-05,24,HOME AND KITCHEN I,25.0
2017-08-06,24,HOME AND KITCHEN I,41.0
2017-08-07,24,HOME AND KITCHEN I,6.0
2017-08-08,24,HOME AND KITCHEN I,19.0
2017-08-09,24,HOME AND KITCHEN I,21.0
2017-08-10,24,HOME AND KITCHEN I,17.0
2017-08-11,24,HOME AND KITCHEN I,19.0
2017-08-12,24,HOME AND KITCHEN I,24.0
2017-08-13,24,HOME AND KITCHEN I,24.0
2017-08-14,24,HOME AND KITCHEN I,10.0
2017-08-15,24,HOME AND KITCHEN I,19.0
2017-08-02,24,HOME AND KITCHEN II,34.0
2017-08-03,24,HOME AND KITCHEN II,25.0
2017-08-04,24,HOME AND KITCHEN II,35.0
2017-08-05,24,HOME AND KITCHEN II,36.0
2017-08-06,24,HOME AND KITCHEN II,34.0
2017-08-07,24,HOME AND KITCHEN II,20.0
2017-08-08,24,HOME AND KITCHEN II,16.0
2017-08-09,24,HOME AND KITCHEN II,26.0
2017-08-10,24,HOME AND KITCHEN II,27.0
2017-08-11,24,HOME AND KITCHEN II,15.0
2017-08-12,24,HOME AND KITCHEN II,16.0
2017-08-13,24,HOME AND KITCHEN II,44.0
2017-08-14,24,HOME AND KITCHEN II,22.0
2017-08-15,24,HOME AND KITCHEN II,39.0
2017-08-02,24,HOME APPLIANCES,0.0
2017-08-03,24,HOME APPLIANCES,0.0
2017-08-04,24,HOME APPLIANCES,0.0
2017-08-05,24,HOME APPLIANCES,0.0
2017-08-06,24,HOME APPLIANCES,0.0
2017-08-07,24,HOME APPLIANCES,0.0
2017-08-08,24,HOME APPLIANCES,0.0
2017-08-09,24,HOME APPLIANCES,0.0
2017-08-10,24,HOME APPLIANCES,0.0
2017-08-11,24,HOME APPLIANCES,0.0
2017-08-12,24,HOME APPLIANCES,0.0
2017-08-13,24,HOME APPLIANCES,0.0
2017-08-14,24,HOME APPLIANCES,0.0
2017-08-15,24,HOME APPLIANCES,0.0
2017-08-02,24,HOME CARE,378.0
2017-08-03,24,HOME CARE,239.0
2017-08-04,24,HOME CARE,235.0
2017-08-05,24,HOME CARE,297.0
2017-08-06,24,HOME CARE,279.0
2017-08-07,24,HOME CARE,240.0
2017-08-08,24,HOME CARE,220.0
2017-08-09,24,HOME CARE,245.0
2017-08-10,24,HOME CARE,223.0
2017-08-11,24,HOME CARE,213.0
2017-08-12,24,HOME CARE,196.0
2017-08-13,24,HOME CARE,237.0
2017-08-14,24,HOME CARE,256.0
2017-08-15,24,HOME CARE,239.0
2017-08-02,24,LADIESWEAR,18.0
2017-08-03,24,LADIESWEAR,18.0
2017-08-04,24,LADIESWEAR,16.0
2017-08-05,24,LADIESWEAR,12.0
2017-08-06,24,LADIESWEAR,18.0
2017-08-07,24,LADIESWEAR,10.0
2017-08-08,24,LADIESWEAR,23.0
2017-08-09,24,LADIESWEAR,9.0
2017-08-10,24,LADIESWEAR,13.0
2017-08-11,24,LADIESWEAR,1.0
2017-08-12,24,LADIESWEAR,10.0
2017-08-13,24,LADIESWEAR,18.0
2017-08-14,24,LADIESWEAR,10.0
2017-08-15,24,LADIESWEAR,2.0
2017-08-02,24,LAWN AND GARDEN,51.0
2017-08-03,24,LAWN AND GARDEN,26.0
2017-08-04,24,LAWN AND GARDEN,40.0
2017-08-05,24,LAWN AND GARDEN,60.0
2017-08-06,24,LAWN AND GARDEN,32.0
2017-08-07,24,LAWN AND GARDEN,34.0
2017-08-08,24,LAWN AND GARDEN,42.0
2017-08-09,24,LAWN AND GARDEN,52.0
2017-08-10,24,LAWN AND GARDEN,42.0
2017-08-11,24,LAWN AND GARDEN,34.0
2017-08-12,24,LAWN AND GARDEN,25.0
2017-08-13,24,LAWN AND GARDEN,20.0
2017-08-14,24,LAWN AND GARDEN,40.0
2017-08-15,24,LAWN AND GARDEN,21.0
2017-08-02,24,LINGERIE,10.0
2017-08-03,24,LINGERIE,16.0
2017-08-04,24,LINGERIE,9.0
2017-08-05,24,LINGERIE,28.0
2017-08-06,24,LINGERIE,9.0
2017-08-07,24,LINGERIE,13.0
2017-08-08,24,LINGERIE,5.0
2017-08-09,24,LINGERIE,7.0
2017-08-10,24,LINGERIE,6.0
2017-08-11,24,LINGERIE,19.0
2017-08-12,24,LINGERIE,1.0
2017-08-13,24,LINGERIE,4.0
2017-08-14,24,LINGERIE,21.0
2017-08-15,24,LINGERIE,10.0
2017-08-02,24,"LIQUOR,WINE,BEER",97.0
2017-08-03,24,"LIQUOR,WINE,BEER",61.0
2017-08-04,24,"LIQUOR,WINE,BEER",120.0
2017-08-05,24,"LIQUOR,WINE,BEER",177.0
2017-08-06,24,"LIQUOR,WINE,BEER",60.0
2017-08-07,24,"LIQUOR,WINE,BEER",64.0
2017-08-08,24,"LIQUOR,WINE,BEER",56.0
2017-08-09,24,"LIQUOR,WINE,BEER",75.0
2017-08-10,24,"LIQUOR,WINE,BEER",101.0
2017-08-11,24,"LIQUOR,WINE,BEER",137.0
2017-08-12,24,"LIQUOR,WINE,BEER",114.0
2017-08-13,24,"LIQUOR,WINE,BEER",62.0
2017-08-14,24,"LIQUOR,WINE,BEER",54.0
2017-08-15,24,"LIQUOR,WINE,BEER",62.0
2017-08-02,24,MAGAZINES,9.0
2017-08-03,24,MAGAZINES,8.0
2017-08-04,24,MAGAZINES,23.0
2017-08-05,24,MAGAZINES,17.0
2017-08-06,24,MAGAZINES,21.0
2017-08-07,24,MAGAZINES,25.0
2017-08-08,24,MAGAZINES,7.0
2017-08-09,24,MAGAZINES,13.0
2017-08-10,24,MAGAZINES,9.0
2017-08-11,24,MAGAZINES,9.0
2017-08-12,24,MAGAZINES,15.0
2017-08-13,24,MAGAZINES,3.0
2017-08-14,24,MAGAZINES,19.0
2017-08-15,24,MAGAZINES,16.0
2017-08-02,24,MEATS,473.164
2017-08-03,24,MEATS,297.04102
2017-08-04,24,MEATS,661.685
2017-08-05,24,MEATS,478.164
2017-08-06,24,MEATS,387.55
2017-08-07,24,MEATS,377.931
2017-08-08,24,MEATS,321.037
2017-08-09,24,MEATS,432.086
2017-08-10,24,MEATS,340.118
2017-08-11,24,MEATS,609.059
2017-08-12,24,MEATS,405.397
2017-08-13,24,MEATS,291.282
2017-08-14,24,MEATS,356.361
2017-08-15,24,MEATS,397.13
2017-08-02,24,PERSONAL CARE,348.0
2017-08-03,24,PERSONAL CARE,271.0
2017-08-04,24,PERSONAL CARE,270.0
2017-08-05,24,PERSONAL CARE,353.0
2017-08-06,24,PERSONAL CARE,370.0
2017-08-07,24,PERSONAL CARE,293.0
2017-08-08,24,PERSONAL CARE,260.0
2017-08-09,24,PERSONAL CARE,272.0
2017-08-10,24,PERSONAL CARE,193.0
2017-08-11,24,PERSONAL CARE,251.0
2017-08-12,24,PERSONAL CARE,254.0
2017-08-13,24,PERSONAL CARE,244.0
2017-08-14,24,PERSONAL CARE,252.0
2017-08-15,24,PERSONAL CARE,257.0
2017-08-02,24,PET SUPPLIES,24.0
2017-08-03,24,PET SUPPLIES,8.0
2017-08-04,24,PET SUPPLIES,13.0
2017-08-05,24,PET SUPPLIES,22.0
2017-08-06,24,PET SUPPLIES,24.0
2017-08-07,24,PET SUPPLIES,19.0
2017-08-08,24,PET SUPPLIES,19.0
2017-08-09,24,PET SUPPLIES,7.0
2017-08-10,24,PET SUPPLIES,23.0
2017-08-11,24,PET SUPPLIES,14.0
2017-08-12,24,PET SUPPLIES,14.0
2017-08-13,24,PET SUPPLIES,13.0
2017-08-14,24,PET SUPPLIES,16.0
2017-08-15,24,PET SUPPLIES,22.0
2017-08-02,24,PLAYERS AND ELECTRONICS,18.0
2017-08-03,24,PLAYERS AND ELECTRONICS,7.0
2017-08-04,24,PLAYERS AND ELECTRONICS,2.0
2017-08-05,24,PLAYERS AND ELECTRONICS,4.0
2017-08-06,24,PLAYERS AND ELECTRONICS,10.0
2017-08-07,24,PLAYERS AND ELECTRONICS,10.0
2017-08-08,24,PLAYERS AND ELECTRONICS,9.0
2017-08-09,24,PLAYERS AND ELECTRONICS,5.0
2017-08-10,24,PLAYERS AND ELECTRONICS,14.0
2017-08-11,24,PLAYERS AND ELECTRONICS,11.0
2017-08-12,24,PLAYERS AND ELECTRONICS,17.0
2017-08-13,24,PLAYERS AND ELECTRONICS,10.0
2017-08-14,24,PLAYERS AND ELECTRONICS,7.0
2017-08-15,24,PLAYERS AND ELECTRONICS,8.0
2017-08-02,24,POULTRY,550.639
2017-08-03,24,POULTRY,461.978
2017-08-04,24,POULTRY,801.553
2017-08-05,24,POULTRY,575.557
2017-08-06,24,POULTRY,523.045
2017-08-07,24,POULTRY,498.987
2017-08-08,24,POULTRY,457.129
2017-08-09,24,POULTRY,533.535
2017-08-10,24,POULTRY,418.697
2017-08-11,24,POULTRY,605.144
2017-08-12,24,POULTRY,467.265
2017-08-13,24,POULTRY,399.215
2017-08-14,24,POULTRY,540.376
2017-08-15,24,POULTRY,513.652
2017-08-02,24,PREPARED FOODS,99.502
2017-08-03,24,PREPARED FOODS,77.691
2017-08-04,24,PREPARED FOODS,150.733
2017-08-05,24,PREPARED FOODS,164.168
2017-08-06,24,PREPARED FOODS,116.759995
2017-08-07,24,PREPARED FOODS,128.604
2017-08-08,24,PREPARED FOODS,111.148
2017-08-09,24,PREPARED FOODS,133.945
2017-08-10,24,PREPARED FOODS,94.067
2017-08-11,24,PREPARED FOODS,122.957
2017-08-12,24,PREPARED FOODS,115.483
2017-08-13,24,PREPARED FOODS,91.201004
2017-08-14,24,PREPARED FOODS,122.109
2017-08-15,24,PREPARED FOODS,103.035995
2017-08-02,24,PRODUCE,6222.76
2017-08-03,24,PRODUCE,2798.7031
2017-08-04,24,PRODUCE,3616.704
2017-08-05,24,PRODUCE,4199.5728
2017-08-06,24,PRODUCE,3493.484
2017-08-07,24,PRODUCE,3608.259
2017-08-08,24,PRODUCE,3127.175
2017-08-09,24,PRODUCE,5486.462
2017-08-10,24,PRODUCE,2751.405
2017-08-11,24,PRODUCE,3147.122
2017-08-12,24,PRODUCE,3206.822
2017-08-13,24,PRODUCE,3041.408
2017-08-14,24,PRODUCE,3589.886
2017-08-15,24,PRODUCE,3651.333
2017-08-02,24,SCHOOL AND OFFICE SUPPLIES,0.0
2017-08-03,24,SCHOOL AND OFFICE SUPPLIES,0.0
2017-08-04,24,SCHOOL AND OFFICE SUPPLIES,0.0
2017-08-05,24,SCHOOL AND OFFICE SUPPLIES,0.0
2017-08-06,24,SCHOOL AND OFFICE SUPPLIES,0.0
2017-08-07,24,SCHOOL AND OFFICE SUPPLIES,0.0
2017-08-08,24,SCHOOL AND OFFICE SUPPLIES,0.0
2017-08-09,24,SCHOOL AND OFFICE SUPPLIES,0.0
2017-08-10,24,SCHOOL AND OFFICE SUPPLIES,0.0
2017-08-11,24,SCHOOL AND OFFICE SUPPLIES,0.0
2017-08-12,24,SCHOOL AND OFFICE SUPPLIES,0.0
2017-08-13,24,SCHOOL AND OFFICE SUPPLIES,0.0
2017-08-14,24,SCHOOL AND OFFICE SUPPLIES,0.0
2017-08-15,24,SCHOOL AND OFFICE SUPPLIES,0.0
2017-08-02,24,SEAFOOD,25.27
2017-08-03,24,SEAFOOD,20.015
2017-08-04,24,SEAFOOD,45.767
2017-08-05,24,SEAFOOD,28.904999
2017-08-06,24,SEAFOOD,19.309
2017-08-07,24,SEAFOOD,20.469
2017-08-08,24,SEAFOOD,21.828001
2017-08-09,24,SEAFOOD,20.207
2017-08-10,24,SEAFOOD,14.918
2017-08-11,24,SEAFOOD,24.329
2017-08-12,24,SEAFOOD,35.414
2017-08-13,24,SEAFOOD,14.335
2017-08-14,24,SEAFOOD,28.54
2017-08-15,24,SEAFOOD,35.914
2017-08-02,25,AUTOMOTIVE,0.0
2017-08-03,25,AUTOMOTIVE,9.0
2017-08-04,25,AUTOMOTIVE,5.0
2017-08-05,25,AUTOMOTIVE,3.0
2017-08-06,25,AUTOMOTIVE,3.0
2017-08-07,25,AUTOMOTIVE,1.0
2017-08-08,25,AUTOMOTIVE,6.0
2017-08-09,25,AUTOMOTIVE,1.0
2017-08-10,25,AUTOMOTIVE,2.0
2017-08-11,25,AUTOMOTIVE,9.0
2017-08-12,25,AUTOMOTIVE,2.0
2017-08-13,25,AUTOMOTIVE,2.0
2017-08-14,25,AUTOMOTIVE,0.0
2017-08-15,25,AUTOMOTIVE,7.0
2017-08-02,25,BABY CARE,0.0
2017-08-03,25,BABY CARE,0.0
2017-08-04,25,BABY CARE,1.0
2017-08-05,25,BABY CARE,0.0
2017-08-06,25,BABY CARE,0.0
2017-08-07,25,BABY CARE,0.0
2017-08-08,25,BABY CARE,0.0
2017-08-09,25,BABY CARE,0.0
2017-08-10,25,BABY CARE,0.0
2017-08-11,25,BABY CARE,0.0
2017-08-12,25,BABY CARE,0.0
2017-08-13,25,BABY CARE,0.0
2017-08-14,25,BABY CARE,0.0
2017-08-15,25,BABY CARE,0.0
2017-08-02,25,BEAUTY,6.0
2017-08-03,25,BEAUTY,2.0
2017-08-04,25,BEAUTY,9.0
2017-08-05,25,BEAUTY,4.0
2017-08-06,25,BEAUTY,7.0
2017-08-07,25,BEAUTY,7.0
2017-08-08,25,BEAUTY,5.0
2017-08-09,25,BEAUTY,4.0
2017-08-10,25,BEAUTY,3.0
2017-08-11,25,BEAUTY,10.0
2017-08-12,25,BEAUTY,2.0
2017-08-13,25,BEAUTY,3.0
2017-08-14,25,BEAUTY,5.0
2017-08-15,25,BEAUTY,3.0
2017-08-02,25,BEVERAGES,1963.0
2017-08-03,25,BEVERAGES,1829.0
2017-08-04,25,BEVERAGES,2130.0
2017-08-05,25,BEVERAGES,2573.0
2017-08-06,25,BEVERAGES,2181.0
2017-08-07,25,BEVERAGES,1893.0
2017-08-08,25,BEVERAGES,1357.0
2017-08-09,25,BEVERAGES,1783.0
2017-08-10,25,BEVERAGES,3123.0
2017-08-11,25,BEVERAGES,6318.0
2017-08-12,25,BEVERAGES,4041.0
2017-08-13,25,BEVERAGES,2238.0
2017-08-14,25,BEVERAGES,2190.0
2017-08-15,25,BEVERAGES,1636.0
2017-08-02,25,BOOKS,0.0
2017-08-03,25,BOOKS,0.0
2017-08-04,25,BOOKS,0.0
2017-08-05,25,BOOKS,0.0
2017-08-06,25,BOOKS,0.0
2017-08-07,25,BOOKS,0.0
2017-08-08,25,BOOKS,0.0
2017-08-09,25,BOOKS,0.0
2017-08-10,25,BOOKS,0.0
2017-08-11,25,BOOKS,0.0
2017-08-12,25,BOOKS,0.0
2017-08-13,25,BOOKS,0.0
2017-08-14,25,BOOKS,0.0
2017-08-15,25,BOOKS,0.0
2017-08-02,25,BREAD/BAKERY,400.485
2017-08-03,25,BREAD/BAKERY,268.882
2017-08-04,25,BREAD/BAKERY,452.325
2017-08-05,25,BREAD/BAKERY,430.976
2017-08-06,25,BREAD/BAKERY,413.269
2017-08-07,25,BREAD/BAKERY,360.368
2017-08-08,25,BREAD/BAKERY,304.017
2017-08-09,25,BREAD/BAKERY,449.919
2017-08-10,25,BREAD/BAKERY,551.577
2017-08-11,25,BREAD/BAKERY,930.325
2017-08-12,25,BREAD/BAKERY,628.291
2017-08-13,25,BREAD/BAKERY,400.953
2017-08-14,25,BREAD/BAKERY,417.564
2017-08-15,25,BREAD/BAKERY,385.94
2017-08-02,25,CELEBRATION,5.0
2017-08-03,25,CELEBRATION,1.0
2017-08-04,25,CELEBRATION,8.0
2017-08-05,25,CELEBRATION,14.0
2017-08-06,25,CELEBRATION,9.0
2017-08-07,25,CELEBRATION,9.0
2017-08-08,25,CELEBRATION,4.0
2017-08-09,25,CELEBRATION,7.0
2017-08-10,25,CELEBRATION,7.0
2017-08-11,25,CELEBRATION,27.0
2017-08-12,25,CELEBRATION,26.0
2017-08-13,25,CELEBRATION,3.0
2017-08-14,25,CELEBRATION,5.0
2017-08-15,25,CELEBRATION,5.0
2017-08-02,25,CLEANING,509.0
2017-08-03,25,CLEANING,396.0
2017-08-04,25,CLEANING,409.0
2017-08-05,25,CLEANING,489.0
2017-08-06,25,CLEANING,366.0
2017-08-07,25,CLEANING,345.0
2017-08-08,25,CLEANING,320.0
2017-08-09,25,CLEANING,450.0
2017-08-10,25,CLEANING,570.0
2017-08-11,25,CLEANING,1070.0
2017-08-12,25,CLEANING,766.0
2017-08-13,25,CLEANING,449.0
2017-08-14,25,CLEANING,359.0
2017-08-15,25,CLEANING,312.0
2017-08-02,25,DAIRY,565.0
2017-08-03,25,DAIRY,466.0
2017-08-04,25,DAIRY,569.0
2017-08-05,25,DAIRY,713.0
2017-08-06,25,DAIRY,534.0
2017-08-07,25,DAIRY,564.0
2017-08-08,25,DAIRY,490.0
2017-08-09,25,DAIRY,623.0
2017-08-10,25,DAIRY,672.0
2017-08-11,25,DAIRY,1604.0
2017-08-12,25,DAIRY,1019.0
2017-08-13,25,DAIRY,658.0
2017-08-14,25,DAIRY,590.0
2017-08-15,25,DAIRY,484.0
2017-08-02,25,DELI,178.684
2017-08-03,25,DELI,121.538
2017-08-04,25,DELI,177.532
2017-08-05,25,DELI,170.305
2017-08-06,25,DELI,151.512
2017-08-07,25,DELI,121.036
2017-08-08,25,DELI,123.071
2017-08-09,25,DELI,149.992
2017-08-10,25,DELI,180.459
2017-08-11,25,DELI,308.133
2017-08-12,25,DELI,250.848
2017-08-13,25,DELI,180.484
2017-08-14,25,DELI,164.142
2017-08-15,25,DELI,102.582
2017-08-02,25,EGGS,120.0
2017-08-03,25,EGGS,111.0
2017-08-04,25,EGGS,122.0
2017-08-05,25,EGGS,157.0
2017-08-06,25,EGGS,117.0
2017-08-07,25,EGGS,131.0
2017-08-08,25,EGGS,102.0
2017-08-09,25,EGGS,124.0
2017-08-10,25,EGGS,189.0
2017-08-11,25,EGGS,386.0
2017-08-12,25,EGGS,190.0
2017-08-13,25,EGGS,117.0
2017-08-14,25,EGGS,138.0
2017-08-15,25,EGGS,104.0
2017-08-02,25,FROZEN FOODS,76.0
2017-08-03,25,FROZEN FOODS,68.0
2017-08-04,25,FROZEN FOODS,104.354004
2017-08-05,25,FROZEN FOODS,177.0
2017-08-06,25,FROZEN FOODS,91.31
2017-08-07,25,FROZEN FOODS,74.333
2017-08-08,25,FROZEN FOODS,69.325
2017-08-09,25,FROZEN FOODS,96.649
2017-08-10,25,FROZEN FOODS,140.0
2017-08-11,25,FROZEN FOODS,366.95
2017-08-12,25,FROZEN FOODS,417.3
2017-08-13,25,FROZEN FOODS,107.0
2017-08-14,25,FROZEN FOODS,94.766
2017-08-15,25,FROZEN FOODS,58.0
2017-08-02,25,GROCERY I,2221.0
2017-08-03,25,GROCERY I,1586.0
2017-08-04,25,GROCERY I,1982.0
2017-08-05,25,GROCERY I,2158.0
2017-08-06,25,GROCERY I,1915.0
2017-08-07,25,GROCERY I,1759.0
2017-08-08,25,GROCERY I,1361.0
2017-08-09,25,GROCERY I,1972.0
2017-08-10,25,GROCERY I,2154.0
2017-08-11,25,GROCERY I,4433.0
2017-08-12,25,GROCERY I,3061.0
2017-08-13,25,GROCERY I,1962.0
2017-08-14,25,GROCERY I,1764.0
2017-08-15,25,GROCERY I,1451.0
2017-08-02,25,GROCERY II,31.0
2017-08-03,25,GROCERY II,15.0
2017-08-04,25,GROCERY II,26.0
2017-08-05,25,GROCERY II,24.0
2017-08-06,25,GROCERY II,22.0
2017-08-07,25,GROCERY II,23.0
2017-08-08,25,GROCERY II,22.0
2017-08-09,25,GROCERY II,21.0
2017-08-10,25,GROCERY II,21.0
2017-08-11,25,GROCERY II,79.0
2017-08-12,25,GROCERY II,55.0
2017-08-13,25,GROCERY II,13.0
2017-08-14,25,GROCERY II,24.0
2017-08-15,25,GROCERY II,9.0
2017-08-02,25,HARDWARE,1.0
2017-08-03,25,HARDWARE,0.0
2017-08-04,25,HARDWARE,2.0
2017-08-05,25,HARDWARE,1.0
2017-08-06,25,HARDWARE,3.0
2017-08-07,25,HARDWARE,1.0
2017-08-08,25,HARDWARE,1.0
2017-08-09,25,HARDWARE,0.0
2017-08-10,25,HARDWARE,1.0
2017-08-11,25,HARDWARE,4.0
2017-08-12,25,HARDWARE,3.0
2017-08-13,25,HARDWARE,5.0
2017-08-14,25,HARDWARE,2.0
2017-08-15,25,HARDWARE,0.0
2017-08-02,25,HOME AND KITCHEN I,16.0
2017-08-03,25,HOME AND KITCHEN I,12.0
2017-08-04,25,HOME AND KITCHEN I,31.0
2017-08-05,25,HOME AND KITCHEN I,10.0
2017-08-06,25,HOME AND KITCHEN I,8.0
2017-08-07,25,HOME AND KITCHEN I,16.0
2017-08-08,25,HOME AND KITCHEN I,25.0
2017-08-09,25,HOME AND KITCHEN I,23.0
2017-08-10,25,HOME AND KITCHEN I,22.0
2017-08-11,25,HOME AND KITCHEN I,61.0
2017-08-12,25,HOME AND KITCHEN I,49.0
2017-08-13,25,HOME AND KITCHEN I,29.0
2017-08-14,25,HOME AND KITCHEN I,38.0
2017-08-15,25,HOME AND KITCHEN I,11.0
2017-08-02,25,HOME AND KITCHEN II,22.0
2017-08-03,25,HOME AND KITCHEN II,7.0
2017-08-04,25,HOME AND KITCHEN II,14.0
2017-08-05,25,HOME AND KITCHEN II,58.0
2017-08-06,25,HOME AND KITCHEN II,18.0
2017-08-07,25,HOME AND KITCHEN II,21.0
2017-08-08,25,HOME AND KITCHEN II,9.0
2017-08-09,25,HOME AND KITCHEN II,17.0
2017-08-10,25,HOME AND KITCHEN II,22.0
2017-08-11,25,HOME AND KITCHEN II,23.0
2017-08-12,25,HOME AND KITCHEN II,16.0
2017-08-13,25,HOME AND KITCHEN II,9.0
2017-08-14,25,HOME AND KITCHEN II,14.0
2017-08-15,25,HOME AND KITCHEN II,7.0
2017-08-02,25,HOME APPLIANCES,0.0
2017-08-03,25,HOME APPLIANCES,0.0
2017-08-04,25,HOME APPLIANCES,0.0
2017-08-05,25,HOME APPLIANCES,0.0
2017-08-06,25,HOME APPLIANCES,0.0
2017-08-07,25,HOME APPLIANCES,0.0
2017-08-08,25,HOME APPLIANCES,0.0
2017-08-09,25,HOME APPLIANCES,0.0
2017-08-10,25,HOME APPLIANCES,0.0
2017-08-11,25,HOME APPLIANCES,0.0
2017-08-12,25,HOME APPLIANCES,0.0
2017-08-13,25,HOME APPLIANCES,0.0
2017-08-14,25,HOME APPLIANCES,0.0
2017-08-15,25,HOME APPLIANCES,0.0
2017-08-02,25,HOME CARE,135.0
2017-08-03,25,HOME CARE,99.0
2017-08-04,25,HOME CARE,94.0
2017-08-05,25,HOME CARE,137.0
2017-08-06,25,HOME CARE,102.0
2017-08-07,25,HOME CARE,100.0
2017-08-08,25,HOME CARE,68.0
2017-08-09,25,HOME CARE,98.0
2017-08-10,25,HOME CARE,121.0
2017-08-11,25,HOME CARE,236.0
2017-08-12,25,HOME CARE,162.0
2017-08-13,25,HOME CARE,104.0
2017-08-14,25,HOME CARE,90.0
2017-08-15,25,HOME CARE,72.0
2017-08-02,25,LADIESWEAR,0.0
2017-08-03,25,LADIESWEAR,0.0
2017-08-04,25,LADIESWEAR,0.0
2017-08-05,25,LADIESWEAR,0.0
2017-08-06,25,LADIESWEAR,0.0
2017-08-07,25,LADIESWEAR,0.0
2017-08-08,25,LADIESWEAR,0.0
2017-08-09,25,LADIESWEAR,0.0
2017-08-10,25,LADIESWEAR,0.0
2017-08-11,25,LADIESWEAR,0.0
2017-08-12,25,LADIESWEAR,0.0
2017-08-13,25,LADIESWEAR,0.0
2017-08-14,25,LADIESWEAR,0.0
2017-08-15,25,LADIESWEAR,0.0
2017-08-02,25,LAWN AND GARDEN,35.0
2017-08-03,25,LAWN AND GARDEN,17.0
2017-08-04,25,LAWN AND GARDEN,15.0
2017-08-05,25,LAWN AND GARDEN,42.0
2017-08-06,25,LAWN AND GARDEN,18.0
2017-08-07,25,LAWN AND GARDEN,10.0
2017-08-08,25,LAWN AND GARDEN,8.0
2017-08-09,25,LAWN AND GARDEN,44.0
2017-08-10,25,LAWN AND GARDEN,31.0
2017-08-11,25,LAWN AND GARDEN,69.0
2017-08-12,25,LAWN AND GARDEN,40.0
2017-08-13,25,LAWN AND GARDEN,9.0
2017-08-14,25,LAWN AND GARDEN,13.0
2017-08-15,25,LAWN AND GARDEN,12.0
2017-08-02,25,LINGERIE,4.0
2017-08-03,25,LINGERIE,4.0
2017-08-04,25,LINGERIE,1.0
2017-08-05,25,LINGERIE,11.0
2017-08-06,25,LINGERIE,4.0
2017-08-07,25,LINGERIE,7.0
2017-08-08,25,LINGERIE,4.0
2017-08-09,25,LINGERIE,3.0
2017-08-10,25,LINGERIE,3.0
2017-08-11,25,LINGERIE,13.0
2017-08-12,25,LINGERIE,12.0
2017-08-13,25,LINGERIE,2.0
2017-08-14,25,LINGERIE,2.0
2017-08-15,25,LINGERIE,6.0
2017-08-02,25,"LIQUOR,WINE,BEER",200.0
2017-08-03,25,"LIQUOR,WINE,BEER",195.0
2017-08-04,25,"LIQUOR,WINE,BEER",179.0
2017-08-05,25,"LIQUOR,WINE,BEER",497.0
2017-08-06,25,"LIQUOR,WINE,BEER",114.0
2017-08-07,25,"LIQUOR,WINE,BEER",107.0
2017-08-08,25,"LIQUOR,WINE,BEER",255.0
2017-08-09,25,"LIQUOR,WINE,BEER",127.0
2017-08-10,25,"LIQUOR,WINE,BEER",422.0
2017-08-11,25,"LIQUOR,WINE,BEER",1109.0
2017-08-12,25,"LIQUOR,WINE,BEER",856.0
2017-08-13,25,"LIQUOR,WINE,BEER",208.0
2017-08-14,25,"LIQUOR,WINE,BEER",206.0
2017-08-15,25,"LIQUOR,WINE,BEER",96.0
2017-08-02,25,MAGAZINES,7.0
2017-08-03,25,MAGAZINES,1.0
2017-08-04,25,MAGAZINES,8.0
2017-08-05,25,MAGAZINES,8.0
2017-08-06,25,MAGAZINES,3.0
2017-08-07,25,MAGAZINES,7.0
2017-08-08,25,MAGAZINES,8.0
2017-08-09,25,MAGAZINES,3.0
2017-08-10,25,MAGAZINES,16.0
2017-08-11,25,MAGAZINES,50.0
2017-08-12,25,MAGAZINES,26.0
2017-08-13,25,MAGAZINES,12.0
2017-08-14,25,MAGAZINES,16.0
2017-08-15,25,MAGAZINES,10.0
2017-08-02,25,MEATS,285.04
2017-08-03,25,MEATS,134.467
2017-08-04,25,MEATS,508.35602
2017-08-05,25,MEATS,177.947
2017-08-06,25,MEATS,150.909
2017-08-07,25,MEATS,182.629
2017-08-08,25,MEATS,113.948
2017-08-09,25,MEATS,232.689
2017-08-10,25,MEATS,234.157
2017-08-11,25,MEATS,597.431
2017-08-12,25,MEATS,395.19598
2017-08-13,25,MEATS,169.441
2017-08-14,25,MEATS,156.883
2017-08-15,25,MEATS,180.107
2017-08-02,25,PERSONAL CARE,138.0
2017-08-03,25,PERSONAL CARE,111.0
2017-08-04,25,PERSONAL CARE,103.0
2017-08-05,25,PERSONAL CARE,134.0
2017-08-06,25,PERSONAL CARE,126.0
2017-08-07,25,PERSONAL CARE,103.0
2017-08-08,25,PERSONAL CARE,97.0
2017-08-09,25,PERSONAL CARE,110.0
2017-08-10,25,PERSONAL CARE,119.0
2017-08-11,25,PERSONAL CARE,257.0
2017-08-12,25,PERSONAL CARE,140.0
2017-08-13,25,PERSONAL CARE,114.0
2017-08-14,25,PERSONAL CARE,97.0
2017-08-15,25,PERSONAL CARE,93.0
2017-08-02,25,PET SUPPLIES,3.0
2017-08-03,25,PET SUPPLIES,5.0
2017-08-04,25,PET SUPPLIES,4.0
2017-08-05,25,PET SUPPLIES,11.0
2017-08-06,25,PET SUPPLIES,3.0
2017-08-07,25,PET SUPPLIES,9.0
2017-08-08,25,PET SUPPLIES,3.0
2017-08-09,25,PET SUPPLIES,10.0
2017-08-10,25,PET SUPPLIES,5.0
2017-08-11,25,PET SUPPLIES,13.0
2017-08-12,25,PET SUPPLIES,9.0
2017-08-13,25,PET SUPPLIES,4.0
2017-08-14,25,PET SUPPLIES,5.0
2017-08-15,25,PET SUPPLIES,3.0
2017-08-02,25,PLAYERS AND ELECTRONICS,6.0
2017-08-03,25,PLAYERS AND ELECTRONICS,9.0
2017-08-04,25,PLAYERS AND ELECTRONICS,9.0
2017-08-05,25,PLAYERS AND ELECTRONICS,8.0
2017-08-06,25,PLAYERS AND ELECTRONICS,19.0
2017-08-07,25,PLAYERS AND ELECTRONICS,5.0
2017-08-08,25,PLAYERS AND ELECTRONICS,8.0
2017-08-09,25,PLAYERS AND ELECTRONICS,1.0
2017-08-10,25,PLAYERS AND ELECTRONICS,7.0
2017-08-11,25,PLAYERS AND ELECTRONICS,20.0
2017-08-12,25,PLAYERS AND ELECTRONICS,6.0
2017-08-13,25,PLAYERS AND ELECTRONICS,1.0
2017-08-14,25,PLAYERS AND ELECTRONICS,8.0
2017-08-15,25,PLAYERS AND ELECTRONICS,3.0
2017-08-02,25,POULTRY,191.29001
2017-08-03,25,POULTRY,145.409
2017-08-04,25,POULTRY,308.922
2017-08-05,25,POULTRY,184.997
2017-08-06,25,POULTRY,174.483
2017-08-07,25,POULTRY,124.893
2017-08-08,25,POULTRY,138.095
2017-08-09,25,POULTRY,219.155
2017-08-10,25,POULTRY,249.468
2017-08-11,25,POULTRY,431.745
2017-08-12,25,POULTRY,230.031
2017-08-13,25,POULTRY,192.425
2017-08-14,25,POULTRY,194.46
2017-08-15,25,POULTRY,172.517
2017-08-02,25,PREPARED FOODS,47.066
2017-08-03,25,PREPARED FOODS,34.654
2017-08-04,25,PREPARED FOODS,57.714
2017-08-05,25,PREPARED FOODS,34.568
2017-08-06,25,PREPARED FOODS,34.138
2017-08-07,25,PREPARED FOODS,42.429
2017-08-08,25,PREPARED FOODS,30.088
2017-08-09,25,PREPARED FOODS,51.363
2017-08-10,25,PREPARED FOODS,47.055
2017-08-11,25,PREPARED FOODS,87.988
2017-08-12,25,PREPARED FOODS,69.976
2017-08-13,25,PREPARED FOODS,50.870003
2017-08-14,25,PREPARED FOODS,34.349
2017-08-15,25,PREPARED FOODS,25.468
2017-08-02,25,PRODUCE,2963.762
2017-08-03,25,PRODUCE,1223.852
2017-08-04,25,PRODUCE,1939.687
2017-08-05,25,PRODUCE,1679.222
2017-08-06,25,PRODUCE,1468.488
2017-08-07,25,PRODUCE,1498.66
2017-08-08,25,PRODUCE,1087.485
2017-08-09,25,PRODUCE,3086.091
2017-08-10,25,PRODUCE,1864.718
2017-08-11,25,PRODUCE,4266.269
2017-08-12,25,PRODUCE,2600.111
2017-08-13,25,PRODUCE,1518.425
2017-08-14,25,PRODUCE,1607.6901
2017-08-15,25,PRODUCE,1269.174
2017-08-02,25,SCHOOL AND OFFICE SUPPLIES,1.0
2017-08-03,25,SCHOOL AND OFFICE SUPPLIES,0.0
2017-08-04,25,SCHOOL AND OFFICE SUPPLIES,0.0
2017-08-05,25,SCHOOL AND OFFICE SUPPLIES,3.0
2017-08-06,25,SCHOOL AND OFFICE SUPPLIES,1.0
2017-08-07,25,SCHOOL AND OFFICE SUPPLIES,0.0
2017-08-08,25,SCHOOL AND OFFICE SUPPLIES,1.0
2017-08-09,25,SCHOOL AND OFFICE SUPPLIES,0.0
2017-08-10,25,SCHOOL AND OFFICE SUPPLIES,0.0
2017-08-11,25,SCHOOL AND OFFICE SUPPLIES,0.0
2017-08-12,25,SCHOOL AND OFFICE SUPPLIES,3.0
2017-08-13,25,SCHOOL AND OFFICE SUPPLIES,4.0
2017-08-14,25,SCHOOL AND OFFICE SUPPLIES,0.0
2017-08-15,25,SCHOOL AND OFFICE SUPPLIES,1.0
2017-08-02,25,SEAFOOD,6.0
2017-08-03,25,SEAFOOD,2.0
2017-08-04,25,SEAFOOD,7.0
2017-08-05,25,SEAFOOD,0.0
2017-08-06,25,SEAFOOD,7.0
2017-08-07,25,SEAFOOD,5.0
2017-08-08,25,SEAFOOD,5.0
2017-08-09,25,SEAFOOD,1.0
2017-08-10,25,SEAFOOD,4.0
2017-08-11,25,SEAFOOD,21.0
2017-08-12,25,SEAFOOD,15.0
2017-08-13,25,SEAFOOD,5.0
2017-08-14,25,SEAFOOD,9.0
2017-08-15,25,SEAFOOD,4.0
2017-08-02,26,AUTOMOTIVE,7.0
2017-08-03,26,AUTOMOTIVE,1.0
2017-08-04,26,AUTOMOTIVE,4.0
2017-08-05,26,AUTOMOTIVE,16.0
2017-08-06,26,AUTOMOTIVE,8.0
2017-08-07,26,AUTOMOTIVE,1.0
2017-08-08,26,AUTOMOTIVE,2.0
2017-08-09,26,AUTOMOTIVE,3.0
2017-08-10,26,AUTOMOTIVE,2.0
2017-08-11,26,AUTOMOTIVE,5.0
2017-08-12,26,AUTOMOTIVE,1.0
2017-08-13,26,AUTOMOTIVE,3.0
2017-08-14,26,AUTOMOTIVE,3.0
2017-08-15,26,AUTOMOTIVE,3.0
2017-08-02,26,BABY CARE,0.0
2017-08-03,26,BABY CARE,0.0
2017-08-04,26,BABY CARE,0.0
2017-08-05,26,BABY CARE,0.0
2017-08-06,26,BABY CARE,0.0
2017-08-07,26,BABY CARE,0.0
2017-08-08,26,BABY CARE,0.0
2017-08-09,26,BABY CARE,0.0
2017-08-10,26,BABY CARE,0.0
2017-08-11,26,BABY CARE,0.0
2017-08-12,26,BABY CARE,0.0
2017-08-13,26,BABY CARE,0.0
2017-08-14,26,BABY CARE,0.0
2017-08-15,26,BABY CARE,0.0
2017-08-02,26,BEAUTY,0.0
2017-08-03,26,BEAUTY,0.0
2017-08-04,26,BEAUTY,4.0
2017-08-05,26,BEAUTY,0.0
2017-08-06,26,BEAUTY,0.0
2017-08-07,26,BEAUTY,0.0
2017-08-08,26,BEAUTY,1.0
2017-08-09,26,BEAUTY,0.0
2017-08-10,26,BEAUTY,1.0
2017-08-11,26,BEAUTY,1.0
2017-08-12,26,BEAUTY,0.0
2017-08-13,26,BEAUTY,1.0
2017-08-14,26,BEAUTY,0.0
2017-08-15,26,BEAUTY,0.0
2017-08-02,26,BEVERAGES,1562.0
2017-08-03,26,BEVERAGES,515.0
2017-08-04,26,BEVERAGES,713.0
2017-08-05,26,BEVERAGES,1007.0
2017-08-06,26,BEVERAGES,1387.0
2017-08-07,26,BEVERAGES,755.0
2017-08-08,26,BEVERAGES,607.0
2017-08-09,26,BEVERAGES,549.0
2017-08-10,26,BEVERAGES,601.0
2017-08-11,26,BEVERAGES,668.0
2017-08-12,26,BEVERAGES,675.0
2017-08-13,26,BEVERAGES,1048.0
2017-08-14,26,BEVERAGES,553.0
2017-08-15,26,BEVERAGES,762.0
2017-08-02,26,BOOKS,0.0
2017-08-03,26,BOOKS,0.0
2017-08-04,26,BOOKS,0.0
2017-08-05,26,BOOKS,0.0
2017-08-06,26,BOOKS,0.0
2017-08-07,26,BOOKS,0.0
2017-08-08,26,BOOKS,0.0
2017-08-09,26,BOOKS,0.0
2017-08-10,26,BOOKS,0.0
2017-08-11,26,BOOKS,0.0
2017-08-12,26,BOOKS,0.0
2017-08-13,26,BOOKS,0.0
2017-08-14,26,BOOKS,0.0
2017-08-15,26,BOOKS,0.0
2017-08-02,26,BREAD/BAKERY,233.0
2017-08-03,26,BREAD/BAKERY,157.0
2017-08-04,26,BREAD/BAKERY,252.0
2017-08-05,26,BREAD/BAKERY,252.0
2017-08-06,26,BREAD/BAKERY,364.0
2017-08-07,26,BREAD/BAKERY,229.0
2017-08-08,26,BREAD/BAKERY,230.0
2017-08-09,26,BREAD/BAKERY,211.0
2017-08-10,26,BREAD/BAKERY,131.0
2017-08-11,26,BREAD/BAKERY,214.0
2017-08-12,26,BREAD/BAKERY,214.0
2017-08-13,26,BREAD/BAKERY,252.0
2017-08-14,26,BREAD/BAKERY,211.0
2017-08-15,26,BREAD/BAKERY,215.0
2017-08-02,26,CELEBRATION,6.0
2017-08-03,26,CELEBRATION,3.0
2017-08-04,26,CELEBRATION,6.0
2017-08-05,26,CELEBRATION,10.0
2017-08-06,26,CELEBRATION,2.0
2017-08-07,26,CELEBRATION,5.0
2017-08-08,26,CELEBRATION,3.0
2017-08-09,26,CELEBRATION,1.0
2017-08-10,26,CELEBRATION,1.0
2017-08-11,26,CELEBRATION,8.0
2017-08-12,26,CELEBRATION,5.0
2017-08-13,26,CELEBRATION,8.0
2017-08-14,26,CELEBRATION,6.0
2017-08-15,26,CELEBRATION,4.0
2017-08-02,26,CLEANING,560.0
2017-08-03,26,CLEANING,252.0
2017-08-04,26,CLEANING,405.0
2017-08-05,26,CLEANING,366.0
2017-08-06,26,CLEANING,464.0
2017-08-07,26,CLEANING,321.0
2017-08-08,26,CLEANING,220.0
2017-08-09,26,CLEANING,157.0
2017-08-10,26,CLEANING,240.0
2017-08-11,26,CLEANING,287.0
2017-08-12,26,CLEANING,234.0
2017-08-13,26,CLEANING,406.0
2017-08-14,26,CLEANING,206.0
2017-08-15,26,CLEANING,284.0
2017-08-02,26,DAIRY,310.0
2017-08-03,26,DAIRY,133.0
2017-08-04,26,DAIRY,221.0
2017-08-05,26,DAIRY,274.0
2017-08-06,26,DAIRY,428.0
2017-08-07,26,DAIRY,241.0
2017-08-08,26,DAIRY,133.0
2017-08-09,26,DAIRY,174.0
2017-08-10,26,DAIRY,160.0
2017-08-11,26,DAIRY,248.0
2017-08-12,26,DAIRY,253.0
2017-08-13,26,DAIRY,355.0
2017-08-14,26,DAIRY,203.0
2017-08-15,26,DAIRY,263.0
2017-08-02,26,DELI,88.296
2017-08-03,26,DELI,37.174
2017-08-04,26,DELI,95.202
2017-08-05,26,DELI,106.358
2017-08-06,26,DELI,154.839
2017-08-07,26,DELI,75.146
2017-08-08,26,DELI,65.024
2017-08-09,26,DELI,48.8
2017-08-10,26,DELI,39.784
2017-08-11,26,DELI,116.474
2017-08-12,26,DELI,70.279
2017-08-13,26,DELI,105.751
2017-08-14,26,DELI,82.487
2017-08-15,26,DELI,92.42
2017-08-02,26,EGGS,46.0
2017-08-03,26,EGGS,24.0
2017-08-04,26,EGGS,37.0
2017-08-05,26,EGGS,42.0
2017-08-06,26,EGGS,64.0
2017-08-07,26,EGGS,42.0
2017-08-08,26,EGGS,29.0
2017-08-09,26,EGGS,20.0
2017-08-10,26,EGGS,20.0
2017-08-11,26,EGGS,42.0
2017-08-12,26,EGGS,30.0
2017-08-13,26,EGGS,41.0
2017-08-14,26,EGGS,22.0
2017-08-15,26,EGGS,36.0
2017-08-02,26,FROZEN FOODS,20.0
2017-08-03,26,FROZEN FOODS,47.0
2017-08-04,26,FROZEN FOODS,17.0
2017-08-05,26,FROZEN FOODS,59.598
2017-08-06,26,FROZEN FOODS,54.065
2017-08-07,26,FROZEN FOODS,14.0
2017-08-08,26,FROZEN FOODS,34.324
2017-08-09,26,FROZEN FOODS,26.0
2017-08-10,26,FROZEN FOODS,12.0
2017-08-11,26,FROZEN FOODS,76.027
2017-08-12,26,FROZEN FOODS,24.0
2017-08-13,26,FROZEN FOODS,41.0
2017-08-14,26,FROZEN FOODS,33.805
2017-08-15,26,FROZEN FOODS,25.0
2017-08-02,26,GROCERY I,2229.0
2017-08-03,26,GROCERY I,1030.0
2017-08-04,26,GROCERY I,1379.0
2017-08-05,26,GROCERY I,1621.0
2017-08-06,26,GROCERY I,2245.0
2017-08-07,26,GROCERY I,1252.0
2017-08-08,26,GROCERY I,939.0
2017-08-09,26,GROCERY I,901.0
2017-08-10,26,GROCERY I,997.0
2017-08-11,26,GROCERY I,1452.0
2017-08-12,26,GROCERY I,1083.0
2017-08-13,26,GROCERY I,1661.0
2017-08-14,26,GROCERY I,1069.0
2017-08-15,26,GROCERY I,1100.0
2017-08-02,26,GROCERY II,48.0
2017-08-03,26,GROCERY II,9.0
2017-08-04,26,GROCERY II,12.0
2017-08-05,26,GROCERY II,8.0
2017-08-06,26,GROCERY II,11.0
2017-08-07,26,GROCERY II,5.0
2017-08-08,26,GROCERY II,13.0
2017-08-09,26,GROCERY II,0.0
2017-08-10,26,GROCERY II,2.0
2017-08-11,26,GROCERY II,5.0
2017-08-12,26,GROCERY II,4.0
2017-08-13,26,GROCERY II,0.0
2017-08-14,26,GROCERY II,6.0
2017-08-15,26,GROCERY II,3.0
2017-08-02,26,HARDWARE,0.0
2017-08-03,26,HARDWARE,0.0
2017-08-04,26,HARDWARE,2.0
2017-08-05,26,HARDWARE,0.0
2017-08-06,26,HARDWARE,1.0
2017-08-07,26,HARDWARE,0.0
2017-08-08,26,HARDWARE,0.0
2017-08-09,26,HARDWARE,1.0
2017-08-10,26,HARDWARE,0.0
2017-08-11,26,HARDWARE,0.0
2017-08-12,26,HARDWARE,1.0
2017-08-13,26,HARDWARE,2.0
2017-08-14,26,HARDWARE,0.0
2017-08-15,26,HARDWARE,0.0
2017-08-02,26,HOME AND KITCHEN I,16.0
2017-08-03,26,HOME AND KITCHEN I,11.0
2017-08-04,26,HOME AND KITCHEN I,22.0
2017-08-05,26,HOME AND KITCHEN I,14.0
2017-08-06,26,HOME AND KITCHEN I,16.0
2017-08-07,26,HOME AND KITCHEN I,13.0
2017-08-08,26,HOME AND KITCHEN I,0.0
2017-08-09,26,HOME AND KITCHEN I,5.0
2017-08-10,26,HOME AND KITCHEN I,3.0
2017-08-11,26,HOME AND KITCHEN I,13.0
2017-08-12,26,HOME AND KITCHEN I,12.0
2017-08-13,26,HOME AND KITCHEN I,12.0
2017-08-14,26,HOME AND KITCHEN I,3.0
2017-08-15,26,HOME AND KITCHEN I,12.0
2017-08-02,26,HOME AND KITCHEN II,16.0
2017-08-03,26,HOME AND KITCHEN II,8.0
2017-08-04,26,HOME AND KITCHEN II,8.0
2017-08-05,26,HOME AND KITCHEN II,6.0
2017-08-06,26,HOME AND KITCHEN II,14.0
2017-08-07,26,HOME AND KITCHEN II,2.0
2017-08-08,26,HOME AND KITCHEN II,8.0
2017-08-09,26,HOME AND KITCHEN II,11.0
2017-08-10,26,HOME AND KITCHEN II,3.0
2017-08-11,26,HOME AND KITCHEN II,8.0
2017-08-12,26,HOME AND KITCHEN II,9.0
2017-08-13,26,HOME AND KITCHEN II,10.0
2017-08-14,26,HOME AND KITCHEN II,4.0
2017-08-15,26,HOME AND KITCHEN II,6.0
2017-08-02,26,HOME APPLIANCES,0.0
2017-08-03,26,HOME APPLIANCES,0.0
2017-08-04,26,HOME APPLIANCES,0.0
2017-08-05,26,HOME APPLIANCES,1.0
2017-08-06,26,HOME APPLIANCES,2.0
2017-08-07,26,HOME APPLIANCES,1.0
2017-08-08,26,HOME APPLIANCES,0.0
2017-08-09,26,HOME APPLIANCES,0.0
2017-08-10,26,HOME APPLIANCES,0.0
2017-08-11,26,HOME APPLIANCES,1.0
2017-08-12,26,HOME APPLIANCES,0.0
2017-08-13,26,HOME APPLIANCES,0.0
2017-08-14,26,HOME APPLIANCES,0.0
2017-08-15,26,HOME APPLIANCES,0.0
2017-08-02,26,HOME CARE,122.0
2017-08-03,26,HOME CARE,63.0
2017-08-04,26,HOME CARE,73.0
2017-08-05,26,HOME CARE,93.0
2017-08-06,26,HOME CARE,124.0
2017-08-07,26,HOME CARE,74.0
2017-08-08,26,HOME CARE,51.0
2017-08-09,26,HOME CARE,33.0
2017-08-10,26,HOME CARE,57.0
2017-08-11,26,HOME CARE,61.0
2017-08-12,26,HOME CARE,62.0
2017-08-13,26,HOME CARE,93.0
2017-08-14,26,HOME CARE,46.0
2017-08-15,26,HOME CARE,79.0
2017-08-02,26,LADIESWEAR,0.0
2017-08-03,26,LADIESWEAR,0.0
2017-08-04,26,LADIESWEAR,0.0
2017-08-05,26,LADIESWEAR,1.0
2017-08-06,26,LADIESWEAR,0.0
2017-08-07,26,LADIESWEAR,0.0
2017-08-08,26,LADIESWEAR,0.0
2017-08-09,26,LADIESWEAR,0.0
2017-08-10,26,LADIESWEAR,0.0
2017-08-11,26,LADIESWEAR,0.0
2017-08-12,26,LADIESWEAR,0.0
2017-08-13,26,LADIESWEAR,0.0
2017-08-14,26,LADIESWEAR,0.0
2017-08-15,26,LADIESWEAR,0.0
2017-08-02,26,LAWN AND GARDEN,9.0
2017-08-03,26,LAWN AND GARDEN,5.0
2017-08-04,26,LAWN AND GARDEN,21.0
2017-08-05,26,LAWN AND GARDEN,10.0
2017-08-06,26,LAWN AND GARDEN,16.0
2017-08-07,26,LAWN AND GARDEN,10.0
2017-08-08,26,LAWN AND GARDEN,3.0
2017-08-09,26,LAWN AND GARDEN,2.0
2017-08-10,26,LAWN AND GARDEN,13.0
2017-08-11,26,LAWN AND GARDEN,3.0
2017-08-12,26,LAWN AND GARDEN,3.0
2017-08-13,26,LAWN AND GARDEN,12.0
2017-08-14,26,LAWN AND GARDEN,5.0
2017-08-15,26,LAWN AND GARDEN,0.0
2017-08-02,26,LINGERIE,0.0
2017-08-03,26,LINGERIE,2.0
2017-08-04,26,LINGERIE,1.0
2017-08-05,26,LINGERIE,2.0
2017-08-06,26,LINGERIE,2.0
2017-08-07,26,LINGERIE,0.0
2017-08-08,26,LINGERIE,3.0
2017-08-09,26,LINGERIE,0.0
2017-08-10,26,LINGERIE,0.0
2017-08-11,26,LINGERIE,1.0
2017-08-12,26,LINGERIE,0.0
2017-08-13,26,LINGERIE,1.0
2017-08-14,26,LINGERIE,0.0
2017-08-15,26,LINGERIE,0.0
2017-08-02,26,"LIQUOR,WINE,BEER",21.0
2017-08-03,26,"LIQUOR,WINE,BEER",17.0
2017-08-04,26,"LIQUOR,WINE,BEER",22.0
2017-08-05,26,"LIQUOR,WINE,BEER",57.0
2017-08-06,26,"LIQUOR,WINE,BEER",27.0
2017-08-07,26,"LIQUOR,WINE,BEER",10.0
2017-08-08,26,"LIQUOR,WINE,BEER",7.0
2017-08-09,26,"LIQUOR,WINE,BEER",19.0
2017-08-10,26,"LIQUOR,WINE,BEER",36.0
2017-08-11,26,"LIQUOR,WINE,BEER",49.0
2017-08-12,26,"LIQUOR,WINE,BEER",41.0
2017-08-13,26,"LIQUOR,WINE,BEER",20.0
2017-08-14,26,"LIQUOR,WINE,BEER",6.0
2017-08-15,26,"LIQUOR,WINE,BEER",9.0
2017-08-02,26,MAGAZINES,0.0
2017-08-03,26,MAGAZINES,0.0
2017-08-04,26,MAGAZINES,0.0
2017-08-05,26,MAGAZINES,0.0
2017-08-06,26,MAGAZINES,0.0
2017-08-07,26,MAGAZINES,0.0
2017-08-08,26,MAGAZINES,1.0
2017-08-09,26,MAGAZINES,0.0
2017-08-10,26,MAGAZINES,0.0
2017-08-11,26,MAGAZINES,0.0
2017-08-12,26,MAGAZINES,1.0
2017-08-13,26,MAGAZINES,0.0
2017-08-14,26,MAGAZINES,0.0
2017-08-15,26,MAGAZINES,0.0
2017-08-02,26,MEATS,290.316
2017-08-03,26,MEATS,192.241
2017-08-04,26,MEATS,399.599
2017-08-05,26,MEATS,272.818
2017-08-06,26,MEATS,420.884
2017-08-07,26,MEATS,231.872
2017-08-08,26,MEATS,174.925
2017-08-09,26,MEATS,184.173
2017-08-10,26,MEATS,194.382
2017-08-11,26,MEATS,503.869
2017-08-12,26,MEATS,261.386
2017-08-13,26,MEATS,286.219
2017-08-14,26,MEATS,226.395
2017-08-15,26,MEATS,165.26
2017-08-02,26,PERSONAL CARE,142.0
2017-08-03,26,PERSONAL CARE,110.0
2017-08-04,26,PERSONAL CARE,105.0
2017-08-05,26,PERSONAL CARE,154.0
2017-08-06,26,PERSONAL CARE,167.0
2017-08-07,26,PERSONAL CARE,90.0
2017-08-08,26,PERSONAL CARE,92.0
2017-08-09,26,PERSONAL CARE,61.0
2017-08-10,26,PERSONAL CARE,61.0
2017-08-11,26,PERSONAL CARE,110.0
2017-08-12,26,PERSONAL CARE,101.0
2017-08-13,26,PERSONAL CARE,128.0
2017-08-14,26,PERSONAL CARE,64.0
2017-08-15,26,PERSONAL CARE,118.0
2017-08-02,26,PET SUPPLIES,1.0
2017-08-03,26,PET SUPPLIES,1.0
2017-08-04,26,PET SUPPLIES,1.0
2017-08-05,26,PET SUPPLIES,5.0
2017-08-06,26,PET SUPPLIES,1.0
2017-08-07,26,PET SUPPLIES,2.0
2017-08-08,26,PET SUPPLIES,3.0
2017-08-09,26,PET SUPPLIES,2.0
2017-08-10,26,PET SUPPLIES,1.0
2017-08-11,26,PET SUPPLIES,4.0
2017-08-12,26,PET SUPPLIES,4.0
2017-08-13,26,PET SUPPLIES,0.0
2017-08-14,26,PET SUPPLIES,3.0
2017-08-15,26,PET SUPPLIES,2.0
2017-08-02,26,PLAYERS AND ELECTRONICS,4.0
2017-08-03,26,PLAYERS AND ELECTRONICS,2.0
2017-08-04,26,PLAYERS AND ELECTRONICS,3.0
2017-08-05,26,PLAYERS AND ELECTRONICS,4.0
2017-08-06,26,PLAYERS AND ELECTRONICS,5.0
2017-08-07,26,PLAYERS AND ELECTRONICS,1.0
2017-08-08,26,PLAYERS AND ELECTRONICS,1.0
2017-08-09,26,PLAYERS AND ELECTRONICS,0.0
2017-08-10,26,PLAYERS AND ELECTRONICS,1.0
2017-08-11,26,PLAYERS AND ELECTRONICS,3.0
2017-08-12,26,PLAYERS AND ELECTRONICS,2.0
2017-08-13,26,PLAYERS AND ELECTRONICS,2.0
2017-08-14,26,PLAYERS AND ELECTRONICS,2.0
2017-08-15,26,PLAYERS AND ELECTRONICS,0.0
2017-08-02,26,POULTRY,146.345
2017-08-03,26,POULTRY,100.149
2017-08-04,26,POULTRY,273.061
2017-08-05,26,POULTRY,163.174
2017-08-06,26,POULTRY,251.33
2017-08-07,26,POULTRY,88.03
2017-08-08,26,POULTRY,101.557
2017-08-09,26,POULTRY,104.133995
2017-08-10,26,POULTRY,103.881996
2017-08-11,26,POULTRY,273.818
2017-08-12,26,POULTRY,160.717
2017-08-13,26,POULTRY,114.663
2017-08-14,26,POULTRY,136.362
2017-08-15,26,POULTRY,118.622
2017-08-02,26,PREPARED FOODS,32.0
2017-08-03,26,PREPARED FOODS,12.0
2017-08-04,26,PREPARED FOODS,30.0
2017-08-05,26,PREPARED FOODS,29.0
2017-08-06,26,PREPARED FOODS,33.0
2017-08-07,26,PREPARED FOODS,18.0
2017-08-08,26,PREPARED FOODS,56.0
2017-08-09,26,PREPARED FOODS,23.0
2017-08-10,26,PREPARED FOODS,12.0
2017-08-11,26,PREPARED FOODS,22.0
2017-08-12,26,PREPARED FOODS,17.0
2017-08-13,26,PREPARED FOODS,43.0
2017-08-14,26,PREPARED FOODS,19.0
2017-08-15,26,PREPARED FOODS,18.0
2017-08-02,26,PRODUCE,1127.937
2017-08-03,26,PRODUCE,307.267
2017-08-04,26,PRODUCE,552.813
2017-08-05,26,PRODUCE,543.679
2017-08-06,26,PRODUCE,622.408
2017-08-07,26,PRODUCE,442.79
2017-08-08,26,PRODUCE,355.541
2017-08-09,26,PRODUCE,919.624
2017-08-10,26,PRODUCE,318.202
2017-08-11,26,PRODUCE,663.417
2017-08-12,26,PRODUCE,431.246
2017-08-13,26,PRODUCE,526.365
2017-08-14,26,PRODUCE,343.082
2017-08-15,26,PRODUCE,377.595
2017-08-02,26,SCHOOL AND OFFICE SUPPLIES,2.0
2017-08-03,26,SCHOOL AND OFFICE SUPPLIES,0.0
2017-08-04,26,SCHOOL AND OFFICE SUPPLIES,0.0
2017-08-05,26,SCHOOL AND OFFICE SUPPLIES,1.0
2017-08-06,26,SCHOOL AND OFFICE SUPPLIES,0.0
2017-08-07,26,SCHOOL AND OFFICE SUPPLIES,1.0
2017-08-08,26,SCHOOL AND OFFICE SUPPLIES,0.0
2017-08-09,26,SCHOOL AND OFFICE SUPPLIES,0.0
2017-08-10,26,SCHOOL AND OFFICE SUPPLIES,1.0
2017-08-11,26,SCHOOL AND OFFICE SUPPLIES,4.0
2017-08-12,26,SCHOOL AND OFFICE SUPPLIES,0.0
2017-08-13,26,SCHOOL AND OFFICE SUPPLIES,0.0
2017-08-14,26,SCHOOL AND OFFICE SUPPLIES,1.0
2017-08-15,26,SCHOOL AND OFFICE SUPPLIES,0.0
2017-08-02,26,SEAFOOD,6.0
2017-08-03,26,SEAFOOD,6.0
2017-08-04,26,SEAFOOD,1.0
2017-08-05,26,SEAFOOD,4.0
2017-08-06,26,SEAFOOD,8.0
2017-08-07,26,SEAFOOD,1.0
2017-08-08,26,SEAFOOD,3.0
2017-08-09,26,SEAFOOD,2.0
2017-08-10,26,SEAFOOD,1.0
2017-08-11,26,SEAFOOD,1.0
2017-08-12,26,SEAFOOD,5.0
2017-08-13,26,SEAFOOD,1.0
2017-08-14,26,SEAFOOD,1.0
2017-08-15,26,SEAFOOD,2.0
2017-08-02,27,AUTOMOTIVE,8.0
2017-08-03,27,AUTOMOTIVE,3.0
2017-08-04,27,AUTOMOTIVE,2.0
2017-08-05,27,AUTOMOTIVE,10.0
2017-08-06,27,AUTOMOTIVE,18.0
2017-08-07,27,AUTOMOTIVE,6.0
2017-08-08,27,AUTOMOTIVE,7.0
2017-08-09,27,AUTOMOTIVE,5.0
2017-08-10,27,AUTOMOTIVE,1.0
2017-08-11,27,AUTOMOTIVE,9.0
2017-08-12,27,AUTOMOTIVE,12.0
2017-08-13,27,AUTOMOTIVE,8.0
2017-08-14,27,AUTOMOTIVE,9.0
2017-08-15,27,AUTOMOTIVE,5.0
2017-08-02,27,BABY CARE,0.0
2017-08-03,27,BABY CARE,0.0
2017-08-04,27,BABY CARE,0.0
2017-08-05,27,BABY CARE,0.0
2017-08-06,27,BABY CARE,0.0
2017-08-07,27,BABY CARE,0.0
2017-08-08,27,BABY CARE,0.0
2017-08-09,27,BABY CARE,4.0
2017-08-10,27,BABY CARE,0.0
2017-08-11,27,BABY CARE,0.0
2017-08-12,27,BABY CARE,0.0
2017-08-13,27,BABY CARE,0.0
2017-08-14,27,BABY CARE,0.0
2017-08-15,27,BABY CARE,1.0
2017-08-02,27,BEAUTY,3.0
2017-08-03,27,BEAUTY,5.0
2017-08-04,27,BEAUTY,5.0
2017-08-05,27,BEAUTY,2.0
2017-08-06,27,BEAUTY,6.0
2017-08-07,27,BEAUTY,6.0
2017-08-08,27,BEAUTY,1.0
2017-08-09,27,BEAUTY,4.0
2017-08-10,27,BEAUTY,2.0
2017-08-11,27,BEAUTY,3.0
2017-08-12,27,BEAUTY,3.0
2017-08-13,27,BEAUTY,2.0
2017-08-14,27,BEAUTY,1.0
2017-08-15,27,BEAUTY,3.0
2017-08-02,27,BEVERAGES,3171.0
2017-08-03,27,BEVERAGES,2226.0
2017-08-04,27,BEVERAGES,2399.0
2017-08-05,27,BEVERAGES,3570.0
2017-08-06,27,BEVERAGES,5172.0
2017-08-07,27,BEVERAGES,2976.0
2017-08-08,27,BEVERAGES,2188.0
2017-08-09,27,BEVERAGES,2285.0
2017-08-10,27,BEVERAGES,2002.0
2017-08-11,27,BEVERAGES,3480.0
2017-08-12,27,BEVERAGES,3112.0
2017-08-13,27,BEVERAGES,4392.0
2017-08-14,27,BEVERAGES,3381.0
2017-08-15,27,BEVERAGES,2877.0
2017-08-02,27,BOOKS,0.0
2017-08-03,27,BOOKS,0.0
2017-08-04,27,BOOKS,0.0
2017-08-05,27,BOOKS,0.0
2017-08-06,27,BOOKS,0.0
2017-08-07,27,BOOKS,0.0
2017-08-08,27,BOOKS,0.0
2017-08-09,27,BOOKS,0.0
2017-08-10,27,BOOKS,0.0
2017-08-11,27,BOOKS,0.0
2017-08-12,27,BOOKS,0.0
2017-08-13,27,BOOKS,1.0
2017-08-14,27,BOOKS,0.0
2017-08-15,27,BOOKS,0.0
2017-08-02,27,BREAD/BAKERY,733.344
2017-08-03,27,BREAD/BAKERY,499.004
2017-08-04,27,BREAD/BAKERY,493.67902
2017-08-05,27,BREAD/BAKERY,598.553
2017-08-06,27,BREAD/BAKERY,1149.579
2017-08-07,27,BREAD/BAKERY,709.216
2017-08-08,27,BREAD/BAKERY,475.312
2017-08-09,27,BREAD/BAKERY,520.175
2017-08-10,27,BREAD/BAKERY,387.6
2017-08-11,27,BREAD/BAKERY,621.936
2017-08-12,27,BREAD/BAKERY,570.498
2017-08-13,27,BREAD/BAKERY,905.246
2017-08-14,27,BREAD/BAKERY,662.259
2017-08-15,27,BREAD/BAKERY,637.12
2017-08-02,27,CELEBRATION,11.0
2017-08-03,27,CELEBRATION,13.0
2017-08-04,27,CELEBRATION,8.0
2017-08-05,27,CELEBRATION,30.0
2017-08-06,27,CELEBRATION,12.0
2017-08-07,27,CELEBRATION,19.0
2017-08-08,27,CELEBRATION,14.0
2017-08-09,27,CELEBRATION,3.0
2017-08-10,27,CELEBRATION,18.0
2017-08-11,27,CELEBRATION,40.0
2017-08-12,27,CELEBRATION,18.0
2017-08-13,27,CELEBRATION,10.0
2017-08-14,27,CELEBRATION,15.0
2017-08-15,27,CELEBRATION,16.0
2017-08-02,27,CLEANING,1175.0
2017-08-03,27,CLEANING,559.0
2017-08-04,27,CLEANING,636.0
2017-08-05,27,CLEANING,870.0
2017-08-06,27,CLEANING,1078.0
2017-08-07,27,CLEANING,830.0
2017-08-08,27,CLEANING,609.0
2017-08-09,27,CLEANING,707.0
2017-08-10,27,CLEANING,591.0
2017-08-11,27,CLEANING,885.0
2017-08-12,27,CLEANING,709.0
2017-08-13,27,CLEANING,1025.0
2017-08-14,27,CLEANING,877.0
2017-08-15,27,CLEANING,937.0
2017-08-02,27,DAIRY,1062.0
2017-08-03,27,DAIRY,869.0
2017-08-04,27,DAIRY,791.0
2017-08-05,27,DAIRY,1053.0
2017-08-06,27,DAIRY,1677.0
2017-08-07,27,DAIRY,1142.0
2017-08-08,27,DAIRY,794.0
2017-08-09,27,DAIRY,766.0
2017-08-10,27,DAIRY,683.0
2017-08-11,27,DAIRY,1124.0
2017-08-12,27,DAIRY,972.0
2017-08-13,27,DAIRY,1461.0
2017-08-14,27,DAIRY,1040.0
2017-08-15,27,DAIRY,885.0
2017-08-02,27,DELI,305.986
2017-08-03,27,DELI,196.395
2017-08-04,27,DELI,253.005
2017-08-05,27,DELI,319.235
2017-08-06,27,DELI,472.249
2017-08-07,27,DELI,278.699
2017-08-08,27,DELI,205.687
2017-08-09,27,DELI,248.512
2017-08-10,27,DELI,242.407
2017-08-11,27,DELI,296.887
2017-08-12,27,DELI,304.43
2017-08-13,27,DELI,415.794
2017-08-14,27,DELI,282.926
2017-08-15,27,DELI,311.631
2017-08-02,27,EGGS,273.0
2017-08-03,27,EGGS,178.0
2017-08-04,27,EGGS,200.0
2017-08-05,27,EGGS,260.0
2017-08-06,27,EGGS,356.0
2017-08-07,27,EGGS,254.0
2017-08-08,27,EGGS,160.0
2017-08-09,27,EGGS,228.0
2017-08-10,27,EGGS,188.0
2017-08-11,27,EGGS,256.0
2017-08-12,27,EGGS,240.0
2017-08-13,27,EGGS,323.0
2017-08-14,27,EGGS,250.0
2017-08-15,27,EGGS,233.0
2017-08-02,27,FROZEN FOODS,122.0
2017-08-03,27,FROZEN FOODS,98.811
2017-08-04,27,FROZEN FOODS,144.793
2017-08-05,27,FROZEN FOODS,247.687
2017-08-06,27,FROZEN FOODS,169.0
2017-08-07,27,FROZEN FOODS,99.486
2017-08-08,27,FROZEN FOODS,83.22
2017-08-09,27,FROZEN FOODS,104.814
2017-08-10,27,FROZEN FOODS,109.112
2017-08-11,27,FROZEN FOODS,245.423
2017-08-12,27,FROZEN FOODS,275.0
2017-08-13,27,FROZEN FOODS,159.892
2017-08-14,27,FROZEN FOODS,90.294
2017-08-15,27,FROZEN FOODS,103.0
2017-08-02,27,GROCERY I,4117.0
2017-08-03,27,GROCERY I,2658.0
2017-08-04,27,GROCERY I,3184.0
2017-08-05,27,GROCERY I,4301.0
2017-08-06,27,GROCERY I,5870.0
2017-08-07,27,GROCERY I,3977.0
2017-08-08,27,GROCERY I,2859.0
2017-08-09,27,GROCERY I,3078.0
2017-08-10,27,GROCERY I,2606.0
2017-08-11,27,GROCERY I,4149.0
2017-08-12,27,GROCERY I,3540.0
2017-08-13,27,GROCERY I,5220.0
2017-08-14,27,GROCERY I,4155.0
2017-08-15,27,GROCERY I,3731.0
2017-08-02,27,GROCERY II,39.0
2017-08-03,27,GROCERY II,21.0
2017-08-04,27,GROCERY II,30.0
2017-08-05,27,GROCERY II,37.0
2017-08-06,27,GROCERY II,56.0
2017-08-07,27,GROCERY II,32.0
2017-08-08,27,GROCERY II,22.0
2017-08-09,27,GROCERY II,27.0
2017-08-10,27,GROCERY II,30.0
2017-08-11,27,GROCERY II,57.0
2017-08-12,27,GROCERY II,25.0
2017-08-13,27,GROCERY II,37.0
2017-08-14,27,GROCERY II,55.0
2017-08-15,27,GROCERY II,37.0
2017-08-02,27,HARDWARE,3.0
2017-08-03,27,HARDWARE,2.0
2017-08-04,27,HARDWARE,0.0
2017-08-05,27,HARDWARE,1.0
2017-08-06,27,HARDWARE,2.0
2017-08-07,27,HARDWARE,2.0
2017-08-08,27,HARDWARE,1.0
2017-08-09,27,HARDWARE,1.0
2017-08-10,27,HARDWARE,2.0
2017-08-11,27,HARDWARE,4.0
2017-08-12,27,HARDWARE,6.0
2017-08-13,27,HARDWARE,8.0
2017-08-14,27,HARDWARE,1.0
2017-08-15,27,HARDWARE,7.0
2017-08-02,27,HOME AND KITCHEN I,27.0
2017-08-03,27,HOME AND KITCHEN I,20.0
2017-08-04,27,HOME AND KITCHEN I,14.0
2017-08-05,27,HOME AND KITCHEN I,16.0
2017-08-06,27,HOME AND KITCHEN I,21.0
2017-08-07,27,HOME AND KITCHEN I,16.0
2017-08-08,27,HOME AND KITCHEN I,14.0
2017-08-09,27,HOME AND KITCHEN I,12.0
2017-08-10,27,HOME AND KITCHEN I,25.0
2017-08-11,27,HOME AND KITCHEN I,43.0
2017-08-12,27,HOME AND KITCHEN I,13.0
2017-08-13,27,HOME AND KITCHEN I,28.0
2017-08-14,27,HOME AND KITCHEN I,9.0
2017-08-15,27,HOME AND KITCHEN I,19.0
2017-08-02,27,HOME AND KITCHEN II,16.0
2017-08-03,27,HOME AND KITCHEN II,26.0
2017-08-04,27,HOME AND KITCHEN II,17.0
2017-08-05,27,HOME AND KITCHEN II,25.0
2017-08-06,27,HOME AND KITCHEN II,40.0
2017-08-07,27,HOME AND KITCHEN II,25.0
2017-08-08,27,HOME AND KITCHEN II,17.0
2017-08-09,27,HOME AND KITCHEN II,15.0
2017-08-10,27,HOME AND KITCHEN II,21.0
2017-08-11,27,HOME AND KITCHEN II,71.0
2017-08-12,27,HOME AND KITCHEN II,24.0
2017-08-13,27,HOME AND KITCHEN II,39.0
2017-08-14,27,HOME AND KITCHEN II,49.0
2017-08-15,27,HOME AND KITCHEN II,21.0
2017-08-02,27,HOME APPLIANCES,1.0
2017-08-03,27,HOME APPLIANCES,1.0
2017-08-04,27,HOME APPLIANCES,0.0
2017-08-05,27,HOME APPLIANCES,1.0
2017-08-06,27,HOME APPLIANCES,0.0
2017-08-07,27,HOME APPLIANCES,0.0
2017-08-08,27,HOME APPLIANCES,0.0
2017-08-09,27,HOME APPLIANCES,0.0
2017-08-10,27,HOME APPLIANCES,0.0
2017-08-11,27,HOME APPLIANCES,0.0
2017-08-12,27,HOME APPLIANCES,0.0
2017-08-13,27,HOME APPLIANCES,0.0
2017-08-14,27,HOME APPLIANCES,0.0
2017-08-15,27,HOME APPLIANCES,0.0
2017-08-02,27,HOME CARE,258.0
2017-08-03,27,HOME CARE,170.0
2017-08-04,27,HOME CARE,144.0
2017-08-05,27,HOME CARE,228.0
2017-08-06,27,HOME CARE,318.0
2017-08-07,27,HOME CARE,240.0
2017-08-08,27,HOME CARE,167.0
2017-08-09,27,HOME CARE,167.0
2017-08-10,27,HOME CARE,153.0
2017-08-11,27,HOME CARE,197.0
2017-08-12,27,HOME CARE,177.0
2017-08-13,27,HOME CARE,284.0
2017-08-14,27,HOME CARE,222.0
2017-08-15,27,HOME CARE,181.0
2017-08-02,27,LADIESWEAR,2.0
2017-08-03,27,LADIESWEAR,2.0
2017-08-04,27,LADIESWEAR,2.0
2017-08-05,27,LADIESWEAR,19.0
2017-08-06,27,LADIESWEAR,22.0
2017-08-07,27,LADIESWEAR,3.0
2017-08-08,27,LADIESWEAR,6.0
2017-08-09,27,LADIESWEAR,7.0
2017-08-10,27,LADIESWEAR,4.0
2017-08-11,27,LADIESWEAR,1.0
2017-08-12,27,LADIESWEAR,13.0
2017-08-13,27,LADIESWEAR,16.0
2017-08-14,27,LADIESWEAR,8.0
2017-08-15,27,LADIESWEAR,7.0
2017-08-02,27,LAWN AND GARDEN,33.0
2017-08-03,27,LAWN AND GARDEN,28.0
2017-08-04,27,LAWN AND GARDEN,41.0
2017-08-05,27,LAWN AND GARDEN,40.0
2017-08-06,27,LAWN AND GARDEN,60.0
2017-08-07,27,LAWN AND GARDEN,41.0
2017-08-08,27,LAWN AND GARDEN,40.0
2017-08-09,27,LAWN AND GARDEN,22.0
2017-08-10,27,LAWN AND GARDEN,38.0
2017-08-11,27,LAWN AND GARDEN,69.0
2017-08-12,27,LAWN AND GARDEN,64.0
2017-08-13,27,LAWN AND GARDEN,45.0
2017-08-14,27,LAWN AND GARDEN,36.0
2017-08-15,27,LAWN AND GARDEN,27.0
2017-08-02,27,LINGERIE,4.0
2017-08-03,27,LINGERIE,6.0
2017-08-04,27,LINGERIE,9.0
2017-08-05,27,LINGERIE,14.0
2017-08-06,27,LINGERIE,13.0
2017-08-07,27,LINGERIE,5.0
2017-08-08,27,LINGERIE,17.0
2017-08-09,27,LINGERIE,13.0
2017-08-10,27,LINGERIE,12.0
2017-08-11,27,LINGERIE,17.0
2017-08-12,27,LINGERIE,16.0
2017-08-13,27,LINGERIE,18.0
2017-08-14,27,LINGERIE,8.0
2017-08-15,27,LINGERIE,6.0
2017-08-02,27,"LIQUOR,WINE,BEER",92.0
2017-08-03,27,"LIQUOR,WINE,BEER",100.0
2017-08-04,27,"LIQUOR,WINE,BEER",234.0
2017-08-05,27,"LIQUOR,WINE,BEER",456.0
2017-08-06,27,"LIQUOR,WINE,BEER",151.0
2017-08-07,27,"LIQUOR,WINE,BEER",51.0
2017-08-08,27,"LIQUOR,WINE,BEER",85.0
2017-08-09,27,"LIQUOR,WINE,BEER",150.0
2017-08-10,27,"LIQUOR,WINE,BEER",185.0
2017-08-11,27,"LIQUOR,WINE,BEER",450.0
2017-08-12,27,"LIQUOR,WINE,BEER",461.0
2017-08-13,27,"LIQUOR,WINE,BEER",131.0
2017-08-14,27,"LIQUOR,WINE,BEER",61.0
2017-08-15,27,"LIQUOR,WINE,BEER",68.0
2017-08-02,27,MAGAZINES,6.0
2017-08-03,27,MAGAZINES,0.0
2017-08-04,27,MAGAZINES,0.0
2017-08-05,27,MAGAZINES,2.0
2017-08-06,27,MAGAZINES,5.0
2017-08-07,27,MAGAZINES,1.0
2017-08-08,27,MAGAZINES,3.0
2017-08-09,27,MAGAZINES,2.0
2017-08-10,27,MAGAZINES,6.0
2017-08-11,27,MAGAZINES,4.0
2017-08-12,27,MAGAZINES,4.0
2017-08-13,27,MAGAZINES,7.0
2017-08-14,27,MAGAZINES,10.0
2017-08-15,27,MAGAZINES,4.0
2017-08-02,27,MEATS,307.355
2017-08-03,27,MEATS,203.344
2017-08-04,27,MEATS,431.161
2017-08-05,27,MEATS,301.244
2017-08-06,27,MEATS,357.375
2017-08-07,27,MEATS,343.261
2017-08-08,27,MEATS,219.986
2017-08-09,27,MEATS,240.62999
2017-08-10,27,MEATS,262.661
2017-08-11,27,MEATS,415.957
2017-08-12,27,MEATS,311.732
2017-08-13,27,MEATS,330.70502
2017-08-14,27,MEATS,291.019
2017-08-15,27,MEATS,245.882
2017-08-02,27,PERSONAL CARE,292.0
2017-08-03,27,PERSONAL CARE,156.0
2017-08-04,27,PERSONAL CARE,209.0
2017-08-05,27,PERSONAL CARE,283.0
2017-08-06,27,PERSONAL CARE,523.0
2017-08-07,27,PERSONAL CARE,315.0
2017-08-08,27,PERSONAL CARE,175.0
2017-08-09,27,PERSONAL CARE,181.0
2017-08-10,27,PERSONAL CARE,186.0
2017-08-11,27,PERSONAL CARE,260.0
2017-08-12,27,PERSONAL CARE,203.0
2017-08-13,27,PERSONAL CARE,338.0
2017-08-14,27,PERSONAL CARE,238.0
2017-08-15,27,PERSONAL CARE,239.0
2017-08-02,27,PET SUPPLIES,15.0
2017-08-03,27,PET SUPPLIES,13.0
2017-08-04,27,PET SUPPLIES,5.0
2017-08-05,27,PET SUPPLIES,14.0
2017-08-06,27,PET SUPPLIES,17.0
2017-08-07,27,PET SUPPLIES,13.0
2017-08-08,27,PET SUPPLIES,7.0
2017-08-09,27,PET SUPPLIES,7.0
2017-08-10,27,PET SUPPLIES,7.0
2017-08-11,27,PET SUPPLIES,19.0
2017-08-12,27,PET SUPPLIES,10.0
2017-08-13,27,PET SUPPLIES,12.0
2017-08-14,27,PET SUPPLIES,8.0
2017-08-15,27,PET SUPPLIES,14.0
2017-08-02,27,PLAYERS AND ELECTRONICS,8.0
2017-08-03,27,PLAYERS AND ELECTRONICS,6.0
2017-08-04,27,PLAYERS AND ELECTRONICS,13.0
2017-08-05,27,PLAYERS AND ELECTRONICS,14.0
2017-08-06,27,PLAYERS AND ELECTRONICS,15.0
2017-08-07,27,PLAYERS AND ELECTRONICS,9.0
2017-08-08,27,PLAYERS AND ELECTRONICS,4.0
2017-08-09,27,PLAYERS AND ELECTRONICS,13.0
2017-08-10,27,PLAYERS AND ELECTRONICS,10.0
2017-08-11,27,PLAYERS AND ELECTRONICS,7.0
2017-08-12,27,PLAYERS AND ELECTRONICS,15.0
2017-08-13,27,PLAYERS AND ELECTRONICS,10.0
2017-08-14,27,PLAYERS AND ELECTRONICS,9.0
2017-08-15,27,PLAYERS AND ELECTRONICS,12.0
2017-08-02,27,POULTRY,456.76
2017-08-03,27,POULTRY,286.078
2017-08-04,27,POULTRY,408.156
2017-08-05,27,POULTRY,373.973
2017-08-06,27,POULTRY,582.146
2017-08-07,27,POULTRY,405.08398
2017-08-08,27,POULTRY,281.057
2017-08-09,27,POULTRY,338.372
2017-08-10,27,POULTRY,259.455
2017-08-11,27,POULTRY,506.21802
2017-08-12,27,POULTRY,367.858
2017-08-13,27,POULTRY,487.426
2017-08-14,27,POULTRY,440.13
2017-08-15,27,POULTRY,382.93
2017-08-02,27,PREPARED FOODS,81.43
2017-08-03,27,PREPARED FOODS,58.592
2017-08-04,27,PREPARED FOODS,82.697
2017-08-05,27,PREPARED FOODS,98.981
2017-08-06,27,PREPARED FOODS,129.118
2017-08-07,27,PREPARED FOODS,79.838
2017-08-08,27,PREPARED FOODS,46.916
2017-08-09,27,PREPARED FOODS,64.543
2017-08-10,27,PREPARED FOODS,66.048996
2017-08-11,27,PREPARED FOODS,79.923996
2017-08-12,27,PREPARED FOODS,87.987
2017-08-13,27,PREPARED FOODS,105.834
2017-08-14,27,PREPARED FOODS,74.978
2017-08-15,27,PREPARED FOODS,89.543
2017-08-02,27,PRODUCE,4349.821
2017-08-03,27,PRODUCE,1918.186
2017-08-04,27,PRODUCE,2005.193
2017-08-05,27,PRODUCE,2848.795
2017-08-06,27,PRODUCE,3850.069
2017-08-07,27,PRODUCE,2864.686
2017-08-08,27,PRODUCE,1958.907
2017-08-09,27,PRODUCE,3704.424
2017-08-10,27,PRODUCE,2053.934
2017-08-11,27,PRODUCE,2945.907
2017-08-12,27,PRODUCE,2556.844
2017-08-13,27,PRODUCE,3216.342
2017-08-14,27,PRODUCE,2917.049
2017-08-15,27,PRODUCE,2258.659
2017-08-02,27,SCHOOL AND OFFICE SUPPLIES,1.0
2017-08-03,27,SCHOOL AND OFFICE SUPPLIES,1.0
2017-08-04,27,SCHOOL AND OFFICE SUPPLIES,1.0
2017-08-05,27,SCHOOL AND OFFICE SUPPLIES,0.0
2017-08-06,27,SCHOOL AND OFFICE SUPPLIES,1.0
2017-08-07,27,SCHOOL AND OFFICE SUPPLIES,0.0
2017-08-08,27,SCHOOL AND OFFICE SUPPLIES,3.0
2017-08-09,27,SCHOOL AND OFFICE SUPPLIES,0.0
2017-08-10,27,SCHOOL AND OFFICE SUPPLIES,2.0
2017-08-11,27,SCHOOL AND OFFICE SUPPLIES,1.0
2017-08-12,27,SCHOOL AND OFFICE SUPPLIES,3.0
2017-08-13,27,SCHOOL AND OFFICE SUPPLIES,3.0
2017-08-14,27,SCHOOL AND OFFICE SUPPLIES,2.0
2017-08-15,27,SCHOOL AND OFFICE SUPPLIES,0.0
2017-08-02,27,SEAFOOD,26.873
2017-08-03,27,SEAFOOD,6.822
2017-08-04,27,SEAFOOD,19.592
2017-08-05,27,SEAFOOD,11.828
2017-08-06,27,SEAFOOD,17.848
2017-08-07,27,SEAFOOD,16.0
2017-08-08,27,SEAFOOD,6.429
2017-08-09,27,SEAFOOD,19.904
2017-08-10,27,SEAFOOD,11.432
2017-08-11,27,SEAFOOD,38.094
2017-08-12,27,SEAFOOD,13.9279995
2017-08-13,27,SEAFOOD,23.296
2017-08-14,27,SEAFOOD,19.412
2017-08-15,27,SEAFOOD,19.214
2017-08-02,28,AUTOMOTIVE,8.0
2017-08-03,28,AUTOMOTIVE,6.0
2017-08-04,28,AUTOMOTIVE,4.0
2017-08-05,28,AUTOMOTIVE,10.0
2017-08-06,28,AUTOMOTIVE,9.0
2017-08-07,28,AUTOMOTIVE,16.0
2017-08-08,28,AUTOMOTIVE,4.0
2017-08-09,28,AUTOMOTIVE,4.0
2017-08-10,28,AUTOMOTIVE,4.0
2017-08-11,28,AUTOMOTIVE,5.0
2017-08-12,28,AUTOMOTIVE,1.0
2017-08-13,28,AUTOMOTIVE,8.0
2017-08-14,28,AUTOMOTIVE,4.0
2017-08-15,28,AUTOMOTIVE,6.0
2017-08-02,28,BABY CARE,0.0
2017-08-03,28,BABY CARE,0.0
2017-08-04,28,BABY CARE,0.0
2017-08-05,28,BABY CARE,0.0
2017-08-06,28,BABY CARE,0.0
2017-08-07,28,BABY CARE,0.0
2017-08-08,28,BABY CARE,0.0
2017-08-09,28,BABY CARE,0.0
2017-08-10,28,BABY CARE,0.0
2017-08-11,28,BABY CARE,0.0
2017-08-12,28,BABY CARE,0.0
2017-08-13,28,BABY CARE,0.0
2017-08-14,28,BABY CARE,0.0
2017-08-15,28,BABY CARE,0.0
2017-08-02,28,BEAUTY,3.0
2017-08-03,28,BEAUTY,3.0
2017-08-04,28,BEAUTY,1.0
2017-08-05,28,BEAUTY,1.0
2017-08-06,28,BEAUTY,6.0
2017-08-07,28,BEAUTY,1.0
2017-08-08,28,BEAUTY,4.0
2017-08-09,28,BEAUTY,1.0
2017-08-10,28,BEAUTY,4.0
2017-08-11,28,BEAUTY,3.0
2017-08-12,28,BEAUTY,2.0
2017-08-13,28,BEAUTY,4.0
2017-08-14,28,BEAUTY,3.0
2017-08-15,28,BEAUTY,5.0
2017-08-02,28,BEVERAGES,3522.0
2017-08-03,28,BEVERAGES,3029.0
2017-08-04,28,BEVERAGES,3174.0
2017-08-05,28,BEVERAGES,3903.0
2017-08-06,28,BEVERAGES,7153.0
2017-08-07,28,BEVERAGES,3485.0
2017-08-08,28,BEVERAGES,2938.0
2017-08-09,28,BEVERAGES,1979.0
2017-08-10,28,BEVERAGES,2859.0
2017-08-11,28,BEVERAGES,4471.0
2017-08-12,28,BEVERAGES,4194.0
2017-08-13,28,BEVERAGES,5036.0
2017-08-14,28,BEVERAGES,3091.0
2017-08-15,28,BEVERAGES,3660.0
2017-08-02,28,BOOKS,0.0
2017-08-03,28,BOOKS,0.0
2017-08-04,28,BOOKS,0.0
2017-08-05,28,BOOKS,0.0
2017-08-06,28,BOOKS,0.0
2017-08-07,28,BOOKS,0.0
2017-08-08,28,BOOKS,0.0
2017-08-09,28,BOOKS,0.0
2017-08-10,28,BOOKS,0.0
2017-08-11,28,BOOKS,0.0
2017-08-12,28,BOOKS,0.0
2017-08-13,28,BOOKS,0.0
2017-08-14,28,BOOKS,0.0
2017-08-15,28,BOOKS,0.0
2017-08-02,28,BREAD/BAKERY,670.0
2017-08-03,28,BREAD/BAKERY,574.0
2017-08-04,28,BREAD/BAKERY,436.0
2017-08-05,28,BREAD/BAKERY,641.0
2017-08-06,28,BREAD/BAKERY,1289.0
2017-08-07,28,BREAD/BAKERY,651.0
2017-08-08,28,BREAD/BAKERY,570.0
2017-08-09,28,BREAD/BAKERY,427.0
2017-08-10,28,BREAD/BAKERY,374.0
2017-08-11,28,BREAD/BAKERY,614.0
2017-08-12,28,BREAD/BAKERY,695.0
2017-08-13,28,BREAD/BAKERY,1032.0
2017-08-14,28,BREAD/BAKERY,545.0
2017-08-15,28,BREAD/BAKERY,685.0
2017-08-02,28,CELEBRATION,24.0
2017-08-03,28,CELEBRATION,6.0
2017-08-04,28,CELEBRATION,11.0
2017-08-05,28,CELEBRATION,30.0
2017-08-06,28,CELEBRATION,15.0
2017-08-07,28,CELEBRATION,9.0
2017-08-08,28,CELEBRATION,11.0
2017-08-09,28,CELEBRATION,19.0
2017-08-10,28,CELEBRATION,7.0
2017-08-11,28,CELEBRATION,21.0
2017-08-12,28,CELEBRATION,24.0
2017-08-13,28,CELEBRATION,15.0
2017-08-14,28,CELEBRATION,7.0
2017-08-15,28,CELEBRATION,4.0
2017-08-02,28,CLEANING,1219.0
2017-08-03,28,CLEANING,1125.0
2017-08-04,28,CLEANING,984.0
2017-08-05,28,CLEANING,1454.0
2017-08-06,28,CLEANING,2116.0
2017-08-07,28,CLEANING,1058.0
2017-08-08,28,CLEANING,1101.0
2017-08-09,28,CLEANING,600.0
2017-08-10,28,CLEANING,900.0
2017-08-11,28,CLEANING,1148.0
2017-08-12,28,CLEANING,1799.0
2017-08-13,28,CLEANING,1333.0
2017-08-14,28,CLEANING,767.0
2017-08-15,28,CLEANING,1193.0
2017-08-02,28,DAIRY,917.0
2017-08-03,28,DAIRY,714.0
2017-08-04,28,DAIRY,639.0
2017-08-05,28,DAIRY,907.0
2017-08-06,28,DAIRY,1910.0
2017-08-07,28,DAIRY,722.0
2017-08-08,28,DAIRY,703.0
2017-08-09,28,DAIRY,580.0
2017-08-10,28,DAIRY,462.0
2017-08-11,28,DAIRY,774.0
2017-08-12,28,DAIRY,838.0
2017-08-13,28,DAIRY,1434.0
2017-08-14,28,DAIRY,735.0
2017-08-15,28,DAIRY,1047.0
2017-08-02,28,DELI,313.744
2017-08-03,28,DELI,365.206
2017-08-04,28,DELI,431.276
2017-08-05,28,DELI,364.749
2017-08-06,28,DELI,724.934
2017-08-07,28,DELI,320.637
2017-08-08,28,DELI,319.171
2017-08-09,28,DELI,254.604
2017-08-10,28,DELI,239.448
2017-08-11,28,DELI,479.409
2017-08-12,28,DELI,397.906
2017-08-13,28,DELI,478.18
2017-08-14,28,DELI,249.029
2017-08-15,28,DELI,376.378
2017-08-02,28,EGGS,269.0
2017-08-03,28,EGGS,186.0
2017-08-04,28,EGGS,107.0
2017-08-05,28,EGGS,182.0
2017-08-06,28,EGGS,447.0
2017-08-07,28,EGGS,399.0
2017-08-08,28,EGGS,218.0
2017-08-09,28,EGGS,141.0
2017-08-10,28,EGGS,123.0
2017-08-11,28,EGGS,209.0
2017-08-12,28,EGGS,266.0
2017-08-13,28,EGGS,285.0
2017-08-14,28,EGGS,286.0
2017-08-15,28,EGGS,301.0
2017-08-02,28,FROZEN FOODS,61.0
2017-08-03,28,FROZEN FOODS,36.0
2017-08-04,28,FROZEN FOODS,91.0
2017-08-05,28,FROZEN FOODS,137.0
2017-08-06,28,FROZEN FOODS,101.0
2017-08-07,28,FROZEN FOODS,41.0
2017-08-08,28,FROZEN FOODS,66.0
2017-08-09,28,FROZEN FOODS,43.159
2017-08-10,28,FROZEN FOODS,77.0
2017-08-11,28,FROZEN FOODS,106.0
2017-08-12,28,FROZEN FOODS,118.0
2017-08-13,28,FROZEN FOODS,86.95
2017-08-14,28,FROZEN FOODS,36.0
2017-08-15,28,FROZEN FOODS,73.0
2017-08-02,28,GROCERY I,5644.977
2017-08-03,28,GROCERY I,4492.883
2017-08-04,28,GROCERY I,4051.758
2017-08-05,28,GROCERY I,5219.359
2017-08-06,28,GROCERY I,9061.992
2017-08-07,28,GROCERY I,3864.461
2017-08-08,28,GROCERY I,4040.906
2017-08-09,28,GROCERY I,2973.844
2017-08-10,28,GROCERY I,3441.32
2017-08-11,28,GROCERY I,5148.172
2017-08-12,28,GROCERY I,9841.523
2017-08-13,28,GROCERY I,11002.664
2017-08-14,28,GROCERY I,6050.031
2017-08-15,28,GROCERY I,4808.164
2017-08-02,28,GROCERY II,16.0
2017-08-03,28,GROCERY II,14.0
2017-08-04,28,GROCERY II,13.0
2017-08-05,28,GROCERY II,28.0
2017-08-06,28,GROCERY II,28.0
2017-08-07,28,GROCERY II,13.0
2017-08-08,28,GROCERY II,25.0
2017-08-09,28,GROCERY II,8.0
2017-08-10,28,GROCERY II,5.0
2017-08-11,28,GROCERY II,18.0
2017-08-12,28,GROCERY II,21.0
2017-08-13,28,GROCERY II,47.0
2017-08-14,28,GROCERY II,24.0
2017-08-15,28,GROCERY II,21.0
2017-08-02,28,HARDWARE,0.0
2017-08-03,28,HARDWARE,1.0
2017-08-04,28,HARDWARE,5.0
2017-08-05,28,HARDWARE,0.0
2017-08-06,28,HARDWARE,2.0
2017-08-07,28,HARDWARE,0.0
2017-08-08,28,HARDWARE,0.0
2017-08-09,28,HARDWARE,1.0
2017-08-10,28,HARDWARE,0.0
2017-08-11,28,HARDWARE,0.0
2017-08-12,28,HARDWARE,0.0
2017-08-13,28,HARDWARE,2.0
2017-08-14,28,HARDWARE,0.0
2017-08-15,28,HARDWARE,0.0
2017-08-02,28,HOME AND KITCHEN I,31.0
2017-08-03,28,HOME AND KITCHEN I,28.0
2017-08-04,28,HOME AND KITCHEN I,38.0
2017-08-05,28,HOME AND KITCHEN I,52.0
2017-08-06,28,HOME AND KITCHEN I,61.0
2017-08-07,28,HOME AND KITCHEN I,17.0
2017-08-08,28,HOME AND KITCHEN I,17.0
2017-08-09,28,HOME AND KITCHEN I,18.0
2017-08-10,28,HOME AND KITCHEN I,23.0
2017-08-11,28,HOME AND KITCHEN I,35.0
2017-08-12,28,HOME AND KITCHEN I,29.0
2017-08-13,28,HOME AND KITCHEN I,39.0
2017-08-14,28,HOME AND KITCHEN I,40.0
2017-08-15,28,HOME AND KITCHEN I,38.0
2017-08-02,28,HOME AND KITCHEN II,14.0
2017-08-03,28,HOME AND KITCHEN II,15.0
2017-08-04,28,HOME AND KITCHEN II,31.0
2017-08-05,28,HOME AND KITCHEN II,36.0
2017-08-06,28,HOME AND KITCHEN II,25.0
2017-08-07,28,HOME AND KITCHEN II,18.0
2017-08-08,28,HOME AND KITCHEN II,6.0
2017-08-09,28,HOME AND KITCHEN II,12.0
2017-08-10,28,HOME AND KITCHEN II,14.0
2017-08-11,28,HOME AND KITCHEN II,42.0
2017-08-12,28,HOME AND KITCHEN II,12.0
2017-08-13,28,HOME AND KITCHEN II,17.0
2017-08-14,28,HOME AND KITCHEN II,19.0
2017-08-15,28,HOME AND KITCHEN II,13.0
2017-08-02,28,HOME APPLIANCES,2.0
2017-08-03,28,HOME APPLIANCES,1.0
2017-08-04,28,HOME APPLIANCES,1.0
2017-08-05,28,HOME APPLIANCES,1.0
2017-08-06,28,HOME APPLIANCES,0.0
2017-08-07,28,HOME APPLIANCES,2.0
2017-08-08,28,HOME APPLIANCES,5.0
2017-08-09,28,HOME APPLIANCES,0.0
2017-08-10,28,HOME APPLIANCES,1.0
2017-08-11,28,HOME APPLIANCES,2.0
2017-08-12,28,HOME APPLIANCES,0.0
2017-08-13,28,HOME APPLIANCES,0.0
2017-08-14,28,HOME APPLIANCES,0.0
2017-08-15,28,HOME APPLIANCES,1.0
2017-08-02,28,HOME CARE,346.0
2017-08-03,28,HOME CARE,245.0
2017-08-04,28,HOME CARE,159.0
2017-08-05,28,HOME CARE,293.0
2017-08-06,28,HOME CARE,564.0
2017-08-07,28,HOME CARE,230.0
2017-08-08,28,HOME CARE,228.0
2017-08-09,28,HOME CARE,146.0
2017-08-10,28,HOME CARE,178.0
2017-08-11,28,HOME CARE,256.0
2017-08-12,28,HOME CARE,296.0
2017-08-13,28,HOME CARE,359.0
2017-08-14,28,HOME CARE,208.0
2017-08-15,28,HOME CARE,311.0
2017-08-02,28,LADIESWEAR,0.0
2017-08-03,28,LADIESWEAR,0.0
2017-08-04,28,LADIESWEAR,0.0
2017-08-05,28,LADIESWEAR,0.0
2017-08-06,28,LADIESWEAR,0.0
2017-08-07,28,LADIESWEAR,0.0
2017-08-08,28,LADIESWEAR,0.0
2017-08-09,28,LADIESWEAR,0.0
2017-08-10,28,LADIESWEAR,0.0
2017-08-11,28,LADIESWEAR,0.0
2017-08-12,28,LADIESWEAR,0.0
2017-08-13,28,LADIESWEAR,0.0
2017-08-14,28,LADIESWEAR,0.0
2017-08-15,28,LADIESWEAR,0.0
2017-08-02,28,LAWN AND GARDEN,12.0
2017-08-03,28,LAWN AND GARDEN,5.0
2017-08-04,28,LAWN AND GARDEN,1.0
2017-08-05,28,LAWN AND GARDEN,2.0
2017-08-06,28,LAWN AND GARDEN,4.0
2017-08-07,28,LAWN AND GARDEN,1.0
2017-08-08,28,LAWN AND GARDEN,6.0
2017-08-09,28,LAWN AND GARDEN,8.0
2017-08-10,28,LAWN AND GARDEN,4.0
2017-08-11,28,LAWN AND GARDEN,11.0
2017-08-12,28,LAWN AND GARDEN,10.0
2017-08-13,28,LAWN AND GARDEN,8.0
2017-08-14,28,LAWN AND GARDEN,9.0
2017-08-15,28,LAWN AND GARDEN,9.0
2017-08-02,28,LINGERIE,5.0
2017-08-03,28,LINGERIE,4.0
2017-08-04,28,LINGERIE,2.0
2017-08-05,28,LINGERIE,5.0
2017-08-06,28,LINGERIE,12.0
2017-08-07,28,LINGERIE,8.0
2017-08-08,28,LINGERIE,6.0
2017-08-09,28,LINGERIE,5.0
2017-08-10,28,LINGERIE,3.0
2017-08-11,28,LINGERIE,13.0
2017-08-12,28,LINGERIE,2.0
2017-08-13,28,LINGERIE,8.0
2017-08-14,28,LINGERIE,1.0
2017-08-15,28,LINGERIE,7.0
2017-08-02,28,"LIQUOR,WINE,BEER",24.0
2017-08-03,28,"LIQUOR,WINE,BEER",53.0
2017-08-04,28,"LIQUOR,WINE,BEER",61.0
2017-08-05,28,"LIQUOR,WINE,BEER",174.0
2017-08-06,28,"LIQUOR,WINE,BEER",46.0
2017-08-07,28,"LIQUOR,WINE,BEER",33.0
2017-08-08,28,"LIQUOR,WINE,BEER",36.0
2017-08-09,28,"LIQUOR,WINE,BEER",37.0
2017-08-10,28,"LIQUOR,WINE,BEER",76.0
2017-08-11,28,"LIQUOR,WINE,BEER",115.0
2017-08-12,28,"LIQUOR,WINE,BEER",103.0
2017-08-13,28,"LIQUOR,WINE,BEER",55.0
2017-08-14,28,"LIQUOR,WINE,BEER",5.0
2017-08-15,28,"LIQUOR,WINE,BEER",27.0
2017-08-02,28,MAGAZINES,2.0
2017-08-03,28,MAGAZINES,1.0
2017-08-04,28,MAGAZINES,1.0
2017-08-05,28,MAGAZINES,2.0
2017-08-06,28,MAGAZINES,2.0
2017-08-07,28,MAGAZINES,0.0
2017-08-08,28,MAGAZINES,2.0
2017-08-09,28,MAGAZINES,0.0
2017-08-10,28,MAGAZINES,2.0
2017-08-11,28,MAGAZINES,0.0
2017-08-12,28,MAGAZINES,2.0
2017-08-13,28,MAGAZINES,1.0
2017-08-14,28,MAGAZINES,1.0
2017-08-15,28,MAGAZINES,1.0
2017-08-02,28,MEATS,256.924
2017-08-03,28,MEATS,378.656
2017-08-04,28,MEATS,166.817
2017-08-05,28,MEATS,146.69499
2017-08-06,28,MEATS,256.055
2017-08-07,28,MEATS,200.23
2017-08-08,28,MEATS,213.156
2017-08-09,28,MEATS,163.799
2017-08-10,28,MEATS,266.97
2017-08-11,28,MEATS,200.318
2017-08-12,28,MEATS,201.323
2017-08-13,28,MEATS,225.448
2017-08-14,28,MEATS,129.144
2017-08-15,28,MEATS,249.189
2017-08-02,28,PERSONAL CARE,311.0
2017-08-03,28,PERSONAL CARE,316.0
2017-08-04,28,PERSONAL CARE,193.0
2017-08-05,28,PERSONAL CARE,298.0
2017-08-06,28,PERSONAL CARE,558.0
2017-08-07,28,PERSONAL CARE,244.0
2017-08-08,28,PERSONAL CARE,254.0
2017-08-09,28,PERSONAL CARE,436.0
2017-08-10,28,PERSONAL CARE,138.0
2017-08-11,28,PERSONAL CARE,299.0
2017-08-12,28,PERSONAL CARE,309.0
2017-08-13,28,PERSONAL CARE,324.0
2017-08-14,28,PERSONAL CARE,287.0
2017-08-15,28,PERSONAL CARE,420.0
2017-08-02,28,PET SUPPLIES,3.0
2017-08-03,28,PET SUPPLIES,5.0
2017-08-04,28,PET SUPPLIES,5.0
2017-08-05,28,PET SUPPLIES,9.0
2017-08-06,28,PET SUPPLIES,10.0
2017-08-07,28,PET SUPPLIES,5.0
2017-08-08,28,PET SUPPLIES,4.0
2017-08-09,28,PET SUPPLIES,7.0
2017-08-10,28,PET SUPPLIES,1.0
2017-08-11,28,PET SUPPLIES,10.0
2017-08-12,28,PET SUPPLIES,3.0
2017-08-13,28,PET SUPPLIES,6.0
2017-08-14,28,PET SUPPLIES,5.0
2017-08-15,28,PET SUPPLIES,3.0
2017-08-02,28,PLAYERS AND ELECTRONICS,1.0
2017-08-03,28,PLAYERS AND ELECTRONICS,9.0
2017-08-04,28,PLAYERS AND ELECTRONICS,3.0
2017-08-05,28,PLAYERS AND ELECTRONICS,10.0
2017-08-06,28,PLAYERS AND ELECTRONICS,10.0
2017-08-07,28,PLAYERS AND ELECTRONICS,2.0
2017-08-08,28,PLAYERS AND ELECTRONICS,7.0
2017-08-09,28,PLAYERS AND ELECTRONICS,3.0
2017-08-10,28,PLAYERS AND ELECTRONICS,6.0
2017-08-11,28,PLAYERS AND ELECTRONICS,8.0
2017-08-12,28,PLAYERS AND ELECTRONICS,2.0
2017-08-13,28,PLAYERS AND ELECTRONICS,10.0
2017-08-14,28,PLAYERS AND ELECTRONICS,3.0
2017-08-15,28,PLAYERS AND ELECTRONICS,2.0
2017-08-02,28,POULTRY,187.927
2017-08-03,28,POULTRY,233.813
2017-08-04,28,POULTRY,193.812
2017-08-05,28,POULTRY,201.975
2017-08-06,28,POULTRY,400.143
2017-08-07,28,POULTRY,187.047
2017-08-08,28,POULTRY,197.183
2017-08-09,28,POULTRY,171.418
2017-08-10,28,POULTRY,139.72
2017-08-11,28,POULTRY,328.414
2017-08-12,28,POULTRY,280.5
2017-08-13,28,POULTRY,291.083
2017-08-14,28,POULTRY,129.149
2017-08-15,28,POULTRY,194.748
2017-08-02,28,PREPARED FOODS,70.736
2017-08-03,28,PREPARED FOODS,82.135
2017-08-04,28,PREPARED FOODS,74.954
2017-08-05,28,PREPARED FOODS,77.991
2017-08-06,28,PREPARED FOODS,144.144
2017-08-07,28,PREPARED FOODS,68.102
2017-08-08,28,PREPARED FOODS,91.024
2017-08-09,28,PREPARED FOODS,57.978
2017-08-10,28,PREPARED FOODS,38.721
2017-08-11,28,PREPARED FOODS,117.655
2017-08-12,28,PREPARED FOODS,63.768
2017-08-13,28,PREPARED FOODS,126.978
2017-08-14,28,PREPARED FOODS,81.097
2017-08-15,28,PREPARED FOODS,87.969
2017-08-02,28,PRODUCE,1221.743
2017-08-03,28,PRODUCE,1436.793
2017-08-04,28,PRODUCE,827.753
2017-08-05,28,PRODUCE,1316.996
2017-08-06,28,PRODUCE,2376.616
2017-08-07,28,PRODUCE,1270.568
2017-08-08,28,PRODUCE,2865.329
2017-08-09,28,PRODUCE,944.797
2017-08-10,28,PRODUCE,914.357
2017-08-11,28,PRODUCE,1563.95
2017-08-12,28,PRODUCE,1816.567
2017-08-13,28,PRODUCE,1932.402
2017-08-14,28,PRODUCE,1246.04
2017-08-15,28,PRODUCE,3322.75
2017-08-02,28,SCHOOL AND OFFICE SUPPLIES,1.0
2017-08-03,28,SCHOOL AND OFFICE SUPPLIES,1.0
2017-08-04,28,SCHOOL AND OFFICE SUPPLIES,1.0
2017-08-05,28,SCHOOL AND OFFICE SUPPLIES,5.0
2017-08-06,28,SCHOOL AND OFFICE SUPPLIES,6.0
2017-08-07,28,SCHOOL AND OFFICE SUPPLIES,1.0
2017-08-08,28,SCHOOL AND OFFICE SUPPLIES,2.0
2017-08-09,28,SCHOOL AND OFFICE SUPPLIES,4.0
2017-08-10,28,SCHOOL AND OFFICE SUPPLIES,0.0
2017-08-11,28,SCHOOL AND OFFICE SUPPLIES,4.0
2017-08-12,28,SCHOOL AND OFFICE SUPPLIES,2.0
2017-08-13,28,SCHOOL AND OFFICE SUPPLIES,2.0
2017-08-14,28,SCHOOL AND OFFICE SUPPLIES,2.0
2017-08-15,28,SCHOOL AND OFFICE SUPPLIES,1.0
2017-08-02,28,SEAFOOD,4.0
2017-08-03,28,SEAFOOD,1.0
2017-08-04,28,SEAFOOD,0.0
2017-08-05,28,SEAFOOD,10.0
2017-08-06,28,SEAFOOD,15.0
2017-08-07,28,SEAFOOD,2.0
2017-08-08,28,SEAFOOD,5.0
2017-08-09,28,SEAFOOD,3.0
2017-08-10,28,SEAFOOD,2.0
2017-08-11,28,SEAFOOD,4.0
2017-08-12,28,SEAFOOD,5.0
2017-08-13,28,SEAFOOD,2.0
2017-08-14,28,SEAFOOD,3.0
2017-08-15,28,SEAFOOD,12.0
2017-08-02,29,AUTOMOTIVE,1.0
2017-08-03,29,AUTOMOTIVE,10.0
2017-08-04,29,AUTOMOTIVE,2.0
2017-08-05,29,AUTOMOTIVE,13.0
2017-08-06,29,AUTOMOTIVE,7.0
2017-08-07,29,AUTOMOTIVE,9.0
2017-08-08,29,AUTOMOTIVE,11.0
2017-08-09,29,AUTOMOTIVE,2.0
2017-08-10,29,AUTOMOTIVE,6.0
2017-08-11,29,AUTOMOTIVE,6.0
2017-08-12,29,AUTOMOTIVE,10.0
2017-08-13,29,AUTOMOTIVE,4.0
2017-08-14,29,AUTOMOTIVE,2.0
2017-08-15,29,AUTOMOTIVE,5.0
2017-08-02,29,BABY CARE,1.0
2017-08-03,29,BABY CARE,0.0
2017-08-04,29,BABY CARE,0.0
2017-08-05,29,BABY CARE,0.0
2017-08-06,29,BABY CARE,1.0
2017-08-07,29,BABY CARE,0.0
2017-08-08,29,BABY CARE,1.0
2017-08-09,29,BABY CARE,1.0
2017-08-10,29,BABY CARE,0.0
2017-08-11,29,BABY CARE,0.0
2017-08-12,29,BABY CARE,1.0
2017-08-13,29,BABY CARE,0.0
2017-08-14,29,BABY CARE,1.0
2017-08-15,29,BABY CARE,0.0
2017-08-02,29,BEAUTY,3.0
2017-08-03,29,BEAUTY,4.0
2017-08-04,29,BEAUTY,3.0
2017-08-05,29,BEAUTY,8.0
2017-08-06,29,BEAUTY,7.0
2017-08-07,29,BEAUTY,2.0
2017-08-08,29,BEAUTY,4.0
2017-08-09,29,BEAUTY,4.0
2017-08-10,29,BEAUTY,0.0
2017-08-11,29,BEAUTY,4.0
2017-08-12,29,BEAUTY,4.0
2017-08-13,29,BEAUTY,5.0
2017-08-14,29,BEAUTY,2.0
2017-08-15,29,BEAUTY,5.0
2017-08-02,29,BEVERAGES,3142.0
2017-08-03,29,BEVERAGES,3537.0
2017-08-04,29,BEVERAGES,3058.0
2017-08-05,29,BEVERAGES,3580.0
2017-08-06,29,BEVERAGES,5537.0
2017-08-07,29,BEVERAGES,2899.0
2017-08-08,29,BEVERAGES,3681.0
2017-08-09,29,BEVERAGES,2680.0
2017-08-10,29,BEVERAGES,2242.0
2017-08-11,29,BEVERAGES,3695.0
2017-08-12,29,BEVERAGES,2929.0
2017-08-13,29,BEVERAGES,4674.0
2017-08-14,29,BEVERAGES,2676.0
2017-08-15,29,BEVERAGES,3765.0
2017-08-02,29,BOOKS,0.0
2017-08-03,29,BOOKS,0.0
2017-08-04,29,BOOKS,0.0
2017-08-05,29,BOOKS,0.0
2017-08-06,29,BOOKS,0.0
2017-08-07,29,BOOKS,0.0
2017-08-08,29,BOOKS,0.0
2017-08-09,29,BOOKS,0.0
2017-08-10,29,BOOKS,0.0
2017-08-11,29,BOOKS,0.0
2017-08-12,29,BOOKS,0.0
2017-08-13,29,BOOKS,0.0
2017-08-14,29,BOOKS,0.0
2017-08-15,29,BOOKS,0.0
2017-08-02,29,BREAD/BAKERY,607.0
2017-08-03,29,BREAD/BAKERY,593.0
2017-08-04,29,BREAD/BAKERY,511.0
2017-08-05,29,BREAD/BAKERY,714.0
2017-08-06,29,BREAD/BAKERY,1215.0
2017-08-07,29,BREAD/BAKERY,650.0
2017-08-08,29,BREAD/BAKERY,679.0
2017-08-09,29,BREAD/BAKERY,455.0
2017-08-10,29,BREAD/BAKERY,424.0
2017-08-11,29,BREAD/BAKERY,548.0
2017-08-12,29,BREAD/BAKERY,665.0
2017-08-13,29,BREAD/BAKERY,1114.0
2017-08-14,29,BREAD/BAKERY,710.0
2017-08-15,29,BREAD/BAKERY,1180.0
2017-08-02,29,CELEBRATION,9.0
2017-08-03,29,CELEBRATION,12.0
2017-08-04,29,CELEBRATION,17.0
2017-08-05,29,CELEBRATION,20.0
2017-08-06,29,CELEBRATION,18.0
2017-08-07,29,CELEBRATION,7.0
2017-08-08,29,CELEBRATION,12.0
2017-08-09,29,CELEBRATION,14.0
2017-08-10,29,CELEBRATION,13.0
2017-08-11,29,CELEBRATION,19.0
2017-08-12,29,CELEBRATION,23.0
2017-08-13,29,CELEBRATION,8.0
2017-08-14,29,CELEBRATION,5.0
2017-08-15,29,CELEBRATION,13.0
2017-08-02,29,CLEANING,917.0
2017-08-03,29,CLEANING,964.0
2017-08-04,29,CLEANING,876.0
2017-08-05,29,CLEANING,1371.0
2017-08-06,29,CLEANING,1626.0
2017-08-07,29,CLEANING,744.0
2017-08-08,29,CLEANING,853.0
2017-08-09,29,CLEANING,660.0
2017-08-10,29,CLEANING,598.0
2017-08-11,29,CLEANING,1000.0
2017-08-12,29,CLEANING,963.0
2017-08-13,29,CLEANING,1224.0
2017-08-14,29,CLEANING,781.0
2017-08-15,29,CLEANING,1071.0
2017-08-02,29,DAIRY,802.0
2017-08-03,29,DAIRY,603.0
2017-08-04,29,DAIRY,521.0
2017-08-05,29,DAIRY,816.0
2017-08-06,29,DAIRY,1515.0
2017-08-07,29,DAIRY,772.0
2017-08-08,29,DAIRY,631.0
2017-08-09,29,DAIRY,627.0
2017-08-10,29,DAIRY,439.0
2017-08-11,29,DAIRY,600.0
2017-08-12,29,DAIRY,665.0
2017-08-13,29,DAIRY,1110.0
2017-08-14,29,DAIRY,588.0
2017-08-15,29,DAIRY,713.0
2017-08-02,29,DELI,234.877
2017-08-03,29,DELI,314.288
2017-08-04,29,DELI,296.312
2017-08-05,29,DELI,291.095
2017-08-06,29,DELI,455.286
2017-08-07,29,DELI,277.655
2017-08-08,29,DELI,252.221
2017-08-09,29,DELI,215.949
2017-08-10,29,DELI,179.246
2017-08-11,29,DELI,316.551
2017-08-12,29,DELI,203.941
2017-08-13,29,DELI,409.808
2017-08-14,29,DELI,261.478
2017-08-15,29,DELI,385.777
2017-08-02,29,EGGS,164.0
2017-08-03,29,EGGS,157.0
2017-08-04,29,EGGS,160.0
2017-08-05,29,EGGS,173.0
2017-08-06,29,EGGS,349.0
2017-08-07,29,EGGS,513.0
2017-08-08,29,EGGS,212.0
2017-08-09,29,EGGS,113.0
2017-08-10,29,EGGS,141.0
2017-08-11,29,EGGS,132.0
2017-08-12,29,EGGS,224.0
2017-08-13,29,EGGS,290.0
2017-08-14,29,EGGS,372.0
2017-08-15,29,EGGS,292.0
2017-08-02,29,FROZEN FOODS,40.0
2017-08-03,29,FROZEN FOODS,64.0
2017-08-04,29,FROZEN FOODS,92.053
2017-08-05,29,FROZEN FOODS,184.0
2017-08-06,29,FROZEN FOODS,122.924
2017-08-07,29,FROZEN FOODS,45.679
2017-08-08,29,FROZEN FOODS,39.0
2017-08-09,29,FROZEN FOODS,56.0
2017-08-10,29,FROZEN FOODS,73.0
2017-08-11,29,FROZEN FOODS,99.0
2017-08-12,29,FROZEN FOODS,175.881
2017-08-13,29,FROZEN FOODS,65.0
2017-08-14,29,FROZEN FOODS,47.0
2017-08-15,29,FROZEN FOODS,74.0
2017-08-02,29,GROCERY I,3797.094
2017-08-03,29,GROCERY I,4250.5
2017-08-04,29,GROCERY I,3359.289
2017-08-05,29,GROCERY I,4853.352
2017-08-06,29,GROCERY I,6525.016
2017-08-07,29,GROCERY I,3783.742
2017-08-08,29,GROCERY I,3679.531
2017-08-09,29,GROCERY I,3081.961
2017-08-10,29,GROCERY I,2917.117
2017-08-11,29,GROCERY I,3915.594
2017-08-12,29,GROCERY I,3924.672
2017-08-13,29,GROCERY I,5512.039
2017-08-14,29,GROCERY I,3572.547
2017-08-15,29,GROCERY I,4566.328
2017-08-02,29,GROCERY II,13.0
2017-08-03,29,GROCERY II,18.0
2017-08-04,29,GROCERY II,14.0
2017-08-05,29,GROCERY II,10.0
2017-08-06,29,GROCERY II,40.0
2017-08-07,29,GROCERY II,8.0
2017-08-08,29,GROCERY II,23.0
2017-08-09,29,GROCERY II,14.0
2017-08-10,29,GROCERY II,12.0
2017-08-11,29,GROCERY II,16.0
2017-08-12,29,GROCERY II,19.0
2017-08-13,29,GROCERY II,27.0
2017-08-14,29,GROCERY II,15.0
2017-08-15,29,GROCERY II,24.0
2017-08-02,29,HARDWARE,0.0
2017-08-03,29,HARDWARE,1.0
2017-08-04,29,HARDWARE,1.0
2017-08-05,29,HARDWARE,4.0
2017-08-06,29,HARDWARE,0.0
2017-08-07,29,HARDWARE,2.0
2017-08-08,29,HARDWARE,3.0
2017-08-09,29,HARDWARE,1.0
2017-08-10,29,HARDWARE,0.0
2017-08-11,29,HARDWARE,2.0
2017-08-12,29,HARDWARE,2.0
2017-08-13,29,HARDWARE,5.0
2017-08-14,29,HARDWARE,1.0
2017-08-15,29,HARDWARE,2.0
2017-08-02,29,HOME AND KITCHEN I,13.0
2017-08-03,29,HOME AND KITCHEN I,35.0
2017-08-04,29,HOME AND KITCHEN I,19.0
2017-08-05,29,HOME AND KITCHEN I,25.0
2017-08-06,29,HOME AND KITCHEN I,23.0
2017-08-07,29,HOME AND KITCHEN I,21.0
2017-08-08,29,HOME AND KITCHEN I,23.0
2017-08-09,29,HOME AND KITCHEN I,6.0
2017-08-10,29,HOME AND KITCHEN I,31.0
2017-08-11,29,HOME AND KITCHEN I,28.0
2017-08-12,29,HOME AND KITCHEN I,41.0
2017-08-13,29,HOME AND KITCHEN I,41.0
2017-08-14,29,HOME AND KITCHEN I,36.0
2017-08-15,29,HOME AND KITCHEN I,33.0
2017-08-02,29,HOME AND KITCHEN II,19.0
2017-08-03,29,HOME AND KITCHEN II,17.0
2017-08-04,29,HOME AND KITCHEN II,24.0
2017-08-05,29,HOME AND KITCHEN II,36.0
2017-08-06,29,HOME AND KITCHEN II,33.0
2017-08-07,29,HOME AND KITCHEN II,33.0
2017-08-08,29,HOME AND KITCHEN II,21.0
2017-08-09,29,HOME AND KITCHEN II,8.0
2017-08-10,29,HOME AND KITCHEN II,9.0
2017-08-11,29,HOME AND KITCHEN II,23.0
2017-08-12,29,HOME AND KITCHEN II,27.0
2017-08-13,29,HOME AND KITCHEN II,21.0
2017-08-14,29,HOME AND KITCHEN II,15.0
2017-08-15,29,HOME AND KITCHEN II,18.0
2017-08-02,29,HOME APPLIANCES,0.0
2017-08-03,29,HOME APPLIANCES,0.0
2017-08-04,29,HOME APPLIANCES,0.0
2017-08-05,29,HOME APPLIANCES,0.0
2017-08-06,29,HOME APPLIANCES,0.0
2017-08-07,29,HOME APPLIANCES,0.0
2017-08-08,29,HOME APPLIANCES,0.0
2017-08-09,29,HOME APPLIANCES,0.0
2017-08-10,29,HOME APPLIANCES,0.0
2017-08-11,29,HOME APPLIANCES,0.0
2017-08-12,29,HOME APPLIANCES,0.0
2017-08-13,29,HOME APPLIANCES,0.0
2017-08-14,29,HOME APPLIANCES,0.0
2017-08-15,29,HOME APPLIANCES,0.0
2017-08-02,29,HOME CARE,221.0
2017-08-03,29,HOME CARE,228.0
2017-08-04,29,HOME CARE,182.0
2017-08-05,29,HOME CARE,289.0
2017-08-06,29,HOME CARE,428.0
2017-08-07,29,HOME CARE,201.0
2017-08-08,29,HOME CARE,228.0
2017-08-09,29,HOME CARE,158.0
2017-08-10,29,HOME CARE,169.0
2017-08-11,29,HOME CARE,221.0
2017-08-12,29,HOME CARE,236.0
2017-08-13,29,HOME CARE,324.0
2017-08-14,29,HOME CARE,243.0
2017-08-15,29,HOME CARE,279.0
2017-08-02,29,LADIESWEAR,0.0
2017-08-03,29,LADIESWEAR,0.0
2017-08-04,29,LADIESWEAR,0.0
2017-08-05,29,LADIESWEAR,0.0
2017-08-06,29,LADIESWEAR,0.0
2017-08-07,29,LADIESWEAR,0.0
2017-08-08,29,LADIESWEAR,0.0
2017-08-09,29,LADIESWEAR,0.0
2017-08-10,29,LADIESWEAR,0.0
2017-08-11,29,LADIESWEAR,0.0
2017-08-12,29,LADIESWEAR,0.0
2017-08-13,29,LADIESWEAR,0.0
2017-08-14,29,LADIESWEAR,0.0
2017-08-15,29,LADIESWEAR,0.0
2017-08-02,29,LAWN AND GARDEN,7.0
2017-08-03,29,LAWN AND GARDEN,3.0
2017-08-04,29,LAWN AND GARDEN,4.0
2017-08-05,29,LAWN AND GARDEN,20.0
2017-08-06,29,LAWN AND GARDEN,11.0
2017-08-07,29,LAWN AND GARDEN,2.0
2017-08-08,29,LAWN AND GARDEN,6.0
2017-08-09,29,LAWN AND GARDEN,14.0
2017-08-10,29,LAWN AND GARDEN,8.0
2017-08-11,29,LAWN AND GARDEN,4.0
2017-08-12,29,LAWN AND GARDEN,6.0
2017-08-13,29,LAWN AND GARDEN,8.0
2017-08-14,29,LAWN AND GARDEN,1.0
2017-08-15,29,LAWN AND GARDEN,6.0
2017-08-02,29,LINGERIE,5.0
2017-08-03,29,LINGERIE,4.0
2017-08-04,29,LINGERIE,1.0
2017-08-05,29,LINGERIE,6.0
2017-08-06,29,LINGERIE,9.0
2017-08-07,29,LINGERIE,4.0
2017-08-08,29,LINGERIE,6.0
2017-08-09,29,LINGERIE,14.0
2017-08-10,29,LINGERIE,5.0
2017-08-11,29,LINGERIE,5.0
2017-08-12,29,LINGERIE,14.0
2017-08-13,29,LINGERIE,9.0
2017-08-14,29,LINGERIE,2.0
2017-08-15,29,LINGERIE,3.0
2017-08-02,29,"LIQUOR,WINE,BEER",37.0
2017-08-03,29,"LIQUOR,WINE,BEER",123.0
2017-08-04,29,"LIQUOR,WINE,BEER",140.0
2017-08-05,29,"LIQUOR,WINE,BEER",217.0
2017-08-06,29,"LIQUOR,WINE,BEER",104.0
2017-08-07,29,"LIQUOR,WINE,BEER",32.0
2017-08-08,29,"LIQUOR,WINE,BEER",12.0
2017-08-09,29,"LIQUOR,WINE,BEER",67.0
2017-08-10,29,"LIQUOR,WINE,BEER",119.0
2017-08-11,29,"LIQUOR,WINE,BEER",278.0
2017-08-12,29,"LIQUOR,WINE,BEER",198.0
2017-08-13,29,"LIQUOR,WINE,BEER",42.0
2017-08-14,29,"LIQUOR,WINE,BEER",24.0
2017-08-15,29,"LIQUOR,WINE,BEER",66.0
2017-08-02,29,MAGAZINES,1.0
2017-08-03,29,MAGAZINES,1.0
2017-08-04,29,MAGAZINES,0.0
2017-08-05,29,MAGAZINES,2.0
2017-08-06,29,MAGAZINES,2.0
2017-08-07,29,MAGAZINES,1.0
2017-08-08,29,MAGAZINES,4.0
2017-08-09,29,MAGAZINES,0.0
2017-08-10,29,MAGAZINES,2.0
2017-08-11,29,MAGAZINES,0.0
2017-08-12,29,MAGAZINES,1.0
2017-08-13,29,MAGAZINES,3.0
2017-08-14,29,MAGAZINES,1.0
2017-08-15,29,MAGAZINES,4.0
2017-08-02,29,MEATS,122.368004
2017-08-03,29,MEATS,170.52899
2017-08-04,29,MEATS,99.03
2017-08-05,29,MEATS,135.768
2017-08-06,29,MEATS,155.771
2017-08-07,29,MEATS,137.021
2017-08-08,29,MEATS,120.024
2017-08-09,29,MEATS,109.348
2017-08-10,29,MEATS,124.842
2017-08-11,29,MEATS,118.437
2017-08-12,29,MEATS,79.501
2017-08-13,29,MEATS,157.371
2017-08-14,29,MEATS,115.857
2017-08-15,29,MEATS,130.392
2017-08-02,29,PERSONAL CARE,283.0
2017-08-03,29,PERSONAL CARE,221.0
2017-08-04,29,PERSONAL CARE,191.0
2017-08-05,29,PERSONAL CARE,278.0
2017-08-06,29,PERSONAL CARE,405.0
2017-08-07,29,PERSONAL CARE,219.0
2017-08-08,29,PERSONAL CARE,225.0
2017-08-09,29,PERSONAL CARE,139.0
2017-08-10,29,PERSONAL CARE,144.0
2017-08-11,29,PERSONAL CARE,189.0
2017-08-12,29,PERSONAL CARE,230.0
2017-08-13,29,PERSONAL CARE,272.0
2017-08-14,29,PERSONAL CARE,204.0
2017-08-15,29,PERSONAL CARE,216.0
2017-08-02,29,PET SUPPLIES,3.0
2017-08-03,29,PET SUPPLIES,5.0
2017-08-04,29,PET SUPPLIES,5.0
2017-08-05,29,PET SUPPLIES,7.0
2017-08-06,29,PET SUPPLIES,11.0
2017-08-07,29,PET SUPPLIES,1.0
2017-08-08,29,PET SUPPLIES,7.0
2017-08-09,29,PET SUPPLIES,1.0
2017-08-10,29,PET SUPPLIES,5.0
2017-08-11,29,PET SUPPLIES,3.0
2017-08-12,29,PET SUPPLIES,5.0
2017-08-13,29,PET SUPPLIES,6.0
2017-08-14,29,PET SUPPLIES,3.0
2017-08-15,29,PET SUPPLIES,0.0
2017-08-02,29,PLAYERS AND ELECTRONICS,9.0
2017-08-03,29,PLAYERS AND ELECTRONICS,1.0
2017-08-04,29,PLAYERS AND ELECTRONICS,4.0
2017-08-05,29,PLAYERS AND ELECTRONICS,2.0
2017-08-06,29,PLAYERS AND ELECTRONICS,12.0
2017-08-07,29,PLAYERS AND ELECTRONICS,4.0
2017-08-08,29,PLAYERS AND ELECTRONICS,7.0
2017-08-09,29,PLAYERS AND ELECTRONICS,1.0
2017-08-10,29,PLAYERS AND ELECTRONICS,2.0
2017-08-11,29,PLAYERS AND ELECTRONICS,9.0
2017-08-12,29,PLAYERS AND ELECTRONICS,12.0
2017-08-13,29,PLAYERS AND ELECTRONICS,10.0
2017-08-14,29,PLAYERS AND ELECTRONICS,3.0
2017-08-15,29,PLAYERS AND ELECTRONICS,3.0
2017-08-02,29,POULTRY,181.979
2017-08-03,29,POULTRY,201.873
2017-08-04,29,POULTRY,227.813
2017-08-05,29,POULTRY,180.435
2017-08-06,29,POULTRY,278.41
2017-08-07,29,POULTRY,213.445
2017-08-08,29,POULTRY,221.36
2017-08-09,29,POULTRY,136.87
2017-08-10,29,POULTRY,126.267
2017-08-11,29,POULTRY,259.38
2017-08-12,29,POULTRY,184.457
2017-08-13,29,POULTRY,218.471
2017-08-14,29,POULTRY,147.773
2017-08-15,29,POULTRY,165.984
2017-08-02,29,PREPARED FOODS,57.636
2017-08-03,29,PREPARED FOODS,40.591
2017-08-04,29,PREPARED FOODS,60.436
2017-08-05,29,PREPARED FOODS,68.237
2017-08-06,29,PREPARED FOODS,107.918
2017-08-07,29,PREPARED FOODS,62.816
2017-08-08,29,PREPARED FOODS,69.937
2017-08-09,29,PREPARED FOODS,62.816
2017-08-10,29,PREPARED FOODS,48.889
2017-08-11,29,PREPARED FOODS,70.667
2017-08-12,29,PREPARED FOODS,81.516
2017-08-13,29,PREPARED FOODS,89.765
2017-08-14,29,PREPARED FOODS,56.499
2017-08-15,29,PREPARED FOODS,93.841
2017-08-02,29,PRODUCE,1036.646
2017-08-03,29,PRODUCE,1038.334
2017-08-04,29,PRODUCE,785.52
2017-08-05,29,PRODUCE,1337.1
2017-08-06,29,PRODUCE,1546.479
2017-08-07,29,PRODUCE,1087.995
2017-08-08,29,PRODUCE,2251.4
2017-08-09,29,PRODUCE,791.476
2017-08-10,29,PRODUCE,728.328
2017-08-11,29,PRODUCE,893.801
2017-08-12,29,PRODUCE,1131.445
2017-08-13,29,PRODUCE,1536.727
2017-08-14,29,PRODUCE,870.321
2017-08-15,29,PRODUCE,2541.333
2017-08-02,29,SCHOOL AND OFFICE SUPPLIES,0.0
2017-08-03,29,SCHOOL AND OFFICE SUPPLIES,3.0
2017-08-04,29,SCHOOL AND OFFICE SUPPLIES,2.0
2017-08-05,29,SCHOOL AND OFFICE SUPPLIES,1.0
2017-08-06,29,SCHOOL AND OFFICE SUPPLIES,1.0
2017-08-07,29,SCHOOL AND OFFICE SUPPLIES,0.0
2017-08-08,29,SCHOOL AND OFFICE SUPPLIES,5.0
2017-08-09,29,SCHOOL AND OFFICE SUPPLIES,1.0
2017-08-10,29,SCHOOL AND OFFICE SUPPLIES,1.0
2017-08-11,29,SCHOOL AND OFFICE SUPPLIES,1.0
2017-08-12,29,SCHOOL AND OFFICE SUPPLIES,6.0
2017-08-13,29,SCHOOL AND OFFICE SUPPLIES,1.0
2017-08-14,29,SCHOOL AND OFFICE SUPPLIES,2.0
2017-08-15,29,SCHOOL AND OFFICE SUPPLIES,0.0
2017-08-02,29,SEAFOOD,10.0
2017-08-03,29,SEAFOOD,9.0
2017-08-04,29,SEAFOOD,4.0
2017-08-05,29,SEAFOOD,16.0
2017-08-06,29,SEAFOOD,8.0
2017-08-07,29,SEAFOOD,4.0
2017-08-08,29,SEAFOOD,7.0
2017-08-09,29,SEAFOOD,4.0
2017-08-10,29,SEAFOOD,6.0
2017-08-11,29,SEAFOOD,9.0
2017-08-12,29,SEAFOOD,5.0
2017-08-13,29,SEAFOOD,12.0
2017-08-14,29,SEAFOOD,8.0
2017-08-15,29,SEAFOOD,4.0
2017-08-02,30,AUTOMOTIVE,1.0
2017-08-03,30,AUTOMOTIVE,6.0
2017-08-04,30,AUTOMOTIVE,0.0
2017-08-05,30,AUTOMOTIVE,5.0
2017-08-06,30,AUTOMOTIVE,0.0
2017-08-07,30,AUTOMOTIVE,3.0
2017-08-08,30,AUTOMOTIVE,0.0
2017-08-09,30,AUTOMOTIVE,7.0
2017-08-10,30,AUTOMOTIVE,8.0
2017-08-11,30,AUTOMOTIVE,3.0
2017-08-12,30,AUTOMOTIVE,2.0
2017-08-13,30,AUTOMOTIVE,1.0
2017-08-14,30,AUTOMOTIVE,2.0
2017-08-15,30,AUTOMOTIVE,4.0
2017-08-02,30,BABY CARE,0.0
2017-08-03,30,BABY CARE,0.0
2017-08-04,30,BABY CARE,1.0
2017-08-05,30,BABY CARE,0.0
2017-08-06,30,BABY CARE,0.0
2017-08-07,30,BABY CARE,0.0
2017-08-08,30,BABY CARE,0.0
2017-08-09,30,BABY CARE,0.0
2017-08-10,30,BABY CARE,0.0
2017-08-11,30,BABY CARE,0.0
2017-08-12,30,BABY CARE,0.0
2017-08-13,30,BABY CARE,3.0
2017-08-14,30,BABY CARE,0.0
2017-08-15,30,BABY CARE,0.0
2017-08-02,30,BEAUTY,1.0
2017-08-03,30,BEAUTY,0.0
2017-08-04,30,BEAUTY,0.0
2017-08-05,30,BEAUTY,3.0
2017-08-06,30,BEAUTY,2.0
2017-08-07,30,BEAUTY,2.0
2017-08-08,30,BEAUTY,1.0
2017-08-09,30,BEAUTY,0.0
2017-08-10,30,BEAUTY,0.0
2017-08-11,30,BEAUTY,0.0
2017-08-12,30,BEAUTY,1.0
2017-08-13,30,BEAUTY,0.0
2017-08-14,30,BEAUTY,0.0
2017-08-15,30,BEAUTY,0.0
2017-08-02,30,BEVERAGES,1772.0
2017-08-03,30,BEVERAGES,1394.0
2017-08-04,30,BEVERAGES,1079.0
2017-08-05,30,BEVERAGES,1584.0
2017-08-06,30,BEVERAGES,1928.0
2017-08-07,30,BEVERAGES,1596.0
2017-08-08,30,BEVERAGES,1300.0
2017-08-09,30,BEVERAGES,1699.0
2017-08-10,30,BEVERAGES,1195.0
2017-08-11,30,BEVERAGES,1086.0
2017-08-12,30,BEVERAGES,1454.0
2017-08-13,30,BEVERAGES,1517.0
2017-08-14,30,BEVERAGES,1175.0
2017-08-15,30,BEVERAGES,4052.0
2017-08-02,30,BOOKS,0.0
2017-08-03,30,BOOKS,0.0
2017-08-04,30,BOOKS,0.0
2017-08-05,30,BOOKS,0.0
2017-08-06,30,BOOKS,0.0
2017-08-07,30,BOOKS,0.0
2017-08-08,30,BOOKS,0.0
2017-08-09,30,BOOKS,0.0
2017-08-10,30,BOOKS,0.0
2017-08-11,30,BOOKS,0.0
2017-08-12,30,BOOKS,0.0
2017-08-13,30,BOOKS,0.0
2017-08-14,30,BOOKS,0.0
2017-08-15,30,BOOKS,0.0
2017-08-02,30,BREAD/BAKERY,152.0
2017-08-03,30,BREAD/BAKERY,181.0
2017-08-04,30,BREAD/BAKERY,142.0
2017-08-05,30,BREAD/BAKERY,185.0
2017-08-06,30,BREAD/BAKERY,277.0
2017-08-07,30,BREAD/BAKERY,137.0
2017-08-08,30,BREAD/BAKERY,163.0
2017-08-09,30,BREAD/BAKERY,163.0
2017-08-10,30,BREAD/BAKERY,148.0
2017-08-11,30,BREAD/BAKERY,122.0
2017-08-12,30,BREAD/BAKERY,198.0
2017-08-13,30,BREAD/BAKERY,222.0
2017-08-14,30,BREAD/BAKERY,162.0
2017-08-15,30,BREAD/BAKERY,180.0
2017-08-02,30,CELEBRATION,5.0
2017-08-03,30,CELEBRATION,13.0
2017-08-04,30,CELEBRATION,4.0
2017-08-05,30,CELEBRATION,5.0
2017-08-06,30,CELEBRATION,9.0
2017-08-07,30,CELEBRATION,0.0
2017-08-08,30,CELEBRATION,1.0
2017-08-09,30,CELEBRATION,12.0
2017-08-10,30,CELEBRATION,3.0
2017-08-11,30,CELEBRATION,2.0
2017-08-12,30,CELEBRATION,1.0
2017-08-13,30,CELEBRATION,14.0
2017-08-14,30,CELEBRATION,7.0
2017-08-15,30,CELEBRATION,5.0
2017-08-02,30,CLEANING,1066.0
2017-08-03,30,CLEANING,846.0
2017-08-04,30,CLEANING,504.0
2017-08-05,30,CLEANING,509.0
2017-08-06,30,CLEANING,645.0
2017-08-07,30,CLEANING,440.0
2017-08-08,30,CLEANING,512.0
2017-08-09,30,CLEANING,397.0
2017-08-10,30,CLEANING,473.0
2017-08-11,30,CLEANING,419.0
2017-08-12,30,CLEANING,391.0
2017-08-13,30,CLEANING,564.0
2017-08-14,30,CLEANING,378.0
2017-08-15,30,CLEANING,914.0
2017-08-02,30,DAIRY,397.0
2017-08-03,30,DAIRY,233.0
2017-08-04,30,DAIRY,209.0
2017-08-05,30,DAIRY,242.0
2017-08-06,30,DAIRY,382.0
2017-08-07,30,DAIRY,254.0
2017-08-08,30,DAIRY,244.0
2017-08-09,30,DAIRY,304.0
2017-08-10,30,DAIRY,182.0
2017-08-11,30,DAIRY,212.0
2017-08-12,30,DAIRY,275.0
2017-08-13,30,DAIRY,286.0
2017-08-14,30,DAIRY,247.0
2017-08-15,30,DAIRY,308.0
2017-08-02,30,DELI,140.0
2017-08-03,30,DELI,99.0
2017-08-04,30,DELI,128.0
2017-08-05,30,DELI,109.0
2017-08-06,30,DELI,129.0
2017-08-07,30,DELI,101.0
2017-08-08,30,DELI,82.0
2017-08-09,30,DELI,106.0
2017-08-10,30,DELI,103.0
2017-08-11,30,DELI,141.0
2017-08-12,30,DELI,141.0
2017-08-13,30,DELI,112.0
2017-08-14,30,DELI,100.0
2017-08-15,30,DELI,166.0
2017-08-02,30,EGGS,111.0
2017-08-03,30,EGGS,104.0
2017-08-04,30,EGGS,133.0
2017-08-05,30,EGGS,134.0
2017-08-06,30,EGGS,183.0
2017-08-07,30,EGGS,299.0
2017-08-08,30,EGGS,115.0
2017-08-09,30,EGGS,101.0
2017-08-10,30,EGGS,60.0
2017-08-11,30,EGGS,131.0
2017-08-12,30,EGGS,128.0
2017-08-13,30,EGGS,203.0
2017-08-14,30,EGGS,212.0
2017-08-15,30,EGGS,88.0
2017-08-02,30,FROZEN FOODS,46.821
2017-08-03,30,FROZEN FOODS,38.555
2017-08-04,30,FROZEN FOODS,43.0
2017-08-05,30,FROZEN FOODS,100.0
2017-08-06,30,FROZEN FOODS,49.0
2017-08-07,30,FROZEN FOODS,34.0
2017-08-08,30,FROZEN FOODS,53.0
2017-08-09,30,FROZEN FOODS,40.55
2017-08-10,30,FROZEN FOODS,51.0
2017-08-11,30,FROZEN FOODS,72.0
2017-08-12,30,FROZEN FOODS,79.0
2017-08-13,30,FROZEN FOODS,25.0
2017-08-14,30,FROZEN FOODS,46.0
2017-08-15,30,FROZEN FOODS,43.0
2017-08-02,30,GROCERY I,2825.0
2017-08-03,30,GROCERY I,3520.0
2017-08-04,30,GROCERY I,1513.0
2017-08-05,30,GROCERY I,2009.0
2017-08-06,30,GROCERY I,2014.0
2017-08-07,30,GROCERY I,2769.0
2017-08-08,30,GROCERY I,1945.0
2017-08-09,30,GROCERY I,1637.0
2017-08-10,30,GROCERY I,2066.0
2017-08-11,30,GROCERY I,1852.0
2017-08-12,30,GROCERY I,1904.0
2017-08-13,30,GROCERY I,1938.0
2017-08-14,30,GROCERY I,1966.0
2017-08-15,30,GROCERY I,3306.0
2017-08-02,30,GROCERY II,11.0
2017-08-03,30,GROCERY II,1.0
2017-08-04,30,GROCERY II,1.0
2017-08-05,30,GROCERY II,6.0
2017-08-06,30,GROCERY II,24.0
2017-08-07,30,GROCERY II,8.0
2017-08-08,30,GROCERY II,3.0
2017-08-09,30,GROCERY II,0.0
2017-08-10,30,GROCERY II,7.0
2017-08-11,30,GROCERY II,9.0
2017-08-12,30,GROCERY II,4.0
2017-08-13,30,GROCERY II,12.0
2017-08-14,30,GROCERY II,14.0
2017-08-15,30,GROCERY II,5.0
2017-08-02,30,HARDWARE,0.0
2017-08-03,30,HARDWARE,0.0
2017-08-04,30,HARDWARE,0.0
2017-08-05,30,HARDWARE,0.0
2017-08-06,30,HARDWARE,0.0
2017-08-07,30,HARDWARE,0.0
2017-08-08,30,HARDWARE,0.0
2017-08-09,30,HARDWARE,0.0
2017-08-10,30,HARDWARE,0.0
2017-08-11,30,HARDWARE,0.0
2017-08-12,30,HARDWARE,2.0
2017-08-13,30,HARDWARE,1.0
2017-08-14,30,HARDWARE,0.0
2017-08-15,30,HARDWARE,0.0
2017-08-02,30,HOME AND KITCHEN I,12.0
2017-08-03,30,HOME AND KITCHEN I,11.0
2017-08-04,30,HOME AND KITCHEN I,17.0
2017-08-05,30,HOME AND KITCHEN I,11.0
2017-08-06,30,HOME AND KITCHEN I,27.0
2017-08-07,30,HOME AND KITCHEN I,3.0
2017-08-08,30,HOME AND KITCHEN I,16.0
2017-08-09,30,HOME AND KITCHEN I,13.0
2017-08-10,30,HOME AND KITCHEN I,6.0
2017-08-11,30,HOME AND KITCHEN I,6.0
2017-08-12,30,HOME AND KITCHEN I,14.0
2017-08-13,30,HOME AND KITCHEN I,19.0
2017-08-14,30,HOME AND KITCHEN I,20.0
2017-08-15,30,HOME AND KITCHEN I,8.0
2017-08-02,30,HOME AND KITCHEN II,12.0
2017-08-03,30,HOME AND KITCHEN II,10.0
2017-08-04,30,HOME AND KITCHEN II,9.0
2017-08-05,30,HOME AND KITCHEN II,7.0
2017-08-06,30,HOME AND KITCHEN II,10.0
2017-08-07,30,HOME AND KITCHEN II,2.0
2017-08-08,30,HOME AND KITCHEN II,7.0
2017-08-09,30,HOME AND KITCHEN II,10.0
2017-08-10,30,HOME AND KITCHEN II,9.0
2017-08-11,30,HOME AND KITCHEN II,13.0
2017-08-12,30,HOME AND KITCHEN II,7.0
2017-08-13,30,HOME AND KITCHEN II,6.0
2017-08-14,30,HOME AND KITCHEN II,3.0
2017-08-15,30,HOME AND KITCHEN II,8.0
2017-08-02,30,HOME APPLIANCES,0.0
2017-08-03,30,HOME APPLIANCES,0.0
2017-08-04,30,HOME APPLIANCES,0.0
2017-08-05,30,HOME APPLIANCES,0.0
2017-08-06,30,HOME APPLIANCES,0.0
2017-08-07,30,HOME APPLIANCES,0.0
2017-08-08,30,HOME APPLIANCES,0.0
2017-08-09,30,HOME APPLIANCES,0.0
2017-08-10,30,HOME APPLIANCES,0.0
2017-08-11,30,HOME APPLIANCES,0.0
2017-08-12,30,HOME APPLIANCES,0.0
2017-08-13,30,HOME APPLIANCES,0.0
2017-08-14,30,HOME APPLIANCES,0.0
2017-08-15,30,HOME APPLIANCES,0.0
2017-08-02,30,HOME CARE,160.0
2017-08-03,30,HOME CARE,244.0
2017-08-04,30,HOME CARE,95.0
2017-08-05,30,HOME CARE,118.0
2017-08-06,30,HOME CARE,116.0
2017-08-07,30,HOME CARE,118.0
2017-08-08,30,HOME CARE,105.0
2017-08-09,30,HOME CARE,119.0
2017-08-10,30,HOME CARE,249.0
2017-08-11,30,HOME CARE,94.0
2017-08-12,30,HOME CARE,266.0
2017-08-13,30,HOME CARE,118.0
2017-08-14,30,HOME CARE,116.0
2017-08-15,30,HOME CARE,152.0
2017-08-02,30,LADIESWEAR,0.0
2017-08-03,30,LADIESWEAR,0.0
2017-08-04,30,LADIESWEAR,0.0
2017-08-05,30,LADIESWEAR,0.0
2017-08-06,30,LADIESWEAR,0.0
2017-08-07,30,LADIESWEAR,0.0
2017-08-08,30,LADIESWEAR,3.0
2017-08-09,30,LADIESWEAR,0.0
2017-08-10,30,LADIESWEAR,0.0
2017-08-11,30,LADIESWEAR,0.0
2017-08-12,30,LADIESWEAR,1.0
2017-08-13,30,LADIESWEAR,6.0
2017-08-14,30,LADIESWEAR,0.0
2017-08-15,30,LADIESWEAR,0.0
2017-08-02,30,LAWN AND GARDEN,0.0
2017-08-03,30,LAWN AND GARDEN,0.0
2017-08-04,30,LAWN AND GARDEN,0.0
2017-08-05,30,LAWN AND GARDEN,0.0
2017-08-06,30,LAWN AND GARDEN,0.0
2017-08-07,30,LAWN AND GARDEN,0.0
2017-08-08,30,LAWN AND GARDEN,0.0
2017-08-09,30,LAWN AND GARDEN,0.0
2017-08-10,30,LAWN AND GARDEN,0.0
2017-08-11,30,LAWN AND GARDEN,0.0
2017-08-12,30,LAWN AND GARDEN,0.0
2017-08-13,30,LAWN AND GARDEN,0.0
2017-08-14,30,LAWN AND GARDEN,0.0
2017-08-15,30,LAWN AND GARDEN,0.0
2017-08-02,30,LINGERIE,2.0
2017-08-03,30,LINGERIE,7.0
2017-08-04,30,LINGERIE,5.0
2017-08-05,30,LINGERIE,2.0
2017-08-06,30,LINGERIE,2.0
2017-08-07,30,LINGERIE,2.0
2017-08-08,30,LINGERIE,0.0
2017-08-09,30,LINGERIE,1.0
2017-08-10,30,LINGERIE,2.0
2017-08-11,30,LINGERIE,6.0
2017-08-12,30,LINGERIE,1.0
2017-08-13,30,LINGERIE,3.0
2017-08-14,30,LINGERIE,2.0
2017-08-15,30,LINGERIE,2.0
2017-08-02,30,"LIQUOR,WINE,BEER",15.0
2017-08-03,30,"LIQUOR,WINE,BEER",11.0
2017-08-04,30,"LIQUOR,WINE,BEER",29.0
2017-08-05,30,"LIQUOR,WINE,BEER",127.0
2017-08-06,30,"LIQUOR,WINE,BEER",47.0
2017-08-07,30,"LIQUOR,WINE,BEER",25.0
2017-08-08,30,"LIQUOR,WINE,BEER",29.0
2017-08-09,30,"LIQUOR,WINE,BEER",33.0
2017-08-10,30,"LIQUOR,WINE,BEER",36.0
2017-08-11,30,"LIQUOR,WINE,BEER",118.0
2017-08-12,30,"LIQUOR,WINE,BEER",73.0
2017-08-13,30,"LIQUOR,WINE,BEER",25.0
2017-08-14,30,"LIQUOR,WINE,BEER",25.0
2017-08-15,30,"LIQUOR,WINE,BEER",8.0
2017-08-02,30,MAGAZINES,0.0
2017-08-03,30,MAGAZINES,0.0
2017-08-04,30,MAGAZINES,1.0
2017-08-05,30,MAGAZINES,0.0
2017-08-06,30,MAGAZINES,3.0
2017-08-07,30,MAGAZINES,0.0
2017-08-08,30,MAGAZINES,0.0
2017-08-09,30,MAGAZINES,1.0
2017-08-10,30,MAGAZINES,2.0
2017-08-11,30,MAGAZINES,1.0
2017-08-12,30,MAGAZINES,3.0
2017-08-13,30,MAGAZINES,0.0
2017-08-14,30,MAGAZINES,0.0
2017-08-15,30,MAGAZINES,1.0
2017-08-02,30,MEATS,76.798004
2017-08-03,30,MEATS,167.655
2017-08-04,30,MEATS,57.587
2017-08-05,30,MEATS,79.164
2017-08-06,30,MEATS,49.174
2017-08-07,30,MEATS,42.652
2017-08-08,30,MEATS,60.294
2017-08-09,30,MEATS,48.245
2017-08-10,30,MEATS,140.068
2017-08-11,30,MEATS,39.857
2017-08-12,30,MEATS,68.068
2017-08-13,30,MEATS,56.191
2017-08-14,30,MEATS,45.968
2017-08-15,30,MEATS,91.051
2017-08-02,30,PERSONAL CARE,100.0
2017-08-03,30,PERSONAL CARE,61.0
2017-08-04,30,PERSONAL CARE,65.0
2017-08-05,30,PERSONAL CARE,112.0
2017-08-06,30,PERSONAL CARE,97.0
2017-08-07,30,PERSONAL CARE,98.0
2017-08-08,30,PERSONAL CARE,63.0
2017-08-09,30,PERSONAL CARE,62.0
2017-08-10,30,PERSONAL CARE,77.0
2017-08-11,30,PERSONAL CARE,91.0
2017-08-12,30,PERSONAL CARE,57.0
2017-08-13,30,PERSONAL CARE,91.0
2017-08-14,30,PERSONAL CARE,63.0
2017-08-15,30,PERSONAL CARE,167.0
2017-08-02,30,PET SUPPLIES,3.0
2017-08-03,30,PET SUPPLIES,1.0
2017-08-04,30,PET SUPPLIES,6.0
2017-08-05,30,PET SUPPLIES,3.0
2017-08-06,30,PET SUPPLIES,1.0
2017-08-07,30,PET SUPPLIES,2.0
2017-08-08,30,PET SUPPLIES,0.0
2017-08-09,30,PET SUPPLIES,1.0
2017-08-10,30,PET SUPPLIES,1.0
2017-08-11,30,PET SUPPLIES,3.0
2017-08-12,30,PET SUPPLIES,3.0
2017-08-13,30,PET SUPPLIES,2.0
2017-08-14,30,PET SUPPLIES,2.0
2017-08-15,30,PET SUPPLIES,2.0
2017-08-02,30,PLAYERS AND ELECTRONICS,3.0
2017-08-03,30,PLAYERS AND ELECTRONICS,7.0
2017-08-04,30,PLAYERS AND ELECTRONICS,3.0
2017-08-05,30,PLAYERS AND ELECTRONICS,9.0
2017-08-06,30,PLAYERS AND ELECTRONICS,6.0
2017-08-07,30,PLAYERS AND ELECTRONICS,2.0
2017-08-08,30,PLAYERS AND ELECTRONICS,4.0
2017-08-09,30,PLAYERS AND ELECTRONICS,5.0
2017-08-10,30,PLAYERS AND ELECTRONICS,5.0
2017-08-11,30,PLAYERS AND ELECTRONICS,2.0
2017-08-12,30,PLAYERS AND ELECTRONICS,2.0
2017-08-13,30,PLAYERS AND ELECTRONICS,6.0
2017-08-14,30,PLAYERS AND ELECTRONICS,4.0
2017-08-15,30,PLAYERS AND ELECTRONICS,6.0
2017-08-02,30,POULTRY,100.234
2017-08-03,30,POULTRY,121.319
2017-08-04,30,POULTRY,105.261
2017-08-05,30,POULTRY,146.488
2017-08-06,30,POULTRY,136.231
2017-08-07,30,POULTRY,118.731
2017-08-08,30,POULTRY,89.192
2017-08-09,30,POULTRY,96.109
2017-08-10,30,POULTRY,104.863
2017-08-11,30,POULTRY,152.055
2017-08-12,30,POULTRY,90.248
2017-08-13,30,POULTRY,108.153
2017-08-14,30,POULTRY,91.344
2017-08-15,30,POULTRY,132.532
2017-08-02,30,PREPARED FOODS,17.0
2017-08-03,30,PREPARED FOODS,28.0
2017-08-04,30,PREPARED FOODS,19.0
2017-08-05,30,PREPARED FOODS,18.0
2017-08-06,30,PREPARED FOODS,30.0
2017-08-07,30,PREPARED FOODS,22.0
2017-08-08,30,PREPARED FOODS,22.0
2017-08-09,30,PREPARED FOODS,20.0
2017-08-10,30,PREPARED FOODS,22.0
2017-08-11,30,PREPARED FOODS,29.0
2017-08-12,30,PREPARED FOODS,13.0
2017-08-13,30,PREPARED FOODS,29.0
2017-08-14,30,PREPARED FOODS,9.0
2017-08-15,30,PREPARED FOODS,66.0
2017-08-02,30,PRODUCE,485.754
2017-08-03,30,PRODUCE,471.637
2017-08-04,30,PRODUCE,408.296
2017-08-05,30,PRODUCE,484.721
2017-08-06,30,PRODUCE,638.62
2017-08-07,30,PRODUCE,572.671
2017-08-08,30,PRODUCE,1349.111
2017-08-09,30,PRODUCE,438.134
2017-08-10,30,PRODUCE,425.557
2017-08-11,30,PRODUCE,500.941
2017-08-12,30,PRODUCE,432.549
2017-08-13,30,PRODUCE,479.459
2017-08-14,30,PRODUCE,594.232
2017-08-15,30,PRODUCE,1263.186
2017-08-02,30,SCHOOL AND OFFICE SUPPLIES,0.0
2017-08-03,30,SCHOOL AND OFFICE SUPPLIES,1.0
2017-08-04,30,SCHOOL AND OFFICE SUPPLIES,0.0
2017-08-05,30,SCHOOL AND OFFICE SUPPLIES,0.0
2017-08-06,30,SCHOOL AND OFFICE SUPPLIES,0.0
2017-08-07,30,SCHOOL AND OFFICE SUPPLIES,0.0
2017-08-08,30,SCHOOL AND OFFICE SUPPLIES,1.0
2017-08-09,30,SCHOOL AND OFFICE SUPPLIES,0.0
2017-08-10,30,SCHOOL AND OFFICE SUPPLIES,0.0
2017-08-11,30,SCHOOL AND OFFICE SUPPLIES,0.0
2017-08-12,30,SCHOOL AND OFFICE SUPPLIES,0.0
2017-08-13,30,SCHOOL AND OFFICE SUPPLIES,0.0
2017-08-14,30,SCHOOL AND OFFICE SUPPLIES,0.0
2017-08-15,30,SCHOOL AND OFFICE SUPPLIES,0.0
2017-08-02,30,SEAFOOD,4.0
2017-08-03,30,SEAFOOD,4.0
2017-08-04,30,SEAFOOD,6.0
2017-08-05,30,SEAFOOD,2.0
2017-08-06,30,SEAFOOD,7.0
2017-08-07,30,SEAFOOD,8.0
2017-08-08,30,SEAFOOD,0.0
2017-08-09,30,SEAFOOD,6.0
2017-08-10,30,SEAFOOD,1.0
2017-08-11,30,SEAFOOD,4.0
2017-08-12,30,SEAFOOD,8.0
2017-08-13,30,SEAFOOD,2.0
2017-08-14,30,SEAFOOD,3.0
2017-08-15,30,SEAFOOD,5.0
2017-08-02,31,AUTOMOTIVE,6.0
2017-08-03,31,AUTOMOTIVE,13.0
2017-08-04,31,AUTOMOTIVE,16.0
2017-08-05,31,AUTOMOTIVE,12.0
2017-08-06,31,AUTOMOTIVE,10.0
2017-08-07,31,AUTOMOTIVE,12.0
2017-08-08,31,AUTOMOTIVE,3.0
2017-08-09,31,AUTOMOTIVE,15.0
2017-08-10,31,AUTOMOTIVE,7.0
2017-08-11,31,AUTOMOTIVE,10.0
2017-08-12,31,AUTOMOTIVE,11.0
2017-08-13,31,AUTOMOTIVE,7.0
2017-08-14,31,AUTOMOTIVE,6.0
2017-08-15,31,AUTOMOTIVE,7.0
2017-08-02,31,BABY CARE,1.0
2017-08-03,31,BABY CARE,0.0
2017-08-04,31,BABY CARE,1.0
2017-08-05,31,BABY CARE,0.0
2017-08-06,31,BABY CARE,0.0
2017-08-07,31,BABY CARE,0.0
2017-08-08,31,BABY CARE,0.0
2017-08-09,31,BABY CARE,0.0
2017-08-10,31,BABY CARE,0.0
2017-08-11,31,BABY CARE,0.0
2017-08-12,31,BABY CARE,0.0
2017-08-13,31,BABY CARE,0.0
2017-08-14,31,BABY CARE,0.0
2017-08-15,31,BABY CARE,0.0
2017-08-02,31,BEAUTY,3.0
2017-08-03,31,BEAUTY,0.0
2017-08-04,31,BEAUTY,0.0
2017-08-05,31,BEAUTY,3.0
2017-08-06,31,BEAUTY,2.0
2017-08-07,31,BEAUTY,1.0
2017-08-08,31,BEAUTY,1.0
2017-08-09,31,BEAUTY,0.0
2017-08-10,31,BEAUTY,2.0
2017-08-11,31,BEAUTY,5.0
2017-08-12,31,BEAUTY,3.0
2017-08-13,31,BEAUTY,1.0
2017-08-14,31,BEAUTY,0.0
2017-08-15,31,BEAUTY,0.0
2017-08-02,31,BEVERAGES,3297.0
2017-08-03,31,BEVERAGES,2784.0
2017-08-04,31,BEVERAGES,3073.0
2017-08-05,31,BEVERAGES,3921.0
2017-08-06,31,BEVERAGES,5854.0
2017-08-07,31,BEVERAGES,3562.0
2017-08-08,31,BEVERAGES,3260.0
2017-08-09,31,BEVERAGES,2766.0
2017-08-10,31,BEVERAGES,2670.0
2017-08-11,31,BEVERAGES,5050.0
2017-08-12,31,BEVERAGES,2757.0
2017-08-13,31,BEVERAGES,4169.0
2017-08-14,31,BEVERAGES,3948.0
2017-08-15,31,BEVERAGES,3981.0
2017-08-02,31,BOOKS,0.0
2017-08-03,31,BOOKS,0.0
2017-08-04,31,BOOKS,0.0
2017-08-05,31,BOOKS,0.0
2017-08-06,31,BOOKS,0.0
2017-08-07,31,BOOKS,0.0
2017-08-08,31,BOOKS,0.0
2017-08-09,31,BOOKS,0.0
2017-08-10,31,BOOKS,0.0
2017-08-11,31,BOOKS,0.0
2017-08-12,31,BOOKS,0.0
2017-08-13,31,BOOKS,0.0
2017-08-14,31,BOOKS,0.0
2017-08-15,31,BOOKS,0.0
2017-08-02,31,BREAD/BAKERY,532.0
2017-08-03,31,BREAD/BAKERY,630.0
2017-08-04,31,BREAD/BAKERY,560.0
2017-08-05,31,BREAD/BAKERY,609.0
2017-08-06,31,BREAD/BAKERY,831.0
2017-08-07,31,BREAD/BAKERY,698.0
2017-08-08,31,BREAD/BAKERY,586.0
2017-08-09,31,BREAD/BAKERY,415.0
2017-08-10,31,BREAD/BAKERY,441.0
2017-08-11,31,BREAD/BAKERY,516.0
2017-08-12,31,BREAD/BAKERY,483.0
2017-08-13,31,BREAD/BAKERY,718.0
2017-08-14,31,BREAD/BAKERY,585.0
2017-08-15,31,BREAD/BAKERY,700.0
2017-08-02,31,CELEBRATION,7.0
2017-08-03,31,CELEBRATION,10.0
2017-08-04,31,CELEBRATION,9.0
2017-08-05,31,CELEBRATION,16.0
2017-08-06,31,CELEBRATION,7.0
2017-08-07,31,CELEBRATION,3.0
2017-08-08,31,CELEBRATION,15.0
2017-08-09,31,CELEBRATION,10.0
2017-08-10,31,CELEBRATION,13.0
2017-08-11,31,CELEBRATION,15.0
2017-08-12,31,CELEBRATION,9.0
2017-08-13,31,CELEBRATION,6.0
2017-08-14,31,CELEBRATION,10.0
2017-08-15,31,CELEBRATION,9.0
2017-08-02,31,CLEANING,2419.0
2017-08-03,31,CLEANING,1568.0
2017-08-04,31,CLEANING,1193.0
2017-08-05,31,CLEANING,1705.0
2017-08-06,31,CLEANING,2009.0
2017-08-07,31,CLEANING,1162.0
2017-08-08,31,CLEANING,1022.0
2017-08-09,31,CLEANING,764.0
2017-08-10,31,CLEANING,800.0
2017-08-11,31,CLEANING,959.0
2017-08-12,31,CLEANING,1250.0
2017-08-13,31,CLEANING,1349.0
2017-08-14,31,CLEANING,886.0
2017-08-15,31,CLEANING,994.0
2017-08-02,31,DAIRY,824.0
2017-08-03,31,DAIRY,565.0
2017-08-04,31,DAIRY,579.0
2017-08-05,31,DAIRY,759.0
2017-08-06,31,DAIRY,1085.0
2017-08-07,31,DAIRY,643.0
2017-08-08,31,DAIRY,623.0
2017-08-09,31,DAIRY,651.0
2017-08-10,31,DAIRY,456.0
2017-08-11,31,DAIRY,555.0
2017-08-12,31,DAIRY,719.0
2017-08-13,31,DAIRY,859.0
2017-08-14,31,DAIRY,564.0
2017-08-15,31,DAIRY,624.0
2017-08-02,31,DELI,226.207
2017-08-03,31,DELI,189.298
2017-08-04,31,DELI,330.216
2017-08-05,31,DELI,279.836
2017-08-06,31,DELI,379.364
2017-08-07,31,DELI,214.077
2017-08-08,31,DELI,189.184
2017-08-09,31,DELI,185.141
2017-08-10,31,DELI,194.645
2017-08-11,31,DELI,327.219
2017-08-12,31,DELI,250.414
2017-08-13,31,DELI,273.456
2017-08-14,31,DELI,207.001
2017-08-15,31,DELI,209.515
2017-08-02,31,EGGS,216.0
2017-08-03,31,EGGS,288.0
2017-08-04,31,EGGS,331.0
2017-08-05,31,EGGS,242.0
2017-08-06,31,EGGS,364.0
2017-08-07,31,EGGS,409.0
2017-08-08,31,EGGS,341.0
2017-08-09,31,EGGS,237.0
2017-08-10,31,EGGS,164.0
2017-08-11,31,EGGS,330.0
2017-08-12,31,EGGS,246.0
2017-08-13,31,EGGS,411.0
2017-08-14,31,EGGS,479.0
2017-08-15,31,EGGS,366.0
2017-08-02,31,FROZEN FOODS,61.932
2017-08-03,31,FROZEN FOODS,67.979004
2017-08-04,31,FROZEN FOODS,44.974
2017-08-05,31,FROZEN FOODS,156.286
2017-08-06,31,FROZEN FOODS,64.0
2017-08-07,31,FROZEN FOODS,49.325
2017-08-08,31,FROZEN FOODS,89.825
2017-08-09,31,FROZEN FOODS,103.3
2017-08-10,31,FROZEN FOODS,71.254
2017-08-11,31,FROZEN FOODS,115.0
2017-08-12,31,FROZEN FOODS,227.09
2017-08-13,31,FROZEN FOODS,42.0
2017-08-14,31,FROZEN FOODS,40.0
2017-08-15,31,FROZEN FOODS,98.611
2017-08-02,31,GROCERY I,5538.664
2017-08-03,31,GROCERY I,4201.711
2017-08-04,31,GROCERY I,5513.344
2017-08-05,31,GROCERY I,5785.695
2017-08-06,31,GROCERY I,6324.0
2017-08-07,31,GROCERY I,4434.734
2017-08-08,31,GROCERY I,4441.289
2017-08-09,31,GROCERY I,4669.398
2017-08-10,31,GROCERY I,3327.578
2017-08-11,31,GROCERY I,4205.844
2017-08-12,31,GROCERY I,4703.273
2017-08-13,31,GROCERY I,5742.523
2017-08-14,31,GROCERY I,3883.875
2017-08-15,31,GROCERY I,4616.0
2017-08-02,31,GROCERY II,5.0
2017-08-03,31,GROCERY II,17.0
2017-08-04,31,GROCERY II,8.0
2017-08-05,31,GROCERY II,8.0
2017-08-06,31,GROCERY II,14.0
2017-08-07,31,GROCERY II,19.0
2017-08-08,31,GROCERY II,13.0
2017-08-09,31,GROCERY II,24.0
2017-08-10,31,GROCERY II,5.0
2017-08-11,31,GROCERY II,6.0
2017-08-12,31,GROCERY II,20.0
2017-08-13,31,GROCERY II,9.0
2017-08-14,31,GROCERY II,17.0
2017-08-15,31,GROCERY II,11.0
2017-08-02,31,HARDWARE,0.0
2017-08-03,31,HARDWARE,2.0
2017-08-04,31,HARDWARE,0.0
2017-08-05,31,HARDWARE,0.0
2017-08-06,31,HARDWARE,0.0
2017-08-07,31,HARDWARE,0.0
2017-08-08,31,HARDWARE,0.0
2017-08-09,31,HARDWARE,0.0
2017-08-10,31,HARDWARE,0.0
2017-08-11,31,HARDWARE,1.0
2017-08-12,31,HARDWARE,0.0
2017-08-13,31,HARDWARE,1.0
2017-08-14,31,HARDWARE,0.0
2017-08-15,31,HARDWARE,2.0
2017-08-02,31,HOME AND KITCHEN I,17.0
2017-08-03,31,HOME AND KITCHEN I,15.0
2017-08-04,31,HOME AND KITCHEN I,44.0
2017-08-05,31,HOME AND KITCHEN I,24.0
2017-08-06,31,HOME AND KITCHEN I,37.0
2017-08-07,31,HOME AND KITCHEN I,15.0
2017-08-08,31,HOME AND KITCHEN I,10.0
2017-08-09,31,HOME AND KITCHEN I,12.0
2017-08-10,31,HOME AND KITCHEN I,24.0
2017-08-11,31,HOME AND KITCHEN I,11.0
2017-08-12,31,HOME AND KITCHEN I,23.0
2017-08-13,31,HOME AND KITCHEN I,42.0
2017-08-14,31,HOME AND KITCHEN I,26.0
2017-08-15,31,HOME AND KITCHEN I,16.0
2017-08-02,31,HOME AND KITCHEN II,19.0
2017-08-03,31,HOME AND KITCHEN II,31.0
2017-08-04,31,HOME AND KITCHEN II,26.0
2017-08-05,31,HOME AND KITCHEN II,22.0
2017-08-06,31,HOME AND KITCHEN II,21.0
2017-08-07,31,HOME AND KITCHEN II,19.0
2017-08-08,31,HOME AND KITCHEN II,14.0
2017-08-09,31,HOME AND KITCHEN II,14.0
2017-08-10,31,HOME AND KITCHEN II,12.0
2017-08-11,31,HOME AND KITCHEN II,29.0
2017-08-12,31,HOME AND KITCHEN II,15.0
2017-08-13,31,HOME AND KITCHEN II,33.0
2017-08-14,31,HOME AND KITCHEN II,11.0
2017-08-15,31,HOME AND KITCHEN II,15.0
2017-08-02,31,HOME APPLIANCES,0.0
2017-08-03,31,HOME APPLIANCES,0.0
2017-08-04,31,HOME APPLIANCES,0.0
2017-08-05,31,HOME APPLIANCES,0.0
2017-08-06,31,HOME APPLIANCES,0.0
2017-08-07,31,HOME APPLIANCES,0.0
2017-08-08,31,HOME APPLIANCES,0.0
2017-08-09,31,HOME APPLIANCES,0.0
2017-08-10,31,HOME APPLIANCES,0.0
2017-08-11,31,HOME APPLIANCES,0.0
2017-08-12,31,HOME APPLIANCES,0.0
2017-08-13,31,HOME APPLIANCES,0.0
2017-08-14,31,HOME APPLIANCES,0.0
2017-08-15,31,HOME APPLIANCES,0.0
2017-08-02,31,HOME CARE,284.0
2017-08-03,31,HOME CARE,258.0
2017-08-04,31,HOME CARE,266.0
2017-08-05,31,HOME CARE,338.0
2017-08-06,31,HOME CARE,448.0
2017-08-07,31,HOME CARE,272.0
2017-08-08,31,HOME CARE,239.0
2017-08-09,31,HOME CARE,191.0
2017-08-10,31,HOME CARE,284.0
2017-08-11,31,HOME CARE,237.0
2017-08-12,31,HOME CARE,235.0
2017-08-13,31,HOME CARE,349.0
2017-08-14,31,HOME CARE,242.0
2017-08-15,31,HOME CARE,268.0
2017-08-02,31,LADIESWEAR,0.0
2017-08-03,31,LADIESWEAR,2.0
2017-08-04,31,LADIESWEAR,0.0
2017-08-05,31,LADIESWEAR,0.0
2017-08-06,31,LADIESWEAR,1.0
2017-08-07,31,LADIESWEAR,0.0
2017-08-08,31,LADIESWEAR,1.0
2017-08-09,31,LADIESWEAR,3.0
2017-08-10,31,LADIESWEAR,0.0
2017-08-11,31,LADIESWEAR,1.0
2017-08-12,31,LADIESWEAR,1.0
2017-08-13,31,LADIESWEAR,1.0
2017-08-14,31,LADIESWEAR,1.0
2017-08-15,31,LADIESWEAR,0.0
2017-08-02,31,LAWN AND GARDEN,6.0
2017-08-03,31,LAWN AND GARDEN,2.0
2017-08-04,31,LAWN AND GARDEN,0.0
2017-08-05,31,LAWN AND GARDEN,2.0
2017-08-06,31,LAWN AND GARDEN,9.0
2017-08-07,31,LAWN AND GARDEN,17.0
2017-08-08,31,LAWN AND GARDEN,10.0
2017-08-09,31,LAWN AND GARDEN,9.0
2017-08-10,31,LAWN AND GARDEN,7.0
2017-08-11,31,LAWN AND GARDEN,12.0
2017-08-12,31,LAWN AND GARDEN,10.0
2017-08-13,31,LAWN AND GARDEN,7.0
2017-08-14,31,LAWN AND GARDEN,7.0
2017-08-15,31,LAWN AND GARDEN,6.0
2017-08-02,31,LINGERIE,5.0
2017-08-03,31,LINGERIE,28.0
2017-08-04,31,LINGERIE,12.0
2017-08-05,31,LINGERIE,6.0
2017-08-06,31,LINGERIE,11.0
2017-08-07,31,LINGERIE,7.0
2017-08-08,31,LINGERIE,8.0
2017-08-09,31,LINGERIE,4.0
2017-08-10,31,LINGERIE,12.0
2017-08-11,31,LINGERIE,6.0
2017-08-12,31,LINGERIE,7.0
2017-08-13,31,LINGERIE,10.0
2017-08-14,31,LINGERIE,2.0
2017-08-15,31,LINGERIE,13.0
2017-08-02,31,"LIQUOR,WINE,BEER",12.0
2017-08-03,31,"LIQUOR,WINE,BEER",14.0
2017-08-04,31,"LIQUOR,WINE,BEER",22.0
2017-08-05,31,"LIQUOR,WINE,BEER",27.0
2017-08-06,31,"LIQUOR,WINE,BEER",22.0
2017-08-07,31,"LIQUOR,WINE,BEER",18.0
2017-08-08,31,"LIQUOR,WINE,BEER",23.0
2017-08-09,31,"LIQUOR,WINE,BEER",11.0
2017-08-10,31,"LIQUOR,WINE,BEER",23.0
2017-08-11,31,"LIQUOR,WINE,BEER",64.0
2017-08-12,31,"LIQUOR,WINE,BEER",15.0
2017-08-13,31,"LIQUOR,WINE,BEER",15.0
2017-08-14,31,"LIQUOR,WINE,BEER",13.0
2017-08-15,31,"LIQUOR,WINE,BEER",21.0
2017-08-02,31,MAGAZINES,1.0
2017-08-03,31,MAGAZINES,2.0
2017-08-04,31,MAGAZINES,0.0
2017-08-05,31,MAGAZINES,3.0
2017-08-06,31,MAGAZINES,3.0
2017-08-07,31,MAGAZINES,2.0
2017-08-08,31,MAGAZINES,1.0
2017-08-09,31,MAGAZINES,3.0
2017-08-10,31,MAGAZINES,1.0
2017-08-11,31,MAGAZINES,1.0
2017-08-12,31,MAGAZINES,2.0
2017-08-13,31,MAGAZINES,4.0
2017-08-14,31,MAGAZINES,1.0
2017-08-15,31,MAGAZINES,0.0
2017-08-02,31,MEATS,363.112
2017-08-03,31,MEATS,768.375
2017-08-04,31,MEATS,336.675
2017-08-05,31,MEATS,377.66602
2017-08-06,31,MEATS,449.053
2017-08-07,31,MEATS,314.392
2017-08-08,31,MEATS,299.171
2017-08-09,31,MEATS,280.835
2017-08-10,31,MEATS,680.762
2017-08-11,31,MEATS,314.02798
2017-08-12,31,MEATS,342.718
2017-08-13,31,MEATS,373.06702
2017-08-14,31,MEATS,330.253
2017-08-15,31,MEATS,332.096
2017-08-02,31,PERSONAL CARE,273.0
2017-08-03,31,PERSONAL CARE,284.0
2017-08-04,31,PERSONAL CARE,213.0
2017-08-05,31,PERSONAL CARE,341.0
2017-08-06,31,PERSONAL CARE,492.0
2017-08-07,31,PERSONAL CARE,304.0
2017-08-08,31,PERSONAL CARE,207.0
2017-08-09,31,PERSONAL CARE,186.0
2017-08-10,31,PERSONAL CARE,170.0
2017-08-11,31,PERSONAL CARE,199.0
2017-08-12,31,PERSONAL CARE,205.0
2017-08-13,31,PERSONAL CARE,329.0
2017-08-14,31,PERSONAL CARE,214.0
2017-08-15,31,PERSONAL CARE,224.0
2017-08-02,31,PET SUPPLIES,6.0
2017-08-03,31,PET SUPPLIES,4.0
2017-08-04,31,PET SUPPLIES,1.0
2017-08-05,31,PET SUPPLIES,8.0
2017-08-06,31,PET SUPPLIES,3.0
2017-08-07,31,PET SUPPLIES,5.0
2017-08-08,31,PET SUPPLIES,3.0
2017-08-09,31,PET SUPPLIES,3.0
2017-08-10,31,PET SUPPLIES,2.0
2017-08-11,31,PET SUPPLIES,11.0
2017-08-12,31,PET SUPPLIES,7.0
2017-08-13,31,PET SUPPLIES,5.0
2017-08-14,31,PET SUPPLIES,3.0
2017-08-15,31,PET SUPPLIES,3.0
2017-08-02,31,PLAYERS AND ELECTRONICS,7.0
2017-08-03,31,PLAYERS AND ELECTRONICS,6.0
2017-08-04,31,PLAYERS AND ELECTRONICS,7.0
2017-08-05,31,PLAYERS AND ELECTRONICS,8.0
2017-08-06,31,PLAYERS AND ELECTRONICS,20.0
2017-08-07,31,PLAYERS AND ELECTRONICS,4.0
2017-08-08,31,PLAYERS AND ELECTRONICS,9.0
2017-08-09,31,PLAYERS AND ELECTRONICS,4.0
2017-08-10,31,PLAYERS AND ELECTRONICS,2.0
2017-08-11,31,PLAYERS AND ELECTRONICS,6.0
2017-08-12,31,PLAYERS AND ELECTRONICS,9.0
2017-08-13,31,PLAYERS AND ELECTRONICS,8.0
2017-08-14,31,PLAYERS AND ELECTRONICS,2.0
2017-08-15,31,PLAYERS AND ELECTRONICS,4.0
2017-08-02,31,POULTRY,123.106
2017-08-03,31,POULTRY,139.212
2017-08-04,31,POULTRY,141.195
2017-08-05,31,POULTRY,165.336
2017-08-06,31,POULTRY,147.45
2017-08-07,31,POULTRY,159.477
2017-08-08,31,POULTRY,166.162
2017-08-09,31,POULTRY,92.235
2017-08-10,31,POULTRY,148.15799
2017-08-11,31,POULTRY,158.831
2017-08-12,31,POULTRY,144.674
2017-08-13,31,POULTRY,134.592
2017-08-14,31,POULTRY,88.384
2017-08-15,31,POULTRY,101.463
2017-08-02,31,PREPARED FOODS,89.888
2017-08-03,31,PREPARED FOODS,53.0
2017-08-04,31,PREPARED FOODS,60.0
2017-08-05,31,PREPARED FOODS,89.996
2017-08-06,31,PREPARED FOODS,125.0
2017-08-07,31,PREPARED FOODS,58.064
2017-08-08,31,PREPARED FOODS,67.868
2017-08-09,31,PREPARED FOODS,44.0
2017-08-10,31,PREPARED FOODS,43.043
2017-08-11,31,PREPARED FOODS,71.0
2017-08-12,31,PREPARED FOODS,89.972
2017-08-13,31,PREPARED FOODS,112.055
2017-08-14,31,PREPARED FOODS,62.064
2017-08-15,31,PREPARED FOODS,66.924
2017-08-02,31,PRODUCE,1049.424
2017-08-03,31,PRODUCE,997.571
2017-08-04,31,PRODUCE,1008.452
2017-08-05,31,PRODUCE,1395.996
2017-08-06,31,PRODUCE,1540.889
2017-08-07,31,PRODUCE,989.955
2017-08-08,31,PRODUCE,2644.4321
2017-08-09,31,PRODUCE,934.27
2017-08-10,31,PRODUCE,985.37
2017-08-11,31,PRODUCE,1135.744
2017-08-12,31,PRODUCE,1226.474
2017-08-13,31,PRODUCE,1324.669
2017-08-14,31,PRODUCE,982.646
2017-08-15,31,PRODUCE,2777.268
2017-08-02,31,SCHOOL AND OFFICE SUPPLIES,0.0
2017-08-03,31,SCHOOL AND OFFICE SUPPLIES,1.0
2017-08-04,31,SCHOOL AND OFFICE SUPPLIES,4.0
2017-08-05,31,SCHOOL AND OFFICE SUPPLIES,0.0
2017-08-06,31,SCHOOL AND OFFICE SUPPLIES,4.0
2017-08-07,31,SCHOOL AND OFFICE SUPPLIES,7.0
2017-08-08,31,SCHOOL AND OFFICE SUPPLIES,0.0
2017-08-09,31,SCHOOL AND OFFICE SUPPLIES,1.0
2017-08-10,31,SCHOOL AND OFFICE SUPPLIES,0.0
2017-08-11,31,SCHOOL AND OFFICE SUPPLIES,0.0
2017-08-12,31,SCHOOL AND OFFICE SUPPLIES,3.0
2017-08-13,31,SCHOOL AND OFFICE SUPPLIES,3.0
2017-08-14,31,SCHOOL AND OFFICE SUPPLIES,0.0
2017-08-15,31,SCHOOL AND OFFICE SUPPLIES,1.0
2017-08-02,31,SEAFOOD,6.0
2017-08-03,31,SEAFOOD,6.0
2017-08-04,31,SEAFOOD,10.0
2017-08-05,31,SEAFOOD,9.0
2017-08-06,31,SEAFOOD,7.0
2017-08-07,31,SEAFOOD,5.0
2017-08-08,31,SEAFOOD,1.0
2017-08-09,31,SEAFOOD,4.0
2017-08-10,31,SEAFOOD,2.0
2017-08-11,31,SEAFOOD,5.0
2017-08-12,31,SEAFOOD,12.0
2017-08-13,31,SEAFOOD,6.0
2017-08-14,31,SEAFOOD,8.0
2017-08-15,31,SEAFOOD,3.0
2017-08-02,32,AUTOMOTIVE,3.0
2017-08-03,32,AUTOMOTIVE,2.0
2017-08-04,32,AUTOMOTIVE,1.0
2017-08-05,32,AUTOMOTIVE,3.0
2017-08-06,32,AUTOMOTIVE,2.0
2017-08-07,32,AUTOMOTIVE,0.0
2017-08-08,32,AUTOMOTIVE,0.0
2017-08-09,32,AUTOMOTIVE,1.0
2017-08-10,32,AUTOMOTIVE,1.0
2017-08-11,32,AUTOMOTIVE,7.0
2017-08-12,32,AUTOMOTIVE,4.0
2017-08-13,32,AUTOMOTIVE,1.0
2017-08-14,32,AUTOMOTIVE,2.0
2017-08-15,32,AUTOMOTIVE,0.0
2017-08-02,32,BABY CARE,0.0
2017-08-03,32,BABY CARE,0.0
2017-08-04,32,BABY CARE,0.0
2017-08-05,32,BABY CARE,0.0
2017-08-06,32,BABY CARE,0.0
2017-08-07,32,BABY CARE,0.0
2017-08-08,32,BABY CARE,0.0
2017-08-09,32,BABY CARE,0.0
2017-08-10,32,BABY CARE,0.0
2017-08-11,32,BABY CARE,0.0
2017-08-12,32,BABY CARE,0.0
2017-08-13,32,BABY CARE,0.0
2017-08-14,32,BABY CARE,0.0
2017-08-15,32,BABY CARE,0.0
2017-08-02,32,BEAUTY,2.0
2017-08-03,32,BEAUTY,1.0
2017-08-04,32,BEAUTY,1.0
2017-08-05,32,BEAUTY,3.0
2017-08-06,32,BEAUTY,0.0
2017-08-07,32,BEAUTY,3.0
2017-08-08,32,BEAUTY,1.0
2017-08-09,32,BEAUTY,0.0
2017-08-10,32,BEAUTY,0.0
2017-08-11,32,BEAUTY,3.0
2017-08-12,32,BEAUTY,2.0
2017-08-13,32,BEAUTY,1.0
2017-08-14,32,BEAUTY,0.0
2017-08-15,32,BEAUTY,1.0
2017-08-02,32,BEVERAGES,1397.0
2017-08-03,32,BEVERAGES,965.0
2017-08-04,32,BEVERAGES,1002.0
2017-08-05,32,BEVERAGES,1388.0
2017-08-06,32,BEVERAGES,1339.0
2017-08-07,32,BEVERAGES,1306.0
2017-08-08,32,BEVERAGES,1791.0
2017-08-09,32,BEVERAGES,745.0
2017-08-10,32,BEVERAGES,689.0
2017-08-11,32,BEVERAGES,2050.0
2017-08-12,32,BEVERAGES,969.0
2017-08-13,32,BEVERAGES,1098.0
2017-08-14,32,BEVERAGES,1009.0
2017-08-15,32,BEVERAGES,1246.0
2017-08-02,32,BOOKS,0.0
2017-08-03,32,BOOKS,0.0
2017-08-04,32,BOOKS,0.0
2017-08-05,32,BOOKS,0.0
2017-08-06,32,BOOKS,0.0
2017-08-07,32,BOOKS,0.0
2017-08-08,32,BOOKS,0.0
2017-08-09,32,BOOKS,0.0
2017-08-10,32,BOOKS,0.0
2017-08-11,32,BOOKS,0.0
2017-08-12,32,BOOKS,0.0
2017-08-13,32,BOOKS,0.0
2017-08-14,32,BOOKS,0.0
2017-08-15,32,BOOKS,0.0
2017-08-02,32,BREAD/BAKERY,110.0
2017-08-03,32,BREAD/BAKERY,174.0
2017-08-04,32,BREAD/BAKERY,91.0
2017-08-05,32,BREAD/BAKERY,102.0
2017-08-06,32,BREAD/BAKERY,187.0
2017-08-07,32,BREAD/BAKERY,159.0
2017-08-08,32,BREAD/BAKERY,89.0
2017-08-09,32,BREAD/BAKERY,158.0
2017-08-10,32,BREAD/BAKERY,151.0
2017-08-11,32,BREAD/BAKERY,78.0
2017-08-12,32,BREAD/BAKERY,115.0
2017-08-13,32,BREAD/BAKERY,160.0
2017-08-14,32,BREAD/BAKERY,94.0
2017-08-15,32,BREAD/BAKERY,127.0
2017-08-02,32,CELEBRATION,1.0
2017-08-03,32,CELEBRATION,2.0
2017-08-04,32,CELEBRATION,10.0
2017-08-05,32,CELEBRATION,7.0
2017-08-06,32,CELEBRATION,3.0
2017-08-07,32,CELEBRATION,3.0
2017-08-08,32,CELEBRATION,6.0
2017-08-09,32,CELEBRATION,4.0
2017-08-10,32,CELEBRATION,10.0
2017-08-11,32,CELEBRATION,3.0
2017-08-12,32,CELEBRATION,4.0
2017-08-13,32,CELEBRATION,10.0
2017-08-14,32,CELEBRATION,1.0
2017-08-15,32,CELEBRATION,1.0
2017-08-02,32,CLEANING,2598.0
2017-08-03,32,CLEANING,858.0
2017-08-04,32,CLEANING,417.0
2017-08-05,32,CLEANING,1152.0
2017-08-06,32,CLEANING,492.0
2017-08-07,32,CLEANING,286.0
2017-08-08,32,CLEANING,333.0
2017-08-09,32,CLEANING,352.0
2017-08-10,32,CLEANING,552.0
2017-08-11,32,CLEANING,342.0
2017-08-12,32,CLEANING,865.0
2017-08-13,32,CLEANING,433.0
2017-08-14,32,CLEANING,475.0
2017-08-15,32,CLEANING,789.0
2017-08-02,32,DAIRY,236.0
2017-08-03,32,DAIRY,148.0
2017-08-04,32,DAIRY,104.0
2017-08-05,32,DAIRY,138.0
2017-08-06,32,DAIRY,261.0
2017-08-07,32,DAIRY,182.0
2017-08-08,32,DAIRY,135.0
2017-08-09,32,DAIRY,136.0
2017-08-10,32,DAIRY,93.0
2017-08-11,32,DAIRY,122.0
2017-08-12,32,DAIRY,193.0
2017-08-13,32,DAIRY,219.0
2017-08-14,32,DAIRY,160.0
2017-08-15,32,DAIRY,169.0
2017-08-02,32,DELI,95.0
2017-08-03,32,DELI,86.0
2017-08-04,32,DELI,141.0
2017-08-05,32,DELI,102.0
2017-08-06,32,DELI,105.0
2017-08-07,32,DELI,89.0
2017-08-08,32,DELI,51.0
2017-08-09,32,DELI,69.0
2017-08-10,32,DELI,85.0
2017-08-11,32,DELI,96.0
2017-08-12,32,DELI,79.0
2017-08-13,32,DELI,125.0
2017-08-14,32,DELI,81.0
2017-08-15,32,DELI,112.0
2017-08-02,32,EGGS,125.0
2017-08-03,32,EGGS,166.0
2017-08-04,32,EGGS,153.0
2017-08-05,32,EGGS,61.0
2017-08-06,32,EGGS,125.0
2017-08-07,32,EGGS,697.0
2017-08-08,32,EGGS,106.0
2017-08-09,32,EGGS,143.0
2017-08-10,32,EGGS,249.0
2017-08-11,32,EGGS,137.0
2017-08-12,32,EGGS,153.0
2017-08-13,32,EGGS,173.0
2017-08-14,32,EGGS,640.0
2017-08-15,32,EGGS,175.0
2017-08-02,32,FROZEN FOODS,12.0
2017-08-03,32,FROZEN FOODS,17.0
2017-08-04,32,FROZEN FOODS,16.0
2017-08-05,32,FROZEN FOODS,27.0
2017-08-06,32,FROZEN FOODS,24.0
2017-08-07,32,FROZEN FOODS,11.0
2017-08-08,32,FROZEN FOODS,26.504
2017-08-09,32,FROZEN FOODS,19.0
2017-08-10,32,FROZEN FOODS,10.0
2017-08-11,32,FROZEN FOODS,26.0
2017-08-12,32,FROZEN FOODS,29.0
2017-08-13,32,FROZEN FOODS,18.0
2017-08-14,32,FROZEN FOODS,23.511
2017-08-15,32,FROZEN FOODS,18.0
2017-08-02,32,GROCERY I,1636.0
2017-08-03,32,GROCERY I,1693.0
2017-08-04,32,GROCERY I,1892.0
2017-08-05,32,GROCERY I,2600.0
2017-08-06,32,GROCERY I,2121.0
2017-08-07,32,GROCERY I,1964.0
2017-08-08,32,GROCERY I,2127.0
2017-08-09,32,GROCERY I,1706.0
2017-08-10,32,GROCERY I,1842.0
2017-08-11,32,GROCERY I,1426.0
2017-08-12,32,GROCERY I,1582.0
2017-08-13,32,GROCERY I,1676.0
2017-08-14,32,GROCERY I,1577.0
2017-08-15,32,GROCERY I,3013.0
2017-08-02,32,GROCERY II,2.0
2017-08-03,32,GROCERY II,0.0
2017-08-04,32,GROCERY II,0.0
2017-08-05,32,GROCERY II,0.0
2017-08-06,32,GROCERY II,0.0
2017-08-07,32,GROCERY II,2.0
2017-08-08,32,GROCERY II,1.0
2017-08-09,32,GROCERY II,2.0
2017-08-10,32,GROCERY II,0.0
2017-08-11,32,GROCERY II,4.0
2017-08-12,32,GROCERY II,2.0
2017-08-13,32,GROCERY II,1.0
2017-08-14,32,GROCERY II,3.0
2017-08-15,32,GROCERY II,2.0
2017-08-02,32,HARDWARE,0.0
2017-08-03,32,HARDWARE,0.0
2017-08-04,32,HARDWARE,0.0
2017-08-05,32,HARDWARE,0.0
2017-08-06,32,HARDWARE,0.0
2017-08-07,32,HARDWARE,0.0
2017-08-08,32,HARDWARE,2.0
2017-08-09,32,HARDWARE,0.0
2017-08-10,32,HARDWARE,0.0
2017-08-11,32,HARDWARE,1.0
2017-08-12,32,HARDWARE,1.0
2017-08-13,32,HARDWARE,0.0
2017-08-14,32,HARDWARE,0.0
2017-08-15,32,HARDWARE,0.0
2017-08-02,32,HOME AND KITCHEN I,25.0
2017-08-03,32,HOME AND KITCHEN I,10.0
2017-08-04,32,HOME AND KITCHEN I,6.0
2017-08-05,32,HOME AND KITCHEN I,18.0
2017-08-06,32,HOME AND KITCHEN I,4.0
2017-08-07,32,HOME AND KITCHEN I,7.0
2017-08-08,32,HOME AND KITCHEN I,4.0
2017-08-09,32,HOME AND KITCHEN I,8.0
2017-08-10,32,HOME AND KITCHEN I,10.0
2017-08-11,32,HOME AND KITCHEN I,11.0
2017-08-12,32,HOME AND KITCHEN I,3.0
2017-08-13,32,HOME AND KITCHEN I,10.0
2017-08-14,32,HOME AND KITCHEN I,6.0
2017-08-15,32,HOME AND KITCHEN I,6.0
2017-08-02,32,HOME AND KITCHEN II,8.0
2017-08-03,32,HOME AND KITCHEN II,6.0
2017-08-04,32,HOME AND KITCHEN II,4.0
2017-08-05,32,HOME AND KITCHEN II,4.0
2017-08-06,32,HOME AND KITCHEN II,2.0
2017-08-07,32,HOME AND KITCHEN II,2.0
2017-08-08,32,HOME AND KITCHEN II,1.0
2017-08-09,32,HOME AND KITCHEN II,2.0
2017-08-10,32,HOME AND KITCHEN II,8.0
2017-08-11,32,HOME AND KITCHEN II,3.0
2017-08-12,32,HOME AND KITCHEN II,15.0
2017-08-13,32,HOME AND KITCHEN II,1.0
2017-08-14,32,HOME AND KITCHEN II,7.0
2017-08-15,32,HOME AND KITCHEN II,5.0
2017-08-02,32,HOME APPLIANCES,0.0
2017-08-03,32,HOME APPLIANCES,0.0
2017-08-04,32,HOME APPLIANCES,0.0
2017-08-05,32,HOME APPLIANCES,0.0
2017-08-06,32,HOME APPLIANCES,0.0
2017-08-07,32,HOME APPLIANCES,0.0
2017-08-08,32,HOME APPLIANCES,1.0
2017-08-09,32,HOME APPLIANCES,1.0
2017-08-10,32,HOME APPLIANCES,0.0
2017-08-11,32,HOME APPLIANCES,0.0
2017-08-12,32,HOME APPLIANCES,0.0
2017-08-13,32,HOME APPLIANCES,0.0
2017-08-14,32,HOME APPLIANCES,0.0
2017-08-15,32,HOME APPLIANCES,0.0
2017-08-02,32,HOME CARE,130.0
2017-08-03,32,HOME CARE,66.0
2017-08-04,32,HOME CARE,76.0
2017-08-05,32,HOME CARE,97.0
2017-08-06,32,HOME CARE,99.0
2017-08-07,32,HOME CARE,86.0
2017-08-08,32,HOME CARE,78.0
2017-08-09,32,HOME CARE,54.0
2017-08-10,32,HOME CARE,72.0
2017-08-11,32,HOME CARE,74.0
2017-08-12,32,HOME CARE,94.0
2017-08-13,32,HOME CARE,89.0
2017-08-14,32,HOME CARE,92.0
2017-08-15,32,HOME CARE,82.0
2017-08-02,32,LADIESWEAR,0.0
2017-08-03,32,LADIESWEAR,0.0
2017-08-04,32,LADIESWEAR,0.0
2017-08-05,32,LADIESWEAR,0.0
2017-08-06,32,LADIESWEAR,0.0
2017-08-07,32,LADIESWEAR,0.0
2017-08-08,32,LADIESWEAR,0.0
2017-08-09,32,LADIESWEAR,0.0
2017-08-10,32,LADIESWEAR,0.0
2017-08-11,32,LADIESWEAR,0.0
2017-08-12,32,LADIESWEAR,0.0
2017-08-13,32,LADIESWEAR,0.0
2017-08-14,32,LADIESWEAR,0.0
2017-08-15,32,LADIESWEAR,0.0
2017-08-02,32,LAWN AND GARDEN,0.0
2017-08-03,32,LAWN AND GARDEN,0.0
2017-08-04,32,LAWN AND GARDEN,0.0
2017-08-05,32,LAWN AND GARDEN,0.0
2017-08-06,32,LAWN AND GARDEN,0.0
2017-08-07,32,LAWN AND GARDEN,0.0
2017-08-08,32,LAWN AND GARDEN,0.0
2017-08-09,32,LAWN AND GARDEN,0.0
2017-08-10,32,LAWN AND GARDEN,0.0
2017-08-11,32,LAWN AND GARDEN,0.0
2017-08-12,32,LAWN AND GARDEN,0.0
2017-08-13,32,LAWN AND GARDEN,0.0
2017-08-14,32,LAWN AND GARDEN,0.0
2017-08-15,32,LAWN AND GARDEN,0.0
2017-08-02,32,LINGERIE,0.0
2017-08-03,32,LINGERIE,0.0
2017-08-04,32,LINGERIE,0.0
2017-08-05,32,LINGERIE,0.0
2017-08-06,32,LINGERIE,0.0
2017-08-07,32,LINGERIE,0.0
2017-08-08,32,LINGERIE,0.0
2017-08-09,32,LINGERIE,0.0
2017-08-10,32,LINGERIE,0.0
2017-08-11,32,LINGERIE,2.0
2017-08-12,32,LINGERIE,1.0
2017-08-13,32,LINGERIE,1.0
2017-08-14,32,LINGERIE,2.0
2017-08-15,32,LINGERIE,1.0
2017-08-02,32,"LIQUOR,WINE,BEER",1.0
2017-08-03,32,"LIQUOR,WINE,BEER",1.0
2017-08-04,32,"LIQUOR,WINE,BEER",170.0
2017-08-05,32,"LIQUOR,WINE,BEER",89.0
2017-08-06,32,"LIQUOR,WINE,BEER",36.0
2017-08-07,32,"LIQUOR,WINE,BEER",0.0
2017-08-08,32,"LIQUOR,WINE,BEER",30.0
2017-08-09,32,"LIQUOR,WINE,BEER",14.0
2017-08-10,32,"LIQUOR,WINE,BEER",42.0
2017-08-11,32,"LIQUOR,WINE,BEER",49.0
2017-08-12,32,"LIQUOR,WINE,BEER",95.0
2017-08-13,32,"LIQUOR,WINE,BEER",42.0
2017-08-14,32,"LIQUOR,WINE,BEER",3.0
2017-08-15,32,"LIQUOR,WINE,BEER",6.0
2017-08-02,32,MAGAZINES,1.0
2017-08-03,32,MAGAZINES,0.0
2017-08-04,32,MAGAZINES,0.0
2017-08-05,32,MAGAZINES,0.0
2017-08-06,32,MAGAZINES,1.0
2017-08-07,32,MAGAZINES,0.0
2017-08-08,32,MAGAZINES,0.0
2017-08-09,32,MAGAZINES,0.0
2017-08-10,32,MAGAZINES,0.0
2017-08-11,32,MAGAZINES,0.0
2017-08-12,32,MAGAZINES,2.0
2017-08-13,32,MAGAZINES,0.0
2017-08-14,32,MAGAZINES,1.0
2017-08-15,32,MAGAZINES,0.0
2017-08-02,32,MEATS,86.165
2017-08-03,32,MEATS,84.909996
2017-08-04,32,MEATS,82.604
2017-08-05,32,MEATS,49.436
2017-08-06,32,MEATS,116.782
2017-08-07,32,MEATS,59.561
2017-08-08,32,MEATS,71.8
2017-08-09,32,MEATS,39.672
2017-08-10,32,MEATS,121.398
2017-08-11,32,MEATS,44.452
2017-08-12,32,MEATS,68.97
2017-08-13,32,MEATS,66.024
2017-08-14,32,MEATS,72.821
2017-08-15,32,MEATS,95.489
2017-08-02,32,PERSONAL CARE,124.0
2017-08-03,32,PERSONAL CARE,91.0
2017-08-04,32,PERSONAL CARE,72.0
2017-08-05,32,PERSONAL CARE,86.0
2017-08-06,32,PERSONAL CARE,104.0
2017-08-07,32,PERSONAL CARE,74.0
2017-08-08,32,PERSONAL CARE,52.0
2017-08-09,32,PERSONAL CARE,60.0
2017-08-10,32,PERSONAL CARE,59.0
2017-08-11,32,PERSONAL CARE,50.0
2017-08-12,32,PERSONAL CARE,92.0
2017-08-13,32,PERSONAL CARE,71.0
2017-08-14,32,PERSONAL CARE,67.0
2017-08-15,32,PERSONAL CARE,90.0
2017-08-02,32,PET SUPPLIES,0.0
2017-08-03,32,PET SUPPLIES,0.0
2017-08-04,32,PET SUPPLIES,1.0
2017-08-05,32,PET SUPPLIES,0.0
2017-08-06,32,PET SUPPLIES,0.0
2017-08-07,32,PET SUPPLIES,0.0
2017-08-08,32,PET SUPPLIES,2.0
2017-08-09,32,PET SUPPLIES,1.0
2017-08-10,32,PET SUPPLIES,0.0
2017-08-11,32,PET SUPPLIES,1.0
2017-08-12,32,PET SUPPLIES,1.0
2017-08-13,32,PET SUPPLIES,1.0
2017-08-14,32,PET SUPPLIES,0.0
2017-08-15,32,PET SUPPLIES,1.0
2017-08-02,32,PLAYERS AND ELECTRONICS,1.0
2017-08-03,32,PLAYERS AND ELECTRONICS,0.0
2017-08-04,32,PLAYERS AND ELECTRONICS,0.0
2017-08-05,32,PLAYERS AND ELECTRONICS,0.0
2017-08-06,32,PLAYERS AND ELECTRONICS,3.0
2017-08-07,32,PLAYERS AND ELECTRONICS,0.0
2017-08-08,32,PLAYERS AND ELECTRONICS,3.0
2017-08-09,32,PLAYERS AND ELECTRONICS,1.0
2017-08-10,32,PLAYERS AND ELECTRONICS,0.0
2017-08-11,32,PLAYERS AND ELECTRONICS,2.0
2017-08-12,32,PLAYERS AND ELECTRONICS,1.0
2017-08-13,32,PLAYERS AND ELECTRONICS,2.0
2017-08-14,32,PLAYERS AND ELECTRONICS,2.0
2017-08-15,32,PLAYERS AND ELECTRONICS,2.0
2017-08-02,32,POULTRY,48.086
2017-08-03,32,POULTRY,23.639
2017-08-04,32,POULTRY,48.968002
2017-08-05,32,POULTRY,61.172
2017-08-06,32,POULTRY,77.535995
2017-08-07,32,POULTRY,62.464
2017-08-08,32,POULTRY,51.002
2017-08-09,32,POULTRY,46.765
2017-08-10,32,POULTRY,34.059
2017-08-11,32,POULTRY,88.651
2017-08-12,32,POULTRY,81.034004
2017-08-13,32,POULTRY,67.727
2017-08-14,32,POULTRY,35.465
2017-08-15,32,POULTRY,54.942
2017-08-02,32,PREPARED FOODS,13.0
2017-08-03,32,PREPARED FOODS,9.0
2017-08-04,32,PREPARED FOODS,4.0
2017-08-05,32,PREPARED FOODS,8.0
2017-08-06,32,PREPARED FOODS,13.0
2017-08-07,32,PREPARED FOODS,10.0
2017-08-08,32,PREPARED FOODS,5.0
2017-08-09,32,PREPARED FOODS,6.0
2017-08-10,32,PREPARED FOODS,12.0
2017-08-11,32,PREPARED FOODS,12.0
2017-08-12,32,PREPARED FOODS,20.0
2017-08-13,32,PREPARED FOODS,12.0
2017-08-14,32,PREPARED FOODS,13.0
2017-08-15,32,PREPARED FOODS,16.0
2017-08-02,32,PRODUCE,168.915
2017-08-03,32,PRODUCE,135.784
2017-08-04,32,PRODUCE,182.155
2017-08-05,32,PRODUCE,267.883
2017-08-06,32,PRODUCE,245.728
2017-08-07,32,PRODUCE,169.024
2017-08-08,32,PRODUCE,339.949
2017-08-09,32,PRODUCE,115.995
2017-08-10,32,PRODUCE,178.966
2017-08-11,32,PRODUCE,194.417
2017-08-12,32,PRODUCE,264.265
2017-08-13,32,PRODUCE,276.838
2017-08-14,32,PRODUCE,154.622
2017-08-15,32,PRODUCE,490.481
2017-08-02,32,SCHOOL AND OFFICE SUPPLIES,0.0
2017-08-03,32,SCHOOL AND OFFICE SUPPLIES,0.0
2017-08-04,32,SCHOOL AND OFFICE SUPPLIES,0.0
2017-08-05,32,SCHOOL AND OFFICE SUPPLIES,0.0
2017-08-06,32,SCHOOL AND OFFICE SUPPLIES,0.0
2017-08-07,32,SCHOOL AND OFFICE SUPPLIES,0.0
2017-08-08,32,SCHOOL AND OFFICE SUPPLIES,0.0
2017-08-09,32,SCHOOL AND OFFICE SUPPLIES,0.0
2017-08-10,32,SCHOOL AND OFFICE SUPPLIES,0.0
2017-08-11,32,SCHOOL AND OFFICE SUPPLIES,0.0
2017-08-12,32,SCHOOL AND OFFICE SUPPLIES,0.0
2017-08-13,32,SCHOOL AND OFFICE SUPPLIES,0.0
2017-08-14,32,SCHOOL AND OFFICE SUPPLIES,0.0
2017-08-15,32,SCHOOL AND OFFICE SUPPLIES,0.0
2017-08-02,32,SEAFOOD,2.0
2017-08-03,32,SEAFOOD,2.0
2017-08-04,32,SEAFOOD,0.0
2017-08-05,32,SEAFOOD,6.0
2017-08-06,32,SEAFOOD,2.0
2017-08-07,32,SEAFOOD,2.0
2017-08-08,32,SEAFOOD,1.0
2017-08-09,32,SEAFOOD,2.0
2017-08-10,32,SEAFOOD,2.0
2017-08-11,32,SEAFOOD,1.0
2017-08-12,32,SEAFOOD,2.0
2017-08-13,32,SEAFOOD,2.0
2017-08-14,32,SEAFOOD,2.0
2017-08-15,32,SEAFOOD,2.0
2017-08-02,33,AUTOMOTIVE,9.0
2017-08-03,33,AUTOMOTIVE,7.0
2017-08-04,33,AUTOMOTIVE,5.0
2017-08-05,33,AUTOMOTIVE,3.0
2017-08-06,33,AUTOMOTIVE,13.0
2017-08-07,33,AUTOMOTIVE,6.0
2017-08-08,33,AUTOMOTIVE,8.0
2017-08-09,33,AUTOMOTIVE,7.0
2017-08-10,33,AUTOMOTIVE,4.0
2017-08-11,33,AUTOMOTIVE,2.0
2017-08-12,33,AUTOMOTIVE,11.0
2017-08-13,33,AUTOMOTIVE,5.0
2017-08-14,33,AUTOMOTIVE,5.0
2017-08-15,33,AUTOMOTIVE,10.0
2017-08-02,33,BABY CARE,0.0
2017-08-03,33,BABY CARE,0.0
2017-08-04,33,BABY CARE,0.0
2017-08-05,33,BABY CARE,0.0
2017-08-06,33,BABY CARE,0.0
2017-08-07,33,BABY CARE,0.0
2017-08-08,33,BABY CARE,0.0
2017-08-09,33,BABY CARE,0.0
2017-08-10,33,BABY CARE,0.0
2017-08-11,33,BABY CARE,0.0
2017-08-12,33,BABY CARE,0.0
2017-08-13,33,BABY CARE,0.0
2017-08-14,33,BABY CARE,0.0
2017-08-15,33,BABY CARE,0.0
2017-08-02,33,BEAUTY,0.0
2017-08-03,33,BEAUTY,5.0
2017-08-04,33,BEAUTY,0.0
2017-08-05,33,BEAUTY,5.0
2017-08-06,33,BEAUTY,2.0
2017-08-07,33,BEAUTY,2.0
2017-08-08,33,BEAUTY,1.0
2017-08-09,33,BEAUTY,5.0
2017-08-10,33,BEAUTY,0.0
2017-08-11,33,BEAUTY,4.0
2017-08-12,33,BEAUTY,4.0
2017-08-13,33,BEAUTY,5.0
2017-08-14,33,BEAUTY,2.0
2017-08-15,33,BEAUTY,3.0
2017-08-02,33,BEVERAGES,2010.0
2017-08-03,33,BEVERAGES,1607.0
2017-08-04,33,BEVERAGES,1940.0
2017-08-05,33,BEVERAGES,1611.0
2017-08-06,33,BEVERAGES,2939.0
2017-08-07,33,BEVERAGES,2283.0
2017-08-08,33,BEVERAGES,2736.0
2017-08-09,33,BEVERAGES,2448.0
2017-08-10,33,BEVERAGES,1326.0
2017-08-11,33,BEVERAGES,1636.0
2017-08-12,33,BEVERAGES,5257.0
2017-08-13,33,BEVERAGES,2090.0
2017-08-14,33,BEVERAGES,2405.0
2017-08-15,33,BEVERAGES,2549.0
2017-08-02,33,BOOKS,0.0
2017-08-03,33,BOOKS,0.0
2017-08-04,33,BOOKS,0.0
2017-08-05,33,BOOKS,0.0
2017-08-06,33,BOOKS,0.0
2017-08-07,33,BOOKS,0.0
2017-08-08,33,BOOKS,0.0
2017-08-09,33,BOOKS,0.0
2017-08-10,33,BOOKS,0.0
2017-08-11,33,BOOKS,0.0
2017-08-12,33,BOOKS,0.0
2017-08-13,33,BOOKS,0.0
2017-08-14,33,BOOKS,0.0
2017-08-15,33,BOOKS,0.0
2017-08-02,33,BREAD/BAKERY,226.0
2017-08-03,33,BREAD/BAKERY,180.0
2017-08-04,33,BREAD/BAKERY,153.0
2017-08-05,33,BREAD/BAKERY,257.0
2017-08-06,33,BREAD/BAKERY,360.0
2017-08-07,33,BREAD/BAKERY,232.0
2017-08-08,33,BREAD/BAKERY,238.0
2017-08-09,33,BREAD/BAKERY,166.0
2017-08-10,33,BREAD/BAKERY,164.0
2017-08-11,33,BREAD/BAKERY,197.0
2017-08-12,33,BREAD/BAKERY,183.0
2017-08-13,33,BREAD/BAKERY,333.0
2017-08-14,33,BREAD/BAKERY,246.0
2017-08-15,33,BREAD/BAKERY,251.0
2017-08-02,33,CELEBRATION,7.0
2017-08-03,33,CELEBRATION,0.0
2017-08-04,33,CELEBRATION,21.0
2017-08-05,33,CELEBRATION,4.0
2017-08-06,33,CELEBRATION,4.0
2017-08-07,33,CELEBRATION,4.0
2017-08-08,33,CELEBRATION,6.0
2017-08-09,33,CELEBRATION,13.0
2017-08-10,33,CELEBRATION,3.0
2017-08-11,33,CELEBRATION,9.0
2017-08-12,33,CELEBRATION,13.0
2017-08-13,33,CELEBRATION,6.0
2017-08-14,33,CELEBRATION,5.0
2017-08-15,33,CELEBRATION,12.0
2017-08-02,33,CLEANING,1186.0
2017-08-03,33,CLEANING,1190.0
2017-08-04,33,CLEANING,981.0
2017-08-05,33,CLEANING,1031.0
2017-08-06,33,CLEANING,1230.0
2017-08-07,33,CLEANING,1054.0
2017-08-08,33,CLEANING,933.0
2017-08-09,33,CLEANING,725.0
2017-08-10,33,CLEANING,584.0
2017-08-11,33,CLEANING,885.0
2017-08-12,33,CLEANING,833.0
2017-08-13,33,CLEANING,1140.0
2017-08-14,33,CLEANING,909.0
2017-08-15,33,CLEANING,1196.0
2017-08-02,33,DAIRY,607.0
2017-08-03,33,DAIRY,321.0
2017-08-04,33,DAIRY,295.0
2017-08-05,33,DAIRY,459.0
2017-08-06,33,DAIRY,574.0
2017-08-07,33,DAIRY,384.0
2017-08-08,33,DAIRY,325.0
2017-08-09,33,DAIRY,564.0
2017-08-10,33,DAIRY,258.0
2017-08-11,33,DAIRY,398.0
2017-08-12,33,DAIRY,447.0
2017-08-13,33,DAIRY,514.0
2017-08-14,33,DAIRY,387.0
2017-08-15,33,DAIRY,488.0
2017-08-02,33,DELI,218.0
2017-08-03,33,DELI,169.0
2017-08-04,33,DELI,231.0
2017-08-05,33,DELI,168.0
2017-08-06,33,DELI,206.0
2017-08-07,33,DELI,178.0
2017-08-08,33,DELI,179.0
2017-08-09,33,DELI,168.0
2017-08-10,33,DELI,138.0
2017-08-11,33,DELI,190.0
2017-08-12,33,DELI,159.0
2017-08-13,33,DELI,250.0
2017-08-14,33,DELI,133.0
2017-08-15,33,DELI,245.0
2017-08-02,33,EGGS,105.0
2017-08-03,33,EGGS,68.0
2017-08-04,33,EGGS,164.0
2017-08-05,33,EGGS,121.0
2017-08-06,33,EGGS,198.0
2017-08-07,33,EGGS,626.0
2017-08-08,33,EGGS,141.0
2017-08-09,33,EGGS,95.0
2017-08-10,33,EGGS,108.0
2017-08-11,33,EGGS,108.0
2017-08-12,33,EGGS,130.0
2017-08-13,33,EGGS,140.0
2017-08-14,33,EGGS,1010.0
2017-08-15,33,EGGS,163.0
2017-08-02,33,FROZEN FOODS,48.0
2017-08-03,33,FROZEN FOODS,65.0
2017-08-04,33,FROZEN FOODS,65.0
2017-08-05,33,FROZEN FOODS,212.0
2017-08-06,33,FROZEN FOODS,46.303
2017-08-07,33,FROZEN FOODS,54.0
2017-08-08,33,FROZEN FOODS,28.0
2017-08-09,33,FROZEN FOODS,57.909
2017-08-10,33,FROZEN FOODS,52.0
2017-08-11,33,FROZEN FOODS,90.796
2017-08-12,33,FROZEN FOODS,150.0
2017-08-13,33,FROZEN FOODS,41.0
2017-08-14,33,FROZEN FOODS,37.0
2017-08-15,33,FROZEN FOODS,40.0
2017-08-02,33,GROCERY I,3107.0
2017-08-03,33,GROCERY I,3210.0
2017-08-04,33,GROCERY I,3139.0
2017-08-05,33,GROCERY I,3169.0
2017-08-06,33,GROCERY I,3727.0
2017-08-07,33,GROCERY I,3159.0
2017-08-08,33,GROCERY I,2972.0
2017-08-09,33,GROCERY I,2620.0
2017-08-10,33,GROCERY I,2138.0
2017-08-11,33,GROCERY I,2671.0
2017-08-12,33,GROCERY I,2886.0
2017-08-13,33,GROCERY I,3571.0
2017-08-14,33,GROCERY I,3026.0
2017-08-15,33,GROCERY I,3240.0
2017-08-02,33,GROCERY II,8.0
2017-08-03,33,GROCERY II,6.0
2017-08-04,33,GROCERY II,4.0
2017-08-05,33,GROCERY II,0.0
2017-08-06,33,GROCERY II,9.0
2017-08-07,33,GROCERY II,2.0
2017-08-08,33,GROCERY II,3.0
2017-08-09,33,GROCERY II,3.0
2017-08-10,33,GROCERY II,2.0
2017-08-11,33,GROCERY II,5.0
2017-08-12,33,GROCERY II,9.0
2017-08-13,33,GROCERY II,5.0
2017-08-14,33,GROCERY II,1.0
2017-08-15,33,GROCERY II,2.0
2017-08-02,33,HARDWARE,1.0
2017-08-03,33,HARDWARE,1.0
2017-08-04,33,HARDWARE,1.0
2017-08-05,33,HARDWARE,0.0
2017-08-06,33,HARDWARE,0.0
2017-08-07,33,HARDWARE,1.0
2017-08-08,33,HARDWARE,2.0
2017-08-09,33,HARDWARE,0.0
2017-08-10,33,HARDWARE,1.0
2017-08-11,33,HARDWARE,0.0
2017-08-12,33,HARDWARE,0.0
2017-08-13,33,HARDWARE,1.0
2017-08-14,33,HARDWARE,0.0
2017-08-15,33,HARDWARE,0.0
2017-08-02,33,HOME AND KITCHEN I,34.0
2017-08-03,33,HOME AND KITCHEN I,27.0
2017-08-04,33,HOME AND KITCHEN I,13.0
2017-08-05,33,HOME AND KITCHEN I,20.0
2017-08-06,33,HOME AND KITCHEN I,30.0
2017-08-07,33,HOME AND KITCHEN I,18.0
2017-08-08,33,HOME AND KITCHEN I,29.0
2017-08-09,33,HOME AND KITCHEN I,19.0
2017-08-10,33,HOME AND KITCHEN I,31.0
2017-08-11,33,HOME AND KITCHEN I,20.0
2017-08-12,33,HOME AND KITCHEN I,104.0
2017-08-13,33,HOME AND KITCHEN I,34.0
2017-08-14,33,HOME AND KITCHEN I,60.0
2017-08-15,33,HOME AND KITCHEN I,20.0
2017-08-02,33,HOME AND KITCHEN II,8.0
2017-08-03,33,HOME AND KITCHEN II,12.0
2017-08-04,33,HOME AND KITCHEN II,13.0
2017-08-05,33,HOME AND KITCHEN II,22.0
2017-08-06,33,HOME AND KITCHEN II,41.0
2017-08-07,33,HOME AND KITCHEN II,13.0
2017-08-08,33,HOME AND KITCHEN II,19.0
2017-08-09,33,HOME AND KITCHEN II,17.0
2017-08-10,33,HOME AND KITCHEN II,9.0
2017-08-11,33,HOME AND KITCHEN II,14.0
2017-08-12,33,HOME AND KITCHEN II,22.0
2017-08-13,33,HOME AND KITCHEN II,30.0
2017-08-14,33,HOME AND KITCHEN II,9.0
2017-08-15,33,HOME AND KITCHEN II,19.0
2017-08-02,33,HOME APPLIANCES,0.0
2017-08-03,33,HOME APPLIANCES,1.0
2017-08-04,33,HOME APPLIANCES,0.0
2017-08-05,33,HOME APPLIANCES,1.0
2017-08-06,33,HOME APPLIANCES,0.0
2017-08-07,33,HOME APPLIANCES,0.0
2017-08-08,33,HOME APPLIANCES,2.0
2017-08-09,33,HOME APPLIANCES,0.0
2017-08-10,33,HOME APPLIANCES,0.0
2017-08-11,33,HOME APPLIANCES,0.0
2017-08-12,33,HOME APPLIANCES,0.0
2017-08-13,33,HOME APPLIANCES,0.0
2017-08-14,33,HOME APPLIANCES,0.0
2017-08-15,33,HOME APPLIANCES,0.0
2017-08-02,33,HOME CARE,222.0
2017-08-03,33,HOME CARE,196.0
2017-08-04,33,HOME CARE,138.0
2017-08-05,33,HOME CARE,224.0
2017-08-06,33,HOME CARE,338.0
2017-08-07,33,HOME CARE,261.0
2017-08-08,33,HOME CARE,178.0
2017-08-09,33,HOME CARE,184.0
2017-08-10,33,HOME CARE,135.0
2017-08-11,33,HOME CARE,206.0
2017-08-12,33,HOME CARE,418.0
2017-08-13,33,HOME CARE,281.0
2017-08-14,33,HOME CARE,184.0
2017-08-15,33,HOME CARE,210.0
2017-08-02,33,LADIESWEAR,0.0
2017-08-03,33,LADIESWEAR,0.0
2017-08-04,33,LADIESWEAR,0.0
2017-08-05,33,LADIESWEAR,0.0
2017-08-06,33,LADIESWEAR,0.0
2017-08-07,33,LADIESWEAR,0.0
2017-08-08,33,LADIESWEAR,0.0
2017-08-09,33,LADIESWEAR,0.0
2017-08-10,33,LADIESWEAR,0.0
2017-08-11,33,LADIESWEAR,0.0
2017-08-12,33,LADIESWEAR,0.0
2017-08-13,33,LADIESWEAR,0.0
2017-08-14,33,LADIESWEAR,0.0
2017-08-15,33,LADIESWEAR,0.0
2017-08-02,33,LAWN AND GARDEN,0.0
2017-08-03,33,LAWN AND GARDEN,0.0
2017-08-04,33,LAWN AND GARDEN,0.0
2017-08-05,33,LAWN AND GARDEN,0.0
2017-08-06,33,LAWN AND GARDEN,0.0
2017-08-07,33,LAWN AND GARDEN,0.0
2017-08-08,33,LAWN AND GARDEN,0.0
2017-08-09,33,LAWN AND GARDEN,0.0
2017-08-10,33,LAWN AND GARDEN,0.0
2017-08-11,33,LAWN AND GARDEN,0.0
2017-08-12,33,LAWN AND GARDEN,0.0
2017-08-13,33,LAWN AND GARDEN,0.0
2017-08-14,33,LAWN AND GARDEN,0.0
2017-08-15,33,LAWN AND GARDEN,0.0
2017-08-02,33,LINGERIE,16.0
2017-08-03,33,LINGERIE,12.0
2017-08-04,33,LINGERIE,7.0
2017-08-05,33,LINGERIE,10.0
2017-08-06,33,LINGERIE,20.0
2017-08-07,33,LINGERIE,9.0
2017-08-08,33,LINGERIE,8.0
2017-08-09,33,LINGERIE,15.0
2017-08-10,33,LINGERIE,10.0
2017-08-11,33,LINGERIE,19.0
2017-08-12,33,LINGERIE,10.0
2017-08-13,33,LINGERIE,11.0
2017-08-14,33,LINGERIE,16.0
2017-08-15,33,LINGERIE,12.0
2017-08-02,33,"LIQUOR,WINE,BEER",64.0
2017-08-03,33,"LIQUOR,WINE,BEER",34.0
2017-08-04,33,"LIQUOR,WINE,BEER",35.0
2017-08-05,33,"LIQUOR,WINE,BEER",48.0
2017-08-06,33,"LIQUOR,WINE,BEER",22.0
2017-08-07,33,"LIQUOR,WINE,BEER",20.0
2017-08-08,33,"LIQUOR,WINE,BEER",22.0
2017-08-09,33,"LIQUOR,WINE,BEER",94.0
2017-08-10,33,"LIQUOR,WINE,BEER",42.0
2017-08-11,33,"LIQUOR,WINE,BEER",58.0
2017-08-12,33,"LIQUOR,WINE,BEER",113.0
2017-08-13,33,"LIQUOR,WINE,BEER",28.0
2017-08-14,33,"LIQUOR,WINE,BEER",9.0
2017-08-15,33,"LIQUOR,WINE,BEER",25.0
2017-08-02,33,MAGAZINES,0.0
2017-08-03,33,MAGAZINES,1.0
2017-08-04,33,MAGAZINES,3.0
2017-08-05,33,MAGAZINES,1.0
2017-08-06,33,MAGAZINES,1.0
2017-08-07,33,MAGAZINES,1.0
2017-08-08,33,MAGAZINES,2.0
2017-08-09,33,MAGAZINES,1.0
2017-08-10,33,MAGAZINES,4.0
2017-08-11,33,MAGAZINES,1.0
2017-08-12,33,MAGAZINES,2.0
2017-08-13,33,MAGAZINES,2.0
2017-08-14,33,MAGAZINES,1.0
2017-08-15,33,MAGAZINES,2.0
2017-08-02,33,MEATS,348.369
2017-08-03,33,MEATS,287.342
2017-08-04,33,MEATS,208.146
2017-08-05,33,MEATS,293.303
2017-08-06,33,MEATS,316.669
2017-08-07,33,MEATS,222.502
2017-08-08,33,MEATS,81.658
2017-08-09,33,MEATS,268.209
2017-08-10,33,MEATS,320.664
2017-08-11,33,MEATS,200.256
2017-08-12,33,MEATS,316.49802
2017-08-13,33,MEATS,330.482
2017-08-14,33,MEATS,212.23
2017-08-15,33,MEATS,291.54
2017-08-02,33,PERSONAL CARE,253.0
2017-08-03,33,PERSONAL CARE,152.0
2017-08-04,33,PERSONAL CARE,180.0
2017-08-05,33,PERSONAL CARE,220.0
2017-08-06,33,PERSONAL CARE,318.0
2017-08-07,33,PERSONAL CARE,262.0
2017-08-08,33,PERSONAL CARE,228.0
2017-08-09,33,PERSONAL CARE,132.0
2017-08-10,33,PERSONAL CARE,186.0
2017-08-11,33,PERSONAL CARE,189.0
2017-08-12,33,PERSONAL CARE,200.0
2017-08-13,33,PERSONAL CARE,263.0
2017-08-14,33,PERSONAL CARE,204.0
2017-08-15,33,PERSONAL CARE,226.0
2017-08-02,33,PET SUPPLIES,3.0
2017-08-03,33,PET SUPPLIES,4.0
2017-08-04,33,PET SUPPLIES,1.0
2017-08-05,33,PET SUPPLIES,0.0
2017-08-06,33,PET SUPPLIES,6.0
2017-08-07,33,PET SUPPLIES,0.0
2017-08-08,33,PET SUPPLIES,3.0
2017-08-09,33,PET SUPPLIES,2.0
2017-08-10,33,PET SUPPLIES,1.0
2017-08-11,33,PET SUPPLIES,6.0
2017-08-12,33,PET SUPPLIES,2.0
2017-08-13,33,PET SUPPLIES,1.0
2017-08-14,33,PET SUPPLIES,2.0
2017-08-15,33,PET SUPPLIES,4.0
2017-08-02,33,PLAYERS AND ELECTRONICS,4.0
2017-08-03,33,PLAYERS AND ELECTRONICS,4.0
2017-08-04,33,PLAYERS AND ELECTRONICS,6.0
2017-08-05,33,PLAYERS AND ELECTRONICS,7.0
2017-08-06,33,PLAYERS AND ELECTRONICS,3.0
2017-08-07,33,PLAYERS AND ELECTRONICS,3.0
2017-08-08,33,PLAYERS AND ELECTRONICS,5.0
2017-08-09,33,PLAYERS AND ELECTRONICS,5.0
2017-08-10,33,PLAYERS AND ELECTRONICS,3.0
2017-08-11,33,PLAYERS AND ELECTRONICS,2.0
2017-08-12,33,PLAYERS AND ELECTRONICS,4.0
2017-08-13,33,PLAYERS AND ELECTRONICS,2.0
2017-08-14,33,PLAYERS AND ELECTRONICS,4.0
2017-08-15,33,PLAYERS AND ELECTRONICS,3.0
2017-08-02,33,POULTRY,303.107
2017-08-03,33,POULTRY,159.626
2017-08-04,33,POULTRY,398.819
2017-08-05,33,POULTRY,96.438995
2017-08-06,33,POULTRY,333.109
2017-08-07,33,POULTRY,198.778
2017-08-08,33,POULTRY,274.233
2017-08-09,33,POULTRY,205.608
2017-08-10,33,POULTRY,209.943
2017-08-11,33,POULTRY,278.804
2017-08-12,33,POULTRY,327.303
2017-08-13,33,POULTRY,261.164
2017-08-14,33,POULTRY,181.824
2017-08-15,33,POULTRY,217.068
2017-08-02,33,PREPARED FOODS,33.0
2017-08-03,33,PREPARED FOODS,3.0
2017-08-04,33,PREPARED FOODS,25.0
2017-08-05,33,PREPARED FOODS,30.0
2017-08-06,33,PREPARED FOODS,24.0
2017-08-07,33,PREPARED FOODS,36.0
2017-08-08,33,PREPARED FOODS,42.0
2017-08-09,33,PREPARED FOODS,25.0
2017-08-10,33,PREPARED FOODS,24.0
2017-08-11,33,PREPARED FOODS,39.0
2017-08-12,33,PREPARED FOODS,30.0
2017-08-13,33,PREPARED FOODS,31.0
2017-08-14,33,PREPARED FOODS,27.0
2017-08-15,33,PREPARED FOODS,43.0
2017-08-02,33,PRODUCE,1278.63
2017-08-03,33,PRODUCE,1152.733
2017-08-04,33,PRODUCE,1020.222
2017-08-05,33,PRODUCE,1240.388
2017-08-06,33,PRODUCE,1428.192
2017-08-07,33,PRODUCE,1186.598
2017-08-08,33,PRODUCE,2168.636
2017-08-09,33,PRODUCE,921.191
2017-08-10,33,PRODUCE,981.239
2017-08-11,33,PRODUCE,1218.932
2017-08-12,33,PRODUCE,1107.386
2017-08-13,33,PRODUCE,1346.043
2017-08-14,33,PRODUCE,1115.901
2017-08-15,33,PRODUCE,2376.963
2017-08-02,33,SCHOOL AND OFFICE SUPPLIES,0.0
2017-08-03,33,SCHOOL AND OFFICE SUPPLIES,0.0
2017-08-04,33,SCHOOL AND OFFICE SUPPLIES,0.0
2017-08-05,33,SCHOOL AND OFFICE SUPPLIES,0.0
2017-08-06,33,SCHOOL AND OFFICE SUPPLIES,0.0
2017-08-07,33,SCHOOL AND OFFICE SUPPLIES,0.0
2017-08-08,33,SCHOOL AND OFFICE SUPPLIES,0.0
2017-08-09,33,SCHOOL AND OFFICE SUPPLIES,0.0
2017-08-10,33,SCHOOL AND OFFICE SUPPLIES,0.0
2017-08-11,33,SCHOOL AND OFFICE SUPPLIES,0.0
2017-08-12,33,SCHOOL AND OFFICE SUPPLIES,0.0
2017-08-13,33,SCHOOL AND OFFICE SUPPLIES,0.0
2017-08-14,33,SCHOOL AND OFFICE SUPPLIES,0.0
2017-08-15,33,SCHOOL AND OFFICE SUPPLIES,0.0
2017-08-02,33,SEAFOOD,0.0
2017-08-03,33,SEAFOOD,0.0
2017-08-04,33,SEAFOOD,0.0
2017-08-05,33,SEAFOOD,2.0
2017-08-06,33,SEAFOOD,1.0
2017-08-07,33,SEAFOOD,0.0
2017-08-08,33,SEAFOOD,1.0
2017-08-09,33,SEAFOOD,0.0
2017-08-10,33,SEAFOOD,0.0
2017-08-11,33,SEAFOOD,1.0
2017-08-12,33,SEAFOOD,3.0
2017-08-13,33,SEAFOOD,0.0
2017-08-14,33,SEAFOOD,0.0
2017-08-15,33,SEAFOOD,1.0
2017-08-02,34,AUTOMOTIVE,1.0
2017-08-03,34,AUTOMOTIVE,2.0
2017-08-04,34,AUTOMOTIVE,6.0
2017-08-05,34,AUTOMOTIVE,3.0
2017-08-06,34,AUTOMOTIVE,8.0
2017-08-07,34,AUTOMOTIVE,5.0
2017-08-08,34,AUTOMOTIVE,2.0
2017-08-09,34,AUTOMOTIVE,3.0
2017-08-10,34,AUTOMOTIVE,1.0
2017-08-11,34,AUTOMOTIVE,1.0
2017-08-12,34,AUTOMOTIVE,3.0
2017-08-13,34,AUTOMOTIVE,4.0
2017-08-14,34,AUTOMOTIVE,4.0
2017-08-15,34,AUTOMOTIVE,6.0
2017-08-02,34,BABY CARE,1.0
2017-08-03,34,BABY CARE,0.0
2017-08-04,34,BABY CARE,2.0
2017-08-05,34,BABY CARE,0.0
2017-08-06,34,BABY CARE,0.0
2017-08-07,34,BABY CARE,1.0
2017-08-08,34,BABY CARE,0.0
2017-08-09,34,BABY CARE,0.0
2017-08-10,34,BABY CARE,1.0
2017-08-11,34,BABY CARE,1.0
2017-08-12,34,BABY CARE,1.0
2017-08-13,34,BABY CARE,0.0
2017-08-14,34,BABY CARE,0.0
2017-08-15,34,BABY CARE,0.0
2017-08-02,34,BEAUTY,1.0
2017-08-03,34,BEAUTY,2.0
2017-08-04,34,BEAUTY,3.0
2017-08-05,34,BEAUTY,4.0
2017-08-06,34,BEAUTY,0.0
2017-08-07,34,BEAUTY,1.0
2017-08-08,34,BEAUTY,2.0
2017-08-09,34,BEAUTY,3.0
2017-08-10,34,BEAUTY,3.0
2017-08-11,34,BEAUTY,0.0
2017-08-12,34,BEAUTY,3.0
2017-08-13,34,BEAUTY,2.0
2017-08-14,34,BEAUTY,2.0
2017-08-15,34,BEAUTY,0.0
2017-08-02,34,BEVERAGES,2236.0
2017-08-03,34,BEVERAGES,2591.0
2017-08-04,34,BEVERAGES,2790.0
2017-08-05,34,BEVERAGES,2826.0
2017-08-06,34,BEVERAGES,3108.0
2017-08-07,34,BEVERAGES,2671.0
2017-08-08,34,BEVERAGES,2144.0
2017-08-09,34,BEVERAGES,2101.0
2017-08-10,34,BEVERAGES,2585.0
2017-08-11,34,BEVERAGES,2866.0
2017-08-12,34,BEVERAGES,2343.0
2017-08-13,34,BEVERAGES,2810.0
2017-08-14,34,BEVERAGES,2794.0
2017-08-15,34,BEVERAGES,2273.0
2017-08-02,34,BOOKS,0.0
2017-08-03,34,BOOKS,0.0
2017-08-04,34,BOOKS,0.0
2017-08-05,34,BOOKS,0.0
2017-08-06,34,BOOKS,0.0
2017-08-07,34,BOOKS,0.0
2017-08-08,34,BOOKS,0.0
2017-08-09,34,BOOKS,0.0
2017-08-10,34,BOOKS,0.0
2017-08-11,34,BOOKS,0.0
2017-08-12,34,BOOKS,0.0
2017-08-13,34,BOOKS,0.0
2017-08-14,34,BOOKS,0.0
2017-08-15,34,BOOKS,0.0
2017-08-02,34,BREAD/BAKERY,696.0
2017-08-03,34,BREAD/BAKERY,586.0
2017-08-04,34,BREAD/BAKERY,652.0
2017-08-05,34,BREAD/BAKERY,801.0
2017-08-06,34,BREAD/BAKERY,957.0
2017-08-07,34,BREAD/BAKERY,743.0
2017-08-08,34,BREAD/BAKERY,611.0
2017-08-09,34,BREAD/BAKERY,620.0
2017-08-10,34,BREAD/BAKERY,702.0
2017-08-11,34,BREAD/BAKERY,840.0
2017-08-12,34,BREAD/BAKERY,671.0
2017-08-13,34,BREAD/BAKERY,677.0
2017-08-14,34,BREAD/BAKERY,772.0
2017-08-15,34,BREAD/BAKERY,669.0
2017-08-02,34,CELEBRATION,7.0
2017-08-03,34,CELEBRATION,4.0
2017-08-04,34,CELEBRATION,12.0
2017-08-05,34,CELEBRATION,8.0
2017-08-06,34,CELEBRATION,9.0
2017-08-07,34,CELEBRATION,5.0
2017-08-08,34,CELEBRATION,7.0
2017-08-09,34,CELEBRATION,9.0
2017-08-10,34,CELEBRATION,22.0
2017-08-11,34,CELEBRATION,11.0
2017-08-12,34,CELEBRATION,12.0
2017-08-13,34,CELEBRATION,4.0
2017-08-14,34,CELEBRATION,15.0
2017-08-15,34,CELEBRATION,13.0
2017-08-02,34,CLEANING,810.0
2017-08-03,34,CLEANING,971.0
2017-08-04,34,CLEANING,948.0
2017-08-05,34,CLEANING,999.0
2017-08-06,34,CLEANING,1449.0
2017-08-07,34,CLEANING,852.0
2017-08-08,34,CLEANING,686.0
2017-08-09,34,CLEANING,907.0
2017-08-10,34,CLEANING,680.0
2017-08-11,34,CLEANING,802.0
2017-08-12,34,CLEANING,951.0
2017-08-13,34,CLEANING,642.0
2017-08-14,34,CLEANING,1065.0
2017-08-15,34,CLEANING,971.0
2017-08-02,34,DAIRY,760.0
2017-08-03,34,DAIRY,601.0
2017-08-04,34,DAIRY,615.0
2017-08-05,34,DAIRY,757.0
2017-08-06,34,DAIRY,870.0
2017-08-07,34,DAIRY,612.0
2017-08-08,34,DAIRY,448.0
2017-08-09,34,DAIRY,701.0
2017-08-10,34,DAIRY,542.0
2017-08-11,34,DAIRY,576.0
2017-08-12,34,DAIRY,467.0
2017-08-13,34,DAIRY,675.0
2017-08-14,34,DAIRY,726.0
2017-08-15,34,DAIRY,595.0
2017-08-02,34,DELI,255.127
2017-08-03,34,DELI,216.291
2017-08-04,34,DELI,239.429
2017-08-05,34,DELI,240.981
2017-08-06,34,DELI,240.571
2017-08-07,34,DELI,218.257
2017-08-08,34,DELI,209.011
2017-08-09,34,DELI,199.123
2017-08-10,34,DELI,229.501
2017-08-11,34,DELI,299.419
2017-08-12,34,DELI,171.674
2017-08-13,34,DELI,210.663
2017-08-14,34,DELI,199.337
2017-08-15,34,DELI,219.528
2017-08-02,34,EGGS,82.0
2017-08-03,34,EGGS,39.0
2017-08-04,34,EGGS,79.0
2017-08-05,34,EGGS,112.0
2017-08-06,34,EGGS,135.0
2017-08-07,34,EGGS,115.0
2017-08-08,34,EGGS,172.0
2017-08-09,34,EGGS,112.0
2017-08-10,34,EGGS,147.0
2017-08-11,34,EGGS,151.0
2017-08-12,34,EGGS,86.0
2017-08-13,34,EGGS,113.0
2017-08-14,34,EGGS,266.0
2017-08-15,34,EGGS,99.0
2017-08-02,34,FROZEN FOODS,68.757
2017-08-03,34,FROZEN FOODS,82.0
2017-08-04,34,FROZEN FOODS,83.361
2017-08-05,34,FROZEN FOODS,95.0
2017-08-06,34,FROZEN FOODS,119.215
2017-08-07,34,FROZEN FOODS,58.0
2017-08-08,34,FROZEN FOODS,57.0
2017-08-09,34,FROZEN FOODS,72.0
2017-08-10,34,FROZEN FOODS,77.66
2017-08-11,34,FROZEN FOODS,92.0
2017-08-12,34,FROZEN FOODS,55.0
2017-08-13,34,FROZEN FOODS,56.0
2017-08-14,34,FROZEN FOODS,65.0
2017-08-15,34,FROZEN FOODS,54.0
2017-08-02,34,GROCERY I,3827.93
2017-08-03,34,GROCERY I,3664.484
2017-08-04,34,GROCERY I,4047.516
2017-08-05,34,GROCERY I,4940.148
2017-08-06,34,GROCERY I,4947.492
2017-08-07,34,GROCERY I,4088.695
2017-08-08,34,GROCERY I,3918.172
2017-08-09,34,GROCERY I,3356.055
2017-08-10,34,GROCERY I,4334.188
2017-08-11,34,GROCERY I,4473.828
2017-08-12,34,GROCERY I,3820.102
2017-08-13,34,GROCERY I,4523.289
2017-08-14,34,GROCERY I,4130.398
2017-08-15,34,GROCERY I,4552.07
2017-08-02,34,GROCERY II,6.0
2017-08-03,34,GROCERY II,2.0
2017-08-04,34,GROCERY II,6.0
2017-08-05,34,GROCERY II,19.0
2017-08-06,34,GROCERY II,9.0
2017-08-07,34,GROCERY II,8.0
2017-08-08,34,GROCERY II,5.0
2017-08-09,34,GROCERY II,5.0
2017-08-10,34,GROCERY II,7.0
2017-08-11,34,GROCERY II,5.0
2017-08-12,34,GROCERY II,18.0
2017-08-13,34,GROCERY II,11.0
2017-08-14,34,GROCERY II,6.0
2017-08-15,34,GROCERY II,14.0
2017-08-02,34,HARDWARE,4.0
2017-08-03,34,HARDWARE,2.0
2017-08-04,34,HARDWARE,2.0
2017-08-05,34,HARDWARE,1.0
2017-08-06,34,HARDWARE,2.0
2017-08-07,34,HARDWARE,1.0
2017-08-08,34,HARDWARE,14.0
2017-08-09,34,HARDWARE,3.0
2017-08-10,34,HARDWARE,6.0
2017-08-11,34,HARDWARE,10.0
2017-08-12,34,HARDWARE,0.0
2017-08-13,34,HARDWARE,1.0
2017-08-14,34,HARDWARE,3.0
2017-08-15,34,HARDWARE,1.0
2017-08-02,34,HOME AND KITCHEN I,66.0
2017-08-03,34,HOME AND KITCHEN I,39.0
2017-08-04,34,HOME AND KITCHEN I,29.0
2017-08-05,34,HOME AND KITCHEN I,40.0
2017-08-06,34,HOME AND KITCHEN I,41.0
2017-08-07,34,HOME AND KITCHEN I,17.0
2017-08-08,34,HOME AND KITCHEN I,15.0
2017-08-09,34,HOME AND KITCHEN I,24.0
2017-08-10,34,HOME AND KITCHEN I,16.0
2017-08-11,34,HOME AND KITCHEN I,29.0
2017-08-12,34,HOME AND KITCHEN I,27.0
2017-08-13,34,HOME AND KITCHEN I,21.0
2017-08-14,34,HOME AND KITCHEN I,11.0
2017-08-15,34,HOME AND KITCHEN I,22.0
2017-08-02,34,HOME AND KITCHEN II,39.0
2017-08-03,34,HOME AND KITCHEN II,34.0
2017-08-04,34,HOME AND KITCHEN II,51.0
2017-08-05,34,HOME AND KITCHEN II,56.0
2017-08-06,34,HOME AND KITCHEN II,35.0
2017-08-07,34,HOME AND KITCHEN II,27.0
2017-08-08,34,HOME AND KITCHEN II,33.0
2017-08-09,34,HOME AND KITCHEN II,28.0
2017-08-10,34,HOME AND KITCHEN II,29.0
2017-08-11,34,HOME AND KITCHEN II,47.0
2017-08-12,34,HOME AND KITCHEN II,38.0
2017-08-13,34,HOME AND KITCHEN II,15.0
2017-08-14,34,HOME AND KITCHEN II,43.0
2017-08-15,34,HOME AND KITCHEN II,51.0
2017-08-02,34,HOME APPLIANCES,1.0
2017-08-03,34,HOME APPLIANCES,0.0
2017-08-04,34,HOME APPLIANCES,0.0
2017-08-05,34,HOME APPLIANCES,0.0
2017-08-06,34,HOME APPLIANCES,0.0
2017-08-07,34,HOME APPLIANCES,0.0
2017-08-08,34,HOME APPLIANCES,0.0
2017-08-09,34,HOME APPLIANCES,0.0
2017-08-10,34,HOME APPLIANCES,0.0
2017-08-11,34,HOME APPLIANCES,0.0
2017-08-12,34,HOME APPLIANCES,0.0
2017-08-13,34,HOME APPLIANCES,0.0
2017-08-14,34,HOME APPLIANCES,0.0
2017-08-15,34,HOME APPLIANCES,0.0
2017-08-02,34,HOME CARE,222.0
2017-08-03,34,HOME CARE,196.0
2017-08-04,34,HOME CARE,206.0
2017-08-05,34,HOME CARE,246.0
2017-08-06,34,HOME CARE,230.0
2017-08-07,34,HOME CARE,177.0
2017-08-08,34,HOME CARE,185.0
2017-08-09,34,HOME CARE,157.0
2017-08-10,34,HOME CARE,175.0
2017-08-11,34,HOME CARE,221.0
2017-08-12,34,HOME CARE,149.0
2017-08-13,34,HOME CARE,196.0
2017-08-14,34,HOME CARE,208.0
2017-08-15,34,HOME CARE,230.0
2017-08-02,34,LADIESWEAR,0.0
2017-08-03,34,LADIESWEAR,0.0
2017-08-04,34,LADIESWEAR,0.0
2017-08-05,34,LADIESWEAR,2.0
2017-08-06,34,LADIESWEAR,2.0
2017-08-07,34,LADIESWEAR,0.0
2017-08-08,34,LADIESWEAR,0.0
2017-08-09,34,LADIESWEAR,4.0
2017-08-10,34,LADIESWEAR,1.0
2017-08-11,34,LADIESWEAR,1.0
2017-08-12,34,LADIESWEAR,3.0
2017-08-13,34,LADIESWEAR,3.0
2017-08-14,34,LADIESWEAR,2.0
2017-08-15,34,LADIESWEAR,1.0
2017-08-02,34,LAWN AND GARDEN,4.0
2017-08-03,34,LAWN AND GARDEN,7.0
2017-08-04,34,LAWN AND GARDEN,8.0
2017-08-05,34,LAWN AND GARDEN,11.0
2017-08-06,34,LAWN AND GARDEN,3.0
2017-08-07,34,LAWN AND GARDEN,6.0
2017-08-08,34,LAWN AND GARDEN,0.0
2017-08-09,34,LAWN AND GARDEN,2.0
2017-08-10,34,LAWN AND GARDEN,3.0
2017-08-11,34,LAWN AND GARDEN,7.0
2017-08-12,34,LAWN AND GARDEN,5.0
2017-08-13,34,LAWN AND GARDEN,5.0
2017-08-14,34,LAWN AND GARDEN,8.0
2017-08-15,34,LAWN AND GARDEN,2.0
2017-08-02,34,LINGERIE,5.0
2017-08-03,34,LINGERIE,6.0
2017-08-04,34,LINGERIE,1.0
2017-08-05,34,LINGERIE,5.0
2017-08-06,34,LINGERIE,4.0
2017-08-07,34,LINGERIE,2.0
2017-08-08,34,LINGERIE,3.0
2017-08-09,34,LINGERIE,6.0
2017-08-10,34,LINGERIE,7.0
2017-08-11,34,LINGERIE,4.0
2017-08-12,34,LINGERIE,1.0
2017-08-13,34,LINGERIE,1.0
2017-08-14,34,LINGERIE,8.0
2017-08-15,34,LINGERIE,1.0
2017-08-02,34,"LIQUOR,WINE,BEER",21.0
2017-08-03,34,"LIQUOR,WINE,BEER",36.0
2017-08-04,34,"LIQUOR,WINE,BEER",40.0
2017-08-05,34,"LIQUOR,WINE,BEER",84.0
2017-08-06,34,"LIQUOR,WINE,BEER",14.0
2017-08-07,34,"LIQUOR,WINE,BEER",12.0
2017-08-08,34,"LIQUOR,WINE,BEER",10.0
2017-08-09,34,"LIQUOR,WINE,BEER",31.0
2017-08-10,34,"LIQUOR,WINE,BEER",24.0
2017-08-11,34,"LIQUOR,WINE,BEER",54.0
2017-08-12,34,"LIQUOR,WINE,BEER",41.0
2017-08-13,34,"LIQUOR,WINE,BEER",23.0
2017-08-14,34,"LIQUOR,WINE,BEER",19.0
2017-08-15,34,"LIQUOR,WINE,BEER",13.0
2017-08-02,34,MAGAZINES,4.0
2017-08-03,34,MAGAZINES,3.0
2017-08-04,34,MAGAZINES,0.0
2017-08-05,34,MAGAZINES,3.0
2017-08-06,34,MAGAZINES,2.0
2017-08-07,34,MAGAZINES,2.0
2017-08-08,34,MAGAZINES,3.0
2017-08-09,34,MAGAZINES,1.0
2017-08-10,34,MAGAZINES,0.0
2017-08-11,34,MAGAZINES,3.0
2017-08-12,34,MAGAZINES,2.0
2017-08-13,34,MAGAZINES,1.0
2017-08-14,34,MAGAZINES,6.0
2017-08-15,34,MAGAZINES,5.0
2017-08-02,34,MEATS,203.493
2017-08-03,34,MEATS,235.23201
2017-08-04,34,MEATS,167.053
2017-08-05,34,MEATS,182.963
2017-08-06,34,MEATS,185.235
2017-08-07,34,MEATS,213.855
2017-08-08,34,MEATS,145.142
2017-08-09,34,MEATS,173.526
2017-08-10,34,MEATS,206.901
2017-08-11,34,MEATS,174.091
2017-08-12,34,MEATS,98.216
2017-08-13,34,MEATS,165.617
2017-08-14,34,MEATS,201.455
2017-08-15,34,MEATS,181.096
2017-08-02,34,PERSONAL CARE,298.0
2017-08-03,34,PERSONAL CARE,253.0
2017-08-04,34,PERSONAL CARE,227.0
2017-08-05,34,PERSONAL CARE,355.0
2017-08-06,34,PERSONAL CARE,258.0
2017-08-07,34,PERSONAL CARE,310.0
2017-08-08,34,PERSONAL CARE,212.0
2017-08-09,34,PERSONAL CARE,196.0
2017-08-10,34,PERSONAL CARE,220.0
2017-08-11,34,PERSONAL CARE,243.0
2017-08-12,34,PERSONAL CARE,329.0
2017-08-13,34,PERSONAL CARE,239.0
2017-08-14,34,PERSONAL CARE,274.0
2017-08-15,34,PERSONAL CARE,270.0
2017-08-02,34,PET SUPPLIES,5.0
2017-08-03,34,PET SUPPLIES,1.0
2017-08-04,34,PET SUPPLIES,2.0
2017-08-05,34,PET SUPPLIES,10.0
2017-08-06,34,PET SUPPLIES,2.0
2017-08-07,34,PET SUPPLIES,1.0
2017-08-08,34,PET SUPPLIES,5.0
2017-08-09,34,PET SUPPLIES,0.0
2017-08-10,34,PET SUPPLIES,2.0
2017-08-11,34,PET SUPPLIES,3.0
2017-08-12,34,PET SUPPLIES,1.0
2017-08-13,34,PET SUPPLIES,3.0
2017-08-14,34,PET SUPPLIES,6.0
2017-08-15,34,PET SUPPLIES,6.0
2017-08-02,34,PLAYERS AND ELECTRONICS,5.0
2017-08-03,34,PLAYERS AND ELECTRONICS,12.0
2017-08-04,34,PLAYERS AND ELECTRONICS,8.0
2017-08-05,34,PLAYERS AND ELECTRONICS,15.0
2017-08-06,34,PLAYERS AND ELECTRONICS,6.0
2017-08-07,34,PLAYERS AND ELECTRONICS,6.0
2017-08-08,34,PLAYERS AND ELECTRONICS,2.0
2017-08-09,34,PLAYERS AND ELECTRONICS,4.0
2017-08-10,34,PLAYERS AND ELECTRONICS,10.0
2017-08-11,34,PLAYERS AND ELECTRONICS,3.0
2017-08-12,34,PLAYERS AND ELECTRONICS,5.0
2017-08-13,34,PLAYERS AND ELECTRONICS,9.0
2017-08-14,34,PLAYERS AND ELECTRONICS,11.0
2017-08-15,34,PLAYERS AND ELECTRONICS,4.0
2017-08-02,34,POULTRY,173.963
2017-08-03,34,POULTRY,141.156
2017-08-04,34,POULTRY,184.286
2017-08-05,34,POULTRY,180.538
2017-08-06,34,POULTRY,164.925
2017-08-07,34,POULTRY,122.818
2017-08-08,34,POULTRY,128.0
2017-08-09,34,POULTRY,155.513
2017-08-10,34,POULTRY,130.43001
2017-08-11,34,POULTRY,197.791
2017-08-12,34,POULTRY,132.301
2017-08-13,34,POULTRY,159.386
2017-08-14,34,POULTRY,181.942
2017-08-15,34,POULTRY,115.923996
2017-08-02,34,PREPARED FOODS,24.0
2017-08-03,34,PREPARED FOODS,17.0
2017-08-04,34,PREPARED FOODS,28.0
2017-08-05,34,PREPARED FOODS,27.0
2017-08-06,34,PREPARED FOODS,11.0
2017-08-07,34,PREPARED FOODS,36.292
2017-08-08,34,PREPARED FOODS,22.0
2017-08-09,34,PREPARED FOODS,15.0
2017-08-10,34,PREPARED FOODS,36.0
2017-08-11,34,PREPARED FOODS,40.282
2017-08-12,34,PREPARED FOODS,40.741
2017-08-13,34,PREPARED FOODS,22.0
2017-08-14,34,PREPARED FOODS,28.048
2017-08-15,34,PREPARED FOODS,35.999
2017-08-02,34,PRODUCE,698.787
2017-08-03,34,PRODUCE,540.412
2017-08-04,34,PRODUCE,685.309
2017-08-05,34,PRODUCE,688.67
2017-08-06,34,PRODUCE,631.565
2017-08-07,34,PRODUCE,656.801
2017-08-08,34,PRODUCE,1071.539
2017-08-09,34,PRODUCE,624.635
2017-08-10,34,PRODUCE,557.384
2017-08-11,34,PRODUCE,599.0
2017-08-12,34,PRODUCE,604.801
2017-08-13,34,PRODUCE,634.453
2017-08-14,34,PRODUCE,690.883
2017-08-15,34,PRODUCE,910.804
2017-08-02,34,SCHOOL AND OFFICE SUPPLIES,3.0
2017-08-03,34,SCHOOL AND OFFICE SUPPLIES,5.0
2017-08-04,34,SCHOOL AND OFFICE SUPPLIES,1.0
2017-08-05,34,SCHOOL AND OFFICE SUPPLIES,4.0
2017-08-06,34,SCHOOL AND OFFICE SUPPLIES,7.0
2017-08-07,34,SCHOOL AND OFFICE SUPPLIES,3.0
2017-08-08,34,SCHOOL AND OFFICE SUPPLIES,12.0
2017-08-09,34,SCHOOL AND OFFICE SUPPLIES,3.0
2017-08-10,34,SCHOOL AND OFFICE SUPPLIES,3.0
2017-08-11,34,SCHOOL AND OFFICE SUPPLIES,4.0
2017-08-12,34,SCHOOL AND OFFICE SUPPLIES,4.0
2017-08-13,34,SCHOOL AND OFFICE SUPPLIES,9.0
2017-08-14,34,SCHOOL AND OFFICE SUPPLIES,3.0
2017-08-15,34,SCHOOL AND OFFICE SUPPLIES,3.0
2017-08-02,34,SEAFOOD,6.0
2017-08-03,34,SEAFOOD,2.0
2017-08-04,34,SEAFOOD,1.0
2017-08-05,34,SEAFOOD,9.0
2017-08-06,34,SEAFOOD,0.0
2017-08-07,34,SEAFOOD,0.0
2017-08-08,34,SEAFOOD,1.0
2017-08-09,34,SEAFOOD,6.0
2017-08-10,34,SEAFOOD,4.0
2017-08-11,34,SEAFOOD,0.0
2017-08-12,34,SEAFOOD,0.0
2017-08-13,34,SEAFOOD,0.0
2017-08-14,34,SEAFOOD,3.0
2017-08-15,34,SEAFOOD,3.0
2017-08-02,35,AUTOMOTIVE,2.0
2017-08-03,35,AUTOMOTIVE,5.0
2017-08-04,35,AUTOMOTIVE,6.0
2017-08-05,35,AUTOMOTIVE,3.0
2017-08-06,35,AUTOMOTIVE,6.0
2017-08-07,35,AUTOMOTIVE,6.0
2017-08-08,35,AUTOMOTIVE,5.0
2017-08-09,35,AUTOMOTIVE,1.0
2017-08-10,35,AUTOMOTIVE,4.0
2017-08-11,35,AUTOMOTIVE,5.0
2017-08-12,35,AUTOMOTIVE,3.0
2017-08-13,35,AUTOMOTIVE,3.0
2017-08-14,35,AUTOMOTIVE,3.0
2017-08-15,35,AUTOMOTIVE,5.0
2017-08-02,35,BABY CARE,0.0
2017-08-03,35,BABY CARE,0.0
2017-08-04,35,BABY CARE,0.0
2017-08-05,35,BABY CARE,0.0
2017-08-06,35,BABY CARE,0.0
2017-08-07,35,BABY CARE,0.0
2017-08-08,35,BABY CARE,0.0
2017-08-09,35,BABY CARE,0.0
2017-08-10,35,BABY CARE,0.0
2017-08-11,35,BABY CARE,0.0
2017-08-12,35,BABY CARE,0.0
2017-08-13,35,BABY CARE,0.0
2017-08-14,35,BABY CARE,0.0
2017-08-15,35,BABY CARE,0.0
2017-08-02,35,BEAUTY,0.0
2017-08-03,35,BEAUTY,0.0
2017-08-04,35,BEAUTY,1.0
2017-08-05,35,BEAUTY,2.0
2017-08-06,35,BEAUTY,1.0
2017-08-07,35,BEAUTY,1.0
2017-08-08,35,BEAUTY,0.0
2017-08-09,35,BEAUTY,1.0
2017-08-10,35,BEAUTY,0.0
2017-08-11,35,BEAUTY,1.0
2017-08-12,35,BEAUTY,2.0
2017-08-13,35,BEAUTY,1.0
2017-08-14,35,BEAUTY,0.0
2017-08-15,35,BEAUTY,1.0
2017-08-02,35,BEVERAGES,1205.0
2017-08-03,35,BEVERAGES,1576.0
2017-08-04,35,BEVERAGES,1383.0
2017-08-05,35,BEVERAGES,1902.0
2017-08-06,35,BEVERAGES,2162.0
2017-08-07,35,BEVERAGES,1591.0
2017-08-08,35,BEVERAGES,1109.0
2017-08-09,35,BEVERAGES,1103.0
2017-08-10,35,BEVERAGES,1307.0
2017-08-11,35,BEVERAGES,2394.0
2017-08-12,35,BEVERAGES,2028.0
2017-08-13,35,BEVERAGES,1648.0
2017-08-14,35,BEVERAGES,1294.0
2017-08-15,35,BEVERAGES,1411.0
2017-08-02,35,BOOKS,0.0
2017-08-03,35,BOOKS,0.0
2017-08-04,35,BOOKS,0.0
2017-08-05,35,BOOKS,0.0
2017-08-06,35,BOOKS,0.0
2017-08-07,35,BOOKS,0.0
2017-08-08,35,BOOKS,0.0
2017-08-09,35,BOOKS,0.0
2017-08-10,35,BOOKS,0.0
2017-08-11,35,BOOKS,0.0
2017-08-12,35,BOOKS,0.0
2017-08-13,35,BOOKS,0.0
2017-08-14,35,BOOKS,0.0
2017-08-15,35,BOOKS,0.0
2017-08-02,35,BREAD/BAKERY,91.0
2017-08-03,35,BREAD/BAKERY,74.0
2017-08-04,35,BREAD/BAKERY,98.0
2017-08-05,35,BREAD/BAKERY,83.0
2017-08-06,35,BREAD/BAKERY,142.0
2017-08-07,35,BREAD/BAKERY,103.0
2017-08-08,35,BREAD/BAKERY,160.0
2017-08-09,35,BREAD/BAKERY,100.0
2017-08-10,35,BREAD/BAKERY,132.0
2017-08-11,35,BREAD/BAKERY,107.0
2017-08-12,35,BREAD/BAKERY,103.0
2017-08-13,35,BREAD/BAKERY,168.0
2017-08-14,35,BREAD/BAKERY,131.0
2017-08-15,35,BREAD/BAKERY,108.0
2017-08-02,35,CELEBRATION,2.0
2017-08-03,35,CELEBRATION,3.0
2017-08-04,35,CELEBRATION,6.0
2017-08-05,35,CELEBRATION,6.0
2017-08-06,35,CELEBRATION,1.0
2017-08-07,35,CELEBRATION,0.0
2017-08-08,35,CELEBRATION,3.0
2017-08-09,35,CELEBRATION,1.0
2017-08-10,35,CELEBRATION,0.0
2017-08-11,35,CELEBRATION,7.0
2017-08-12,35,CELEBRATION,2.0
2017-08-13,35,CELEBRATION,1.0
2017-08-14,35,CELEBRATION,1.0
2017-08-15,35,CELEBRATION,1.0
2017-08-02,35,CLEANING,513.0
2017-08-03,35,CLEANING,588.0
2017-08-04,35,CLEANING,313.0
2017-08-05,35,CLEANING,594.0
2017-08-06,35,CLEANING,515.0
2017-08-07,35,CLEANING,494.0
2017-08-08,35,CLEANING,346.0
2017-08-09,35,CLEANING,385.0
2017-08-10,35,CLEANING,358.0
2017-08-11,35,CLEANING,601.0
2017-08-12,35,CLEANING,475.0
2017-08-13,35,CLEANING,457.0
2017-08-14,35,CLEANING,398.0
2017-08-15,35,CLEANING,389.0
2017-08-02,35,DAIRY,213.0
2017-08-03,35,DAIRY,170.0
2017-08-04,35,DAIRY,122.0
2017-08-05,35,DAIRY,232.0
2017-08-06,35,DAIRY,218.0
2017-08-07,35,DAIRY,155.0
2017-08-08,35,DAIRY,169.0
2017-08-09,35,DAIRY,193.0
2017-08-10,35,DAIRY,121.0
2017-08-11,35,DAIRY,196.0
2017-08-12,35,DAIRY,237.0
2017-08-13,35,DAIRY,172.0
2017-08-14,35,DAIRY,153.0
2017-08-15,35,DAIRY,130.0
2017-08-02,35,DELI,94.0
2017-08-03,35,DELI,62.0
2017-08-04,35,DELI,59.0
2017-08-05,35,DELI,124.0
2017-08-06,35,DELI,109.0
2017-08-07,35,DELI,104.0
2017-08-08,35,DELI,85.0
2017-08-09,35,DELI,60.0
2017-08-10,35,DELI,93.0
2017-08-11,35,DELI,165.0
2017-08-12,35,DELI,107.0
2017-08-13,35,DELI,100.0
2017-08-14,35,DELI,80.0
2017-08-15,35,DELI,121.0
2017-08-02,35,EGGS,191.0
2017-08-03,35,EGGS,67.0
2017-08-04,35,EGGS,55.0
2017-08-05,35,EGGS,195.0
2017-08-06,35,EGGS,183.0
2017-08-07,35,EGGS,285.0
2017-08-08,35,EGGS,165.0
2017-08-09,35,EGGS,114.0
2017-08-10,35,EGGS,80.0
2017-08-11,35,EGGS,172.0
2017-08-12,35,EGGS,288.0
2017-08-13,35,EGGS,81.0
2017-08-14,35,EGGS,213.0
2017-08-15,35,EGGS,186.0
2017-08-02,35,FROZEN FOODS,46.0
2017-08-03,35,FROZEN FOODS,16.0
2017-08-04,35,FROZEN FOODS,92.0
2017-08-05,35,FROZEN FOODS,84.705
2017-08-06,35,FROZEN FOODS,33.0
2017-08-07,35,FROZEN FOODS,24.0
2017-08-08,35,FROZEN FOODS,33.0
2017-08-09,35,FROZEN FOODS,39.0
2017-08-10,35,FROZEN FOODS,38.0
2017-08-11,35,FROZEN FOODS,145.0
2017-08-12,35,FROZEN FOODS,120.0
2017-08-13,35,FROZEN FOODS,154.0
2017-08-14,35,FROZEN FOODS,23.0
2017-08-15,35,FROZEN FOODS,36.0
2017-08-02,35,GROCERY I,1921.0
2017-08-03,35,GROCERY I,2380.0
2017-08-04,35,GROCERY I,1459.0
2017-08-05,35,GROCERY I,2286.0
2017-08-06,35,GROCERY I,2118.0
2017-08-07,35,GROCERY I,2259.0
2017-08-08,35,GROCERY I,1918.0
2017-08-09,35,GROCERY I,1385.0
2017-08-10,35,GROCERY I,1537.0
2017-08-11,35,GROCERY I,2297.0
2017-08-12,35,GROCERY I,2444.0
2017-08-13,35,GROCERY I,1973.0
2017-08-14,35,GROCERY I,1922.0
2017-08-15,35,GROCERY I,1827.0
2017-08-02,35,GROCERY II,15.0
2017-08-03,35,GROCERY II,5.0
2017-08-04,35,GROCERY II,11.0
2017-08-05,35,GROCERY II,8.0
2017-08-06,35,GROCERY II,16.0
2017-08-07,35,GROCERY II,11.0
2017-08-08,35,GROCERY II,6.0
2017-08-09,35,GROCERY II,1.0
2017-08-10,35,GROCERY II,5.0
2017-08-11,35,GROCERY II,6.0
2017-08-12,35,GROCERY II,5.0
2017-08-13,35,GROCERY II,4.0
2017-08-14,35,GROCERY II,1.0
2017-08-15,35,GROCERY II,9.0
2017-08-02,35,HARDWARE,1.0
2017-08-03,35,HARDWARE,0.0
2017-08-04,35,HARDWARE,1.0
2017-08-05,35,HARDWARE,0.0
2017-08-06,35,HARDWARE,0.0
2017-08-07,35,HARDWARE,0.0
2017-08-08,35,HARDWARE,0.0
2017-08-09,35,HARDWARE,3.0
2017-08-10,35,HARDWARE,2.0
2017-08-11,35,HARDWARE,2.0
2017-08-12,35,HARDWARE,1.0
2017-08-13,35,HARDWARE,0.0
2017-08-14,35,HARDWARE,0.0
2017-08-15,35,HARDWARE,0.0
2017-08-02,35,HOME AND KITCHEN I,5.0
2017-08-03,35,HOME AND KITCHEN I,6.0
2017-08-04,35,HOME AND KITCHEN I,17.0
2017-08-05,35,HOME AND KITCHEN I,12.0
2017-08-06,35,HOME AND KITCHEN I,13.0
2017-08-07,35,HOME AND KITCHEN I,9.0
2017-08-08,35,HOME AND KITCHEN I,4.0
2017-08-09,35,HOME AND KITCHEN I,3.0
2017-08-10,35,HOME AND KITCHEN I,11.0
2017-08-11,35,HOME AND KITCHEN I,11.0
2017-08-12,35,HOME AND KITCHEN I,8.0
2017-08-13,35,HOME AND KITCHEN I,6.0
2017-08-14,35,HOME AND KITCHEN I,15.0
2017-08-15,35,HOME AND KITCHEN I,19.0
2017-08-02,35,HOME AND KITCHEN II,10.0
2017-08-03,35,HOME AND KITCHEN II,6.0
2017-08-04,35,HOME AND KITCHEN II,6.0
2017-08-05,35,HOME AND KITCHEN II,7.0
2017-08-06,35,HOME AND KITCHEN II,8.0
2017-08-07,35,HOME AND KITCHEN II,5.0
2017-08-08,35,HOME AND KITCHEN II,5.0
2017-08-09,35,HOME AND KITCHEN II,2.0
2017-08-10,35,HOME AND KITCHEN II,7.0
2017-08-11,35,HOME AND KITCHEN II,7.0
2017-08-12,35,HOME AND KITCHEN II,6.0
2017-08-13,35,HOME AND KITCHEN II,4.0
2017-08-14,35,HOME AND KITCHEN II,1.0
2017-08-15,35,HOME AND KITCHEN II,4.0
2017-08-02,35,HOME APPLIANCES,1.0
2017-08-03,35,HOME APPLIANCES,0.0
2017-08-04,35,HOME APPLIANCES,0.0
2017-08-05,35,HOME APPLIANCES,0.0
2017-08-06,35,HOME APPLIANCES,0.0
2017-08-07,35,HOME APPLIANCES,0.0
2017-08-08,35,HOME APPLIANCES,0.0
2017-08-09,35,HOME APPLIANCES,0.0
2017-08-10,35,HOME APPLIANCES,0.0
2017-08-11,35,HOME APPLIANCES,0.0
2017-08-12,35,HOME APPLIANCES,0.0
2017-08-13,35,HOME APPLIANCES,0.0
2017-08-14,35,HOME APPLIANCES,0.0
2017-08-15,35,HOME APPLIANCES,1.0
2017-08-02,35,HOME CARE,125.0
2017-08-03,35,HOME CARE,110.0
2017-08-04,35,HOME CARE,107.0
2017-08-05,35,HOME CARE,110.0
2017-08-06,35,HOME CARE,97.0
2017-08-07,35,HOME CARE,105.0
2017-08-08,35,HOME CARE,84.0
2017-08-09,35,HOME CARE,39.0
2017-08-10,35,HOME CARE,92.0
2017-08-11,35,HOME CARE,103.0
2017-08-12,35,HOME CARE,90.0
2017-08-13,35,HOME CARE,94.0
2017-08-14,35,HOME CARE,88.0
2017-08-15,35,HOME CARE,81.0
2017-08-02,35,LADIESWEAR,0.0
2017-08-03,35,LADIESWEAR,0.0
2017-08-04,35,LADIESWEAR,0.0
2017-08-05,35,LADIESWEAR,0.0
2017-08-06,35,LADIESWEAR,0.0
2017-08-07,35,LADIESWEAR,0.0
2017-08-08,35,LADIESWEAR,0.0
2017-08-09,35,LADIESWEAR,0.0
2017-08-10,35,LADIESWEAR,0.0
2017-08-11,35,LADIESWEAR,0.0
2017-08-12,35,LADIESWEAR,0.0
2017-08-13,35,LADIESWEAR,0.0
2017-08-14,35,LADIESWEAR,0.0
2017-08-15,35,LADIESWEAR,0.0
2017-08-02,35,LAWN AND GARDEN,0.0
2017-08-03,35,LAWN AND GARDEN,0.0
2017-08-04,35,LAWN AND GARDEN,0.0
2017-08-05,35,LAWN AND GARDEN,0.0
2017-08-06,35,LAWN AND GARDEN,0.0
2017-08-07,35,LAWN AND GARDEN,0.0
2017-08-08,35,LAWN AND GARDEN,0.0
2017-08-09,35,LAWN AND GARDEN,0.0
2017-08-10,35,LAWN AND GARDEN,0.0
2017-08-11,35,LAWN AND GARDEN,0.0
2017-08-12,35,LAWN AND GARDEN,0.0
2017-08-13,35,LAWN AND GARDEN,0.0
2017-08-14,35,LAWN AND GARDEN,0.0
2017-08-15,35,LAWN AND GARDEN,0.0
2017-08-02,35,LINGERIE,0.0
2017-08-03,35,LINGERIE,0.0
2017-08-04,35,LINGERIE,0.0
2017-08-05,35,LINGERIE,1.0
2017-08-06,35,LINGERIE,0.0
2017-08-07,35,LINGERIE,0.0
2017-08-08,35,LINGERIE,0.0
2017-08-09,35,LINGERIE,0.0
2017-08-10,35,LINGERIE,1.0
2017-08-11,35,LINGERIE,0.0
2017-08-12,35,LINGERIE,0.0
2017-08-13,35,LINGERIE,1.0
2017-08-14,35,LINGERIE,0.0
2017-08-15,35,LINGERIE,0.0
2017-08-02,35,"LIQUOR,WINE,BEER",4.0
2017-08-03,35,"LIQUOR,WINE,BEER",33.0
2017-08-04,35,"LIQUOR,WINE,BEER",20.0
2017-08-05,35,"LIQUOR,WINE,BEER",107.0
2017-08-06,35,"LIQUOR,WINE,BEER",148.0
2017-08-07,35,"LIQUOR,WINE,BEER",13.0
2017-08-08,35,"LIQUOR,WINE,BEER",9.0
2017-08-09,35,"LIQUOR,WINE,BEER",42.0
2017-08-10,35,"LIQUOR,WINE,BEER",16.0
2017-08-11,35,"LIQUOR,WINE,BEER",176.0
2017-08-12,35,"LIQUOR,WINE,BEER",190.0
2017-08-13,35,"LIQUOR,WINE,BEER",27.0
2017-08-14,35,"LIQUOR,WINE,BEER",9.0
2017-08-15,35,"LIQUOR,WINE,BEER",85.0
2017-08-02,35,MAGAZINES,0.0
2017-08-03,35,MAGAZINES,0.0
2017-08-04,35,MAGAZINES,0.0
2017-08-05,35,MAGAZINES,1.0
2017-08-06,35,MAGAZINES,1.0
2017-08-07,35,MAGAZINES,0.0
2017-08-08,35,MAGAZINES,0.0
2017-08-09,35,MAGAZINES,0.0
2017-08-10,35,MAGAZINES,1.0
2017-08-11,35,MAGAZINES,3.0
2017-08-12,35,MAGAZINES,1.0
2017-08-13,35,MAGAZINES,2.0
2017-08-14,35,MAGAZINES,1.0
2017-08-15,35,MAGAZINES,1.0
2017-08-02,35,MEATS,171.07
2017-08-03,35,MEATS,354.499
2017-08-04,35,MEATS,113.36
2017-08-05,35,MEATS,198.516
2017-08-06,35,MEATS,214.414
2017-08-07,35,MEATS,209.911
2017-08-08,35,MEATS,245.05501
2017-08-09,35,MEATS,110.039
2017-08-10,35,MEATS,320.23
2017-08-11,35,MEATS,187.359
2017-08-12,35,MEATS,90.824
2017-08-13,35,MEATS,199.894
2017-08-14,35,MEATS,136.39
2017-08-15,35,MEATS,234.121
2017-08-02,35,PERSONAL CARE,105.0
2017-08-03,35,PERSONAL CARE,94.0
2017-08-04,35,PERSONAL CARE,73.0
2017-08-05,35,PERSONAL CARE,96.0
2017-08-06,35,PERSONAL CARE,78.0
2017-08-07,35,PERSONAL CARE,95.0
2017-08-08,35,PERSONAL CARE,71.0
2017-08-09,35,PERSONAL CARE,72.0
2017-08-10,35,PERSONAL CARE,48.0
2017-08-11,35,PERSONAL CARE,62.0
2017-08-12,35,PERSONAL CARE,64.0
2017-08-13,35,PERSONAL CARE,79.0
2017-08-14,35,PERSONAL CARE,73.0
2017-08-15,35,PERSONAL CARE,74.0
2017-08-02,35,PET SUPPLIES,1.0
2017-08-03,35,PET SUPPLIES,0.0
2017-08-04,35,PET SUPPLIES,1.0
2017-08-05,35,PET SUPPLIES,3.0
2017-08-06,35,PET SUPPLIES,0.0
2017-08-07,35,PET SUPPLIES,2.0
2017-08-08,35,PET SUPPLIES,1.0
2017-08-09,35,PET SUPPLIES,0.0
2017-08-10,35,PET SUPPLIES,2.0
2017-08-11,35,PET SUPPLIES,1.0
2017-08-12,35,PET SUPPLIES,1.0
2017-08-13,35,PET SUPPLIES,0.0
2017-08-14,35,PET SUPPLIES,0.0
2017-08-15,35,PET SUPPLIES,2.0
2017-08-02,35,PLAYERS AND ELECTRONICS,1.0
2017-08-03,35,PLAYERS AND ELECTRONICS,1.0
2017-08-04,35,PLAYERS AND ELECTRONICS,5.0
2017-08-05,35,PLAYERS AND ELECTRONICS,1.0
2017-08-06,35,PLAYERS AND ELECTRONICS,2.0
2017-08-07,35,PLAYERS AND ELECTRONICS,1.0
2017-08-08,35,PLAYERS AND ELECTRONICS,1.0
2017-08-09,35,PLAYERS AND ELECTRONICS,2.0
2017-08-10,35,PLAYERS AND ELECTRONICS,0.0
2017-08-11,35,PLAYERS AND ELECTRONICS,1.0
2017-08-12,35,PLAYERS AND ELECTRONICS,3.0
2017-08-13,35,PLAYERS AND ELECTRONICS,0.0
2017-08-14,35,PLAYERS AND ELECTRONICS,0.0
2017-08-15,35,PLAYERS AND ELECTRONICS,1.0
2017-08-02,35,POULTRY,36.524
2017-08-03,35,POULTRY,71.231
2017-08-04,35,POULTRY,68.788
2017-08-05,35,POULTRY,66.652
2017-08-06,35,POULTRY,67.754
2017-08-07,35,POULTRY,50.336998
2017-08-08,35,POULTRY,51.89
2017-08-09,35,POULTRY,16.234001
2017-08-10,35,POULTRY,113.377
2017-08-11,35,POULTRY,85.663
2017-08-12,35,POULTRY,73.411
2017-08-13,35,POULTRY,55.579998
2017-08-14,35,POULTRY,33.268
2017-08-15,35,POULTRY,36.813
2017-08-02,35,PREPARED FOODS,15.0
2017-08-03,35,PREPARED FOODS,13.0
2017-08-04,35,PREPARED FOODS,16.0
2017-08-05,35,PREPARED FOODS,15.0
2017-08-06,35,PREPARED FOODS,18.0
2017-08-07,35,PREPARED FOODS,18.0
2017-08-08,35,PREPARED FOODS,15.0
2017-08-09,35,PREPARED FOODS,17.0
2017-08-10,35,PREPARED FOODS,11.0
2017-08-11,35,PREPARED FOODS,19.0
2017-08-12,35,PREPARED FOODS,37.0
2017-08-13,35,PREPARED FOODS,27.0
2017-08-14,35,PREPARED FOODS,12.0
2017-08-15,35,PREPARED FOODS,27.0
2017-08-02,35,PRODUCE,388.357
2017-08-03,35,PRODUCE,438.814
2017-08-04,35,PRODUCE,290.406
2017-08-05,35,PRODUCE,380.306
2017-08-06,35,PRODUCE,371.152
2017-08-07,35,PRODUCE,291.021
2017-08-08,35,PRODUCE,753.143
2017-08-09,35,PRODUCE,261.509
2017-08-10,35,PRODUCE,301.136
2017-08-11,35,PRODUCE,381.317
2017-08-12,35,PRODUCE,470.603
2017-08-13,35,PRODUCE,405.799
2017-08-14,35,PRODUCE,344.70898
2017-08-15,35,PRODUCE,578.222
2017-08-02,35,SCHOOL AND OFFICE SUPPLIES,0.0
2017-08-03,35,SCHOOL AND OFFICE SUPPLIES,0.0
2017-08-04,35,SCHOOL AND OFFICE SUPPLIES,0.0
2017-08-05,35,SCHOOL AND OFFICE SUPPLIES,0.0
2017-08-06,35,SCHOOL AND OFFICE SUPPLIES,1.0
2017-08-07,35,SCHOOL AND OFFICE SUPPLIES,0.0
2017-08-08,35,SCHOOL AND OFFICE SUPPLIES,0.0
2017-08-09,35,SCHOOL AND OFFICE SUPPLIES,0.0
2017-08-10,35,SCHOOL AND OFFICE SUPPLIES,0.0
2017-08-11,35,SCHOOL AND OFFICE SUPPLIES,0.0
2017-08-12,35,SCHOOL AND OFFICE SUPPLIES,0.0
2017-08-13,35,SCHOOL AND OFFICE SUPPLIES,0.0
2017-08-14,35,SCHOOL AND OFFICE SUPPLIES,0.0
2017-08-15,35,SCHOOL AND OFFICE SUPPLIES,0.0
2017-08-02,35,SEAFOOD,5.0
2017-08-03,35,SEAFOOD,0.0
2017-08-04,35,SEAFOOD,0.0
2017-08-05,35,SEAFOOD,0.0
2017-08-06,35,SEAFOOD,0.0
2017-08-07,35,SEAFOOD,3.0
2017-08-08,35,SEAFOOD,1.0
2017-08-09,35,SEAFOOD,0.0
2017-08-10,35,SEAFOOD,0.0
2017-08-11,35,SEAFOOD,4.0
2017-08-12,35,SEAFOOD,0.0
2017-08-13,35,SEAFOOD,3.0
2017-08-14,35,SEAFOOD,2.0
2017-08-15,35,SEAFOOD,3.0
2017-08-02,36,AUTOMOTIVE,2.0
2017-08-03,36,AUTOMOTIVE,4.0
2017-08-04,36,AUTOMOTIVE,9.0
2017-08-05,36,AUTOMOTIVE,3.0
2017-08-06,36,AUTOMOTIVE,7.0
2017-08-07,36,AUTOMOTIVE,5.0
2017-08-08,36,AUTOMOTIVE,2.0
2017-08-09,36,AUTOMOTIVE,9.0
2017-08-10,36,AUTOMOTIVE,3.0
2017-08-11,36,AUTOMOTIVE,8.0
2017-08-12,36,AUTOMOTIVE,2.0
2017-08-13,36,AUTOMOTIVE,10.0
2017-08-14,36,AUTOMOTIVE,7.0
2017-08-15,36,AUTOMOTIVE,2.0
2017-08-02,36,BABY CARE,0.0
2017-08-03,36,BABY CARE,0.0
2017-08-04,36,BABY CARE,0.0
2017-08-05,36,BABY CARE,0.0
2017-08-06,36,BABY CARE,0.0
2017-08-07,36,BABY CARE,0.0
2017-08-08,36,BABY CARE,0.0
2017-08-09,36,BABY CARE,0.0
2017-08-10,36,BABY CARE,0.0
2017-08-11,36,BABY CARE,0.0
2017-08-12,36,BABY CARE,0.0
2017-08-13,36,BABY CARE,0.0
2017-08-14,36,BABY CARE,0.0
2017-08-15,36,BABY CARE,0.0
2017-08-02,36,BEAUTY,1.0
2017-08-03,36,BEAUTY,0.0
2017-08-04,36,BEAUTY,1.0
2017-08-05,36,BEAUTY,1.0
2017-08-06,36,BEAUTY,0.0
2017-08-07,36,BEAUTY,2.0
2017-08-08,36,BEAUTY,1.0
2017-08-09,36,BEAUTY,2.0
2017-08-10,36,BEAUTY,0.0
2017-08-11,36,BEAUTY,1.0
2017-08-12,36,BEAUTY,4.0
2017-08-13,36,BEAUTY,1.0
2017-08-14,36,BEAUTY,1.0
2017-08-15,36,BEAUTY,0.0
2017-08-02,36,BEVERAGES,4503.0
2017-08-03,36,BEVERAGES,3053.0
2017-08-04,36,BEVERAGES,4593.0
2017-08-05,36,BEVERAGES,4436.0
2017-08-06,36,BEVERAGES,4681.0
2017-08-07,36,BEVERAGES,3529.0
2017-08-08,36,BEVERAGES,4079.0
2017-08-09,36,BEVERAGES,4250.0
2017-08-10,36,BEVERAGES,3288.0
2017-08-11,36,BEVERAGES,4643.0
2017-08-12,36,BEVERAGES,3749.0
2017-08-13,36,BEVERAGES,4570.0
2017-08-14,36,BEVERAGES,3104.0
2017-08-15,36,BEVERAGES,3627.0
2017-08-02,36,BOOKS,0.0
2017-08-03,36,BOOKS,0.0
2017-08-04,36,BOOKS,0.0
2017-08-05,36,BOOKS,0.0
2017-08-06,36,BOOKS,0.0
2017-08-07,36,BOOKS,0.0
2017-08-08,36,BOOKS,0.0
2017-08-09,36,BOOKS,0.0
2017-08-10,36,BOOKS,0.0
2017-08-11,36,BOOKS,0.0
2017-08-12,36,BOOKS,0.0
2017-08-13,36,BOOKS,0.0
2017-08-14,36,BOOKS,0.0
2017-08-15,36,BOOKS,0.0
2017-08-02,36,BREAD/BAKERY,499.0
2017-08-03,36,BREAD/BAKERY,410.0
2017-08-04,36,BREAD/BAKERY,534.0
2017-08-05,36,BREAD/BAKERY,416.0
2017-08-06,36,BREAD/BAKERY,625.0
2017-08-07,36,BREAD/BAKERY,521.0
2017-08-08,36,BREAD/BAKERY,605.0
2017-08-09,36,BREAD/BAKERY,411.0
2017-08-10,36,BREAD/BAKERY,493.0
2017-08-11,36,BREAD/BAKERY,612.0
2017-08-12,36,BREAD/BAKERY,462.0
2017-08-13,36,BREAD/BAKERY,713.0
2017-08-14,36,BREAD/BAKERY,496.0
2017-08-15,36,BREAD/BAKERY,1096.0
2017-08-02,36,CELEBRATION,6.0
2017-08-03,36,CELEBRATION,12.0
2017-08-04,36,CELEBRATION,10.0
2017-08-05,36,CELEBRATION,18.0
2017-08-06,36,CELEBRATION,8.0
2017-08-07,36,CELEBRATION,10.0
2017-08-08,36,CELEBRATION,8.0
2017-08-09,36,CELEBRATION,10.0
2017-08-10,36,CELEBRATION,15.0
2017-08-11,36,CELEBRATION,15.0
2017-08-12,36,CELEBRATION,12.0
2017-08-13,36,CELEBRATION,8.0
2017-08-14,36,CELEBRATION,19.0
2017-08-15,36,CELEBRATION,5.0
2017-08-02,36,CLEANING,1080.0
2017-08-03,36,CLEANING,810.0
2017-08-04,36,CLEANING,777.0
2017-08-05,36,CLEANING,1019.0
2017-08-06,36,CLEANING,1105.0
2017-08-07,36,CLEANING,757.0
2017-08-08,36,CLEANING,992.0
2017-08-09,36,CLEANING,782.0
2017-08-10,36,CLEANING,758.0
2017-08-11,36,CLEANING,984.0
2017-08-12,36,CLEANING,772.0
2017-08-13,36,CLEANING,781.0
2017-08-14,36,CLEANING,682.0
2017-08-15,36,CLEANING,826.0
2017-08-02,36,DAIRY,727.0
2017-08-03,36,DAIRY,504.0
2017-08-04,36,DAIRY,503.0
2017-08-05,36,DAIRY,560.0
2017-08-06,36,DAIRY,818.0
2017-08-07,36,DAIRY,487.0
2017-08-08,36,DAIRY,701.0
2017-08-09,36,DAIRY,558.0
2017-08-10,36,DAIRY,473.0
2017-08-11,36,DAIRY,691.0
2017-08-12,36,DAIRY,536.0
2017-08-13,36,DAIRY,723.0
2017-08-14,36,DAIRY,464.0
2017-08-15,36,DAIRY,700.0
2017-08-02,36,DELI,239.193
2017-08-03,36,DELI,180.583
2017-08-04,36,DELI,200.889
2017-08-05,36,DELI,216.834
2017-08-06,36,DELI,282.211
2017-08-07,36,DELI,171.341
2017-08-08,36,DELI,204.865
2017-08-09,36,DELI,179.069
2017-08-10,36,DELI,161.934
2017-08-11,36,DELI,327.992
2017-08-12,36,DELI,191.983
2017-08-13,36,DELI,242.869
2017-08-14,36,DELI,145.344
2017-08-15,36,DELI,212.582
2017-08-02,36,EGGS,85.0
2017-08-03,36,EGGS,170.0
2017-08-04,36,EGGS,101.0
2017-08-05,36,EGGS,214.0
2017-08-06,36,EGGS,122.0
2017-08-07,36,EGGS,142.0
2017-08-08,36,EGGS,160.0
2017-08-09,36,EGGS,89.0
2017-08-10,36,EGGS,230.0
2017-08-11,36,EGGS,114.0
2017-08-12,36,EGGS,175.0
2017-08-13,36,EGGS,125.0
2017-08-14,36,EGGS,160.0
2017-08-15,36,EGGS,195.0
2017-08-02,36,FROZEN FOODS,60.0
2017-08-03,36,FROZEN FOODS,46.0
2017-08-04,36,FROZEN FOODS,112.0
2017-08-05,36,FROZEN FOODS,257.0
2017-08-06,36,FROZEN FOODS,93.405
2017-08-07,36,FROZEN FOODS,30.529
2017-08-08,36,FROZEN FOODS,83.0
2017-08-09,36,FROZEN FOODS,67.0
2017-08-10,36,FROZEN FOODS,72.0
2017-08-11,36,FROZEN FOODS,192.0
2017-08-12,36,FROZEN FOODS,250.0
2017-08-13,36,FROZEN FOODS,119.931
2017-08-14,36,FROZEN FOODS,147.661
2017-08-15,36,FROZEN FOODS,31.0
2017-08-02,36,GROCERY I,4780.828
2017-08-03,36,GROCERY I,3479.273
2017-08-04,36,GROCERY I,3893.781
2017-08-05,36,GROCERY I,4238.93
2017-08-06,36,GROCERY I,5288.406
2017-08-07,36,GROCERY I,3617.219
2017-08-08,36,GROCERY I,4029.5
2017-08-09,36,GROCERY I,3748.875
2017-08-10,36,GROCERY I,3060.367
2017-08-11,36,GROCERY I,4204.633
2017-08-12,36,GROCERY I,3351.563
2017-08-13,36,GROCERY I,4543.867
2017-08-14,36,GROCERY I,3383.953
2017-08-15,36,GROCERY I,4296.484
2017-08-02,36,GROCERY II,14.0
2017-08-03,36,GROCERY II,2.0
2017-08-04,36,GROCERY II,17.0
2017-08-05,36,GROCERY II,4.0
2017-08-06,36,GROCERY II,0.0
2017-08-07,36,GROCERY II,10.0
2017-08-08,36,GROCERY II,8.0
2017-08-09,36,GROCERY II,4.0
2017-08-10,36,GROCERY II,21.0
2017-08-11,36,GROCERY II,14.0
2017-08-12,36,GROCERY II,7.0
2017-08-13,36,GROCERY II,16.0
2017-08-14,36,GROCERY II,2.0
2017-08-15,36,GROCERY II,10.0
2017-08-02,36,HARDWARE,0.0
2017-08-03,36,HARDWARE,0.0
2017-08-04,36,HARDWARE,1.0
2017-08-05,36,HARDWARE,0.0
2017-08-06,36,HARDWARE,0.0
2017-08-07,36,HARDWARE,2.0
2017-08-08,36,HARDWARE,0.0
2017-08-09,36,HARDWARE,0.0
2017-08-10,36,HARDWARE,1.0
2017-08-11,36,HARDWARE,0.0
2017-08-12,36,HARDWARE,1.0
2017-08-13,36,HARDWARE,0.0
2017-08-14,36,HARDWARE,1.0
2017-08-15,36,HARDWARE,0.0
2017-08-02,36,HOME AND KITCHEN I,43.0
2017-08-03,36,HOME AND KITCHEN I,17.0
2017-08-04,36,HOME AND KITCHEN I,21.0
2017-08-05,36,HOME AND KITCHEN I,21.0
2017-08-06,36,HOME AND KITCHEN I,24.0
2017-08-07,36,HOME AND KITCHEN I,8.0
2017-08-08,36,HOME AND KITCHEN I,182.0
2017-08-09,36,HOME AND KITCHEN I,12.0
2017-08-10,36,HOME AND KITCHEN I,14.0
2017-08-11,36,HOME AND KITCHEN I,123.0
2017-08-12,36,HOME AND KITCHEN I,35.0
2017-08-13,36,HOME AND KITCHEN I,19.0
2017-08-14,36,HOME AND KITCHEN I,8.0
2017-08-15,36,HOME AND KITCHEN I,32.0
2017-08-02,36,HOME AND KITCHEN II,18.0
2017-08-03,36,HOME AND KITCHEN II,7.0
2017-08-04,36,HOME AND KITCHEN II,5.0
2017-08-05,36,HOME AND KITCHEN II,10.0
2017-08-06,36,HOME AND KITCHEN II,25.0
2017-08-07,36,HOME AND KITCHEN II,14.0
2017-08-08,36,HOME AND KITCHEN II,14.0
2017-08-09,36,HOME AND KITCHEN II,8.0
2017-08-10,36,HOME AND KITCHEN II,3.0
2017-08-11,36,HOME AND KITCHEN II,9.0
2017-08-12,36,HOME AND KITCHEN II,5.0
2017-08-13,36,HOME AND KITCHEN II,18.0
2017-08-14,36,HOME AND KITCHEN II,10.0
2017-08-15,36,HOME AND KITCHEN II,9.0
2017-08-02,36,HOME APPLIANCES,0.0
2017-08-03,36,HOME APPLIANCES,0.0
2017-08-04,36,HOME APPLIANCES,0.0
2017-08-05,36,HOME APPLIANCES,0.0
2017-08-06,36,HOME APPLIANCES,0.0
2017-08-07,36,HOME APPLIANCES,0.0
2017-08-08,36,HOME APPLIANCES,0.0
2017-08-09,36,HOME APPLIANCES,0.0
2017-08-10,36,HOME APPLIANCES,0.0
2017-08-11,36,HOME APPLIANCES,0.0
2017-08-12,36,HOME APPLIANCES,0.0
2017-08-13,36,HOME APPLIANCES,0.0
2017-08-14,36,HOME APPLIANCES,0.0
2017-08-15,36,HOME APPLIANCES,0.0
2017-08-02,36,HOME CARE,242.0
2017-08-03,36,HOME CARE,180.0
2017-08-04,36,HOME CARE,187.0
2017-08-05,36,HOME CARE,244.0
2017-08-06,36,HOME CARE,293.0
2017-08-07,36,HOME CARE,190.0
2017-08-08,36,HOME CARE,208.0
2017-08-09,36,HOME CARE,177.0
2017-08-10,36,HOME CARE,133.0
2017-08-11,36,HOME CARE,289.0
2017-08-12,36,HOME CARE,203.0
2017-08-13,36,HOME CARE,256.0
2017-08-14,36,HOME CARE,175.0
2017-08-15,36,HOME CARE,232.0
2017-08-02,36,LADIESWEAR,0.0
2017-08-03,36,LADIESWEAR,0.0
2017-08-04,36,LADIESWEAR,0.0
2017-08-05,36,LADIESWEAR,0.0
2017-08-06,36,LADIESWEAR,0.0
2017-08-07,36,LADIESWEAR,0.0
2017-08-08,36,LADIESWEAR,0.0
2017-08-09,36,LADIESWEAR,0.0
2017-08-10,36,LADIESWEAR,0.0
2017-08-11,36,LADIESWEAR,0.0
2017-08-12,36,LADIESWEAR,0.0
2017-08-13,36,LADIESWEAR,0.0
2017-08-14,36,LADIESWEAR,0.0
2017-08-15,36,LADIESWEAR,0.0
2017-08-02,36,LAWN AND GARDEN,28.0
2017-08-03,36,LAWN AND GARDEN,35.0
2017-08-04,36,LAWN AND GARDEN,16.0
2017-08-05,36,LAWN AND GARDEN,60.0
2017-08-06,36,LAWN AND GARDEN,33.0
2017-08-07,36,LAWN AND GARDEN,3.0
2017-08-08,36,LAWN AND GARDEN,30.0
2017-08-09,36,LAWN AND GARDEN,18.0
2017-08-10,36,LAWN AND GARDEN,48.0
2017-08-11,36,LAWN AND GARDEN,56.0
2017-08-12,36,LAWN AND GARDEN,25.0
2017-08-13,36,LAWN AND GARDEN,15.0
2017-08-14,36,LAWN AND GARDEN,17.0
2017-08-15,36,LAWN AND GARDEN,22.0
2017-08-02,36,LINGERIE,5.0
2017-08-03,36,LINGERIE,4.0
2017-08-04,36,LINGERIE,2.0
2017-08-05,36,LINGERIE,11.0
2017-08-06,36,LINGERIE,3.0
2017-08-07,36,LINGERIE,0.0
2017-08-08,36,LINGERIE,5.0
2017-08-09,36,LINGERIE,5.0
2017-08-10,36,LINGERIE,9.0
2017-08-11,36,LINGERIE,9.0
2017-08-12,36,LINGERIE,4.0
2017-08-13,36,LINGERIE,1.0
2017-08-14,36,LINGERIE,0.0
2017-08-15,36,LINGERIE,4.0
2017-08-02,36,"LIQUOR,WINE,BEER",43.0
2017-08-03,36,"LIQUOR,WINE,BEER",46.0
2017-08-04,36,"LIQUOR,WINE,BEER",41.0
2017-08-05,36,"LIQUOR,WINE,BEER",138.0
2017-08-06,36,"LIQUOR,WINE,BEER",104.0
2017-08-07,36,"LIQUOR,WINE,BEER",19.0
2017-08-08,36,"LIQUOR,WINE,BEER",43.0
2017-08-09,36,"LIQUOR,WINE,BEER",59.0
2017-08-10,36,"LIQUOR,WINE,BEER",36.0
2017-08-11,36,"LIQUOR,WINE,BEER",161.0
2017-08-12,36,"LIQUOR,WINE,BEER",209.0
2017-08-13,36,"LIQUOR,WINE,BEER",105.0
2017-08-14,36,"LIQUOR,WINE,BEER",31.0
2017-08-15,36,"LIQUOR,WINE,BEER",51.0
2017-08-02,36,MAGAZINES,1.0
2017-08-03,36,MAGAZINES,1.0
2017-08-04,36,MAGAZINES,1.0
2017-08-05,36,MAGAZINES,0.0
2017-08-06,36,MAGAZINES,1.0
2017-08-07,36,MAGAZINES,1.0
2017-08-08,36,MAGAZINES,2.0
2017-08-09,36,MAGAZINES,0.0
2017-08-10,36,MAGAZINES,1.0
2017-08-11,36,MAGAZINES,2.0
2017-08-12,36,MAGAZINES,2.0
2017-08-13,36,MAGAZINES,3.0
2017-08-14,36,MAGAZINES,2.0
2017-08-15,36,MAGAZINES,4.0
2017-08-02,36,MEATS,288.71
2017-08-03,36,MEATS,465.885
2017-08-04,36,MEATS,252.73
2017-08-05,36,MEATS,178.145
2017-08-06,36,MEATS,212.465
2017-08-07,36,MEATS,220.257
2017-08-08,36,MEATS,274.402
2017-08-09,36,MEATS,209.556
2017-08-10,36,MEATS,455.432
2017-08-11,36,MEATS,218.02
2017-08-12,36,MEATS,203.226
2017-08-13,36,MEATS,196.056
2017-08-14,36,MEATS,204.80501
2017-08-15,36,MEATS,250.613
2017-08-02,36,PERSONAL CARE,349.0
2017-08-03,36,PERSONAL CARE,152.0
2017-08-04,36,PERSONAL CARE,193.0
2017-08-05,36,PERSONAL CARE,269.0
2017-08-06,36,PERSONAL CARE,325.0
2017-08-07,36,PERSONAL CARE,171.0
2017-08-08,36,PERSONAL CARE,199.0
2017-08-09,36,PERSONAL CARE,184.0
2017-08-10,36,PERSONAL CARE,174.0
2017-08-11,36,PERSONAL CARE,268.0
2017-08-12,36,PERSONAL CARE,193.0
2017-08-13,36,PERSONAL CARE,227.0
2017-08-14,36,PERSONAL CARE,177.0
2017-08-15,36,PERSONAL CARE,217.0
2017-08-02,36,PET SUPPLIES,0.0
2017-08-03,36,PET SUPPLIES,0.0
2017-08-04,36,PET SUPPLIES,5.0
2017-08-05,36,PET SUPPLIES,5.0
2017-08-06,36,PET SUPPLIES,6.0
2017-08-07,36,PET SUPPLIES,0.0
2017-08-08,36,PET SUPPLIES,4.0
2017-08-09,36,PET SUPPLIES,6.0
2017-08-10,36,PET SUPPLIES,3.0
2017-08-11,36,PET SUPPLIES,3.0
2017-08-12,36,PET SUPPLIES,3.0
2017-08-13,36,PET SUPPLIES,5.0
2017-08-14,36,PET SUPPLIES,6.0
2017-08-15,36,PET SUPPLIES,7.0
2017-08-02,36,PLAYERS AND ELECTRONICS,3.0
2017-08-03,36,PLAYERS AND ELECTRONICS,3.0
2017-08-04,36,PLAYERS AND ELECTRONICS,2.0
2017-08-05,36,PLAYERS AND ELECTRONICS,6.0
2017-08-06,36,PLAYERS AND ELECTRONICS,3.0
2017-08-07,36,PLAYERS AND ELECTRONICS,2.0
2017-08-08,36,PLAYERS AND ELECTRONICS,3.0
2017-08-09,36,PLAYERS AND ELECTRONICS,6.0
2017-08-10,36,PLAYERS AND ELECTRONICS,3.0
2017-08-11,36,PLAYERS AND ELECTRONICS,5.0
2017-08-12,36,PLAYERS AND ELECTRONICS,2.0
2017-08-13,36,PLAYERS AND ELECTRONICS,1.0
2017-08-14,36,PLAYERS AND ELECTRONICS,0.0
2017-08-15,36,PLAYERS AND ELECTRONICS,4.0
2017-08-02,36,POULTRY,111.144
2017-08-03,36,POULTRY,150.96
2017-08-04,36,POULTRY,137.328
2017-08-05,36,POULTRY,150.956
2017-08-06,36,POULTRY,196.485
2017-08-07,36,POULTRY,108.766
2017-08-08,36,POULTRY,135.302
2017-08-09,36,POULTRY,93.236
2017-08-10,36,POULTRY,112.285995
2017-08-11,36,POULTRY,185.563
2017-08-12,36,POULTRY,109.887
2017-08-13,36,POULTRY,86.841
2017-08-14,36,POULTRY,116.646
2017-08-15,36,POULTRY,191.675
2017-08-02,36,PREPARED FOODS,62.088
2017-08-03,36,PREPARED FOODS,57.952
2017-08-04,36,PREPARED FOODS,51.109
2017-08-05,36,PREPARED FOODS,55.67
2017-08-06,36,PREPARED FOODS,40.154
2017-08-07,36,PREPARED FOODS,31.906
2017-08-08,36,PREPARED FOODS,42.0
2017-08-09,36,PREPARED FOODS,43.912
2017-08-10,36,PREPARED FOODS,32.858
2017-08-11,36,PREPARED FOODS,58.054
2017-08-12,36,PREPARED FOODS,39.0
2017-08-13,36,PREPARED FOODS,32.0
2017-08-14,36,PREPARED FOODS,38.0
2017-08-15,36,PREPARED FOODS,68.316
2017-08-02,36,PRODUCE,1173.878
2017-08-03,36,PRODUCE,1070.421
2017-08-04,36,PRODUCE,1178.59
2017-08-05,36,PRODUCE,1224.948
2017-08-06,36,PRODUCE,1341.937
2017-08-07,36,PRODUCE,857.253
2017-08-08,36,PRODUCE,3079.159
2017-08-09,36,PRODUCE,1076.124
2017-08-10,36,PRODUCE,1107.478
2017-08-11,36,PRODUCE,1389.594
2017-08-12,36,PRODUCE,1346.42
2017-08-13,36,PRODUCE,1142.276
2017-08-14,36,PRODUCE,1048.171
2017-08-15,36,PRODUCE,2889.672
2017-08-02,36,SCHOOL AND OFFICE SUPPLIES,0.0
2017-08-03,36,SCHOOL AND OFFICE SUPPLIES,1.0
2017-08-04,36,SCHOOL AND OFFICE SUPPLIES,0.0
2017-08-05,36,SCHOOL AND OFFICE SUPPLIES,0.0
2017-08-06,36,SCHOOL AND OFFICE SUPPLIES,1.0
2017-08-07,36,SCHOOL AND OFFICE SUPPLIES,0.0
2017-08-08,36,SCHOOL AND OFFICE SUPPLIES,0.0
2017-08-09,36,SCHOOL AND OFFICE SUPPLIES,2.0
2017-08-10,36,SCHOOL AND OFFICE SUPPLIES,1.0
2017-08-11,36,SCHOOL AND OFFICE SUPPLIES,0.0
2017-08-12,36,SCHOOL AND OFFICE SUPPLIES,1.0
2017-08-13,36,SCHOOL AND OFFICE SUPPLIES,2.0
2017-08-14,36,SCHOOL AND OFFICE SUPPLIES,0.0
2017-08-15,36,SCHOOL AND OFFICE SUPPLIES,3.0
2017-08-02,36,SEAFOOD,0.0
2017-08-03,36,SEAFOOD,0.0
2017-08-04,36,SEAFOOD,4.0
2017-08-05,36,SEAFOOD,3.0
2017-08-06,36,SEAFOOD,0.0
2017-08-07,36,SEAFOOD,0.0
2017-08-08,36,SEAFOOD,1.0
2017-08-09,36,SEAFOOD,1.0
2017-08-10,36,SEAFOOD,1.0
2017-08-11,36,SEAFOOD,4.0
2017-08-12,36,SEAFOOD,6.0
2017-08-13,36,SEAFOOD,2.0
2017-08-14,36,SEAFOOD,0.0
2017-08-15,36,SEAFOOD,0.0
2017-08-02,37,AUTOMOTIVE,3.0
2017-08-03,37,AUTOMOTIVE,3.0
2017-08-04,37,AUTOMOTIVE,2.0
2017-08-05,37,AUTOMOTIVE,3.0
2017-08-06,37,AUTOMOTIVE,4.0
2017-08-07,37,AUTOMOTIVE,6.0
2017-08-08,37,AUTOMOTIVE,5.0
2017-08-09,37,AUTOMOTIVE,6.0
2017-08-10,37,AUTOMOTIVE,3.0
2017-08-11,37,AUTOMOTIVE,9.0
2017-08-12,37,AUTOMOTIVE,3.0
2017-08-13,37,AUTOMOTIVE,2.0
2017-08-14,37,AUTOMOTIVE,1.0
2017-08-15,37,AUTOMOTIVE,1.0
2017-08-02,37,BABY CARE,0.0
2017-08-03,37,BABY CARE,0.0
2017-08-04,37,BABY CARE,0.0
2017-08-05,37,BABY CARE,0.0
2017-08-06,37,BABY CARE,0.0
2017-08-07,37,BABY CARE,0.0
2017-08-08,37,BABY CARE,0.0
2017-08-09,37,BABY CARE,0.0
2017-08-10,37,BABY CARE,0.0
2017-08-11,37,BABY CARE,0.0
2017-08-12,37,BABY CARE,0.0
2017-08-13,37,BABY CARE,0.0
2017-08-14,37,BABY CARE,0.0
2017-08-15,37,BABY CARE,0.0
2017-08-02,37,BEAUTY,13.0
2017-08-03,37,BEAUTY,10.0
2017-08-04,37,BEAUTY,8.0
2017-08-05,37,BEAUTY,17.0
2017-08-06,37,BEAUTY,12.0
2017-08-07,37,BEAUTY,10.0
2017-08-08,37,BEAUTY,7.0
2017-08-09,37,BEAUTY,14.0
2017-08-10,37,BEAUTY,6.0
2017-08-11,37,BEAUTY,4.0
2017-08-12,37,BEAUTY,13.0
2017-08-13,37,BEAUTY,8.0
2017-08-14,37,BEAUTY,10.0
2017-08-15,37,BEAUTY,6.0
2017-08-02,37,BEVERAGES,3236.0
2017-08-03,37,BEVERAGES,2417.0
2017-08-04,37,BEVERAGES,2773.0
2017-08-05,37,BEVERAGES,2830.0
2017-08-06,37,BEVERAGES,2281.0
2017-08-07,37,BEVERAGES,2229.0
2017-08-08,37,BEVERAGES,2368.0
2017-08-09,37,BEVERAGES,2742.0
2017-08-10,37,BEVERAGES,2453.0
2017-08-11,37,BEVERAGES,1876.0
2017-08-12,37,BEVERAGES,2154.0
2017-08-13,37,BEVERAGES,1558.0
2017-08-14,37,BEVERAGES,2600.0
2017-08-15,37,BEVERAGES,2232.0
2017-08-02,37,BOOKS,0.0
2017-08-03,37,BOOKS,0.0
2017-08-04,37,BOOKS,0.0
2017-08-05,37,BOOKS,0.0
2017-08-06,37,BOOKS,0.0
2017-08-07,37,BOOKS,0.0
2017-08-08,37,BOOKS,0.0
2017-08-09,37,BOOKS,0.0
2017-08-10,37,BOOKS,0.0
2017-08-11,37,BOOKS,0.0
2017-08-12,37,BOOKS,0.0
2017-08-13,37,BOOKS,0.0
2017-08-14,37,BOOKS,0.0
2017-08-15,37,BOOKS,0.0
2017-08-02,37,BREAD/BAKERY,562.316
2017-08-03,37,BREAD/BAKERY,439.013
2017-08-04,37,BREAD/BAKERY,482.07098
2017-08-05,37,BREAD/BAKERY,544.63
2017-08-06,37,BREAD/BAKERY,412.88
2017-08-07,37,BREAD/BAKERY,491.831
2017-08-08,37,BREAD/BAKERY,483.408
2017-08-09,37,BREAD/BAKERY,532.06
2017-08-10,37,BREAD/BAKERY,587.295
2017-08-11,37,BREAD/BAKERY,353.868
2017-08-12,37,BREAD/BAKERY,333.848
2017-08-13,37,BREAD/BAKERY,333.391
2017-08-14,37,BREAD/BAKERY,588.872
2017-08-15,37,BREAD/BAKERY,446.972
2017-08-02,37,CELEBRATION,11.0
2017-08-03,37,CELEBRATION,4.0
2017-08-04,37,CELEBRATION,8.0
2017-08-05,37,CELEBRATION,8.0
2017-08-06,37,CELEBRATION,5.0
2017-08-07,37,CELEBRATION,3.0
2017-08-08,37,CELEBRATION,7.0
2017-08-09,37,CELEBRATION,3.0
2017-08-10,37,CELEBRATION,12.0
2017-08-11,37,CELEBRATION,7.0
2017-08-12,37,CELEBRATION,9.0
2017-08-13,37,CELEBRATION,6.0
2017-08-14,37,CELEBRATION,1.0
2017-08-15,37,CELEBRATION,4.0
2017-08-02,37,CLEANING,1323.0
2017-08-03,37,CLEANING,873.0
2017-08-04,37,CLEANING,923.0
2017-08-05,37,CLEANING,1006.0
2017-08-06,37,CLEANING,702.0
2017-08-07,37,CLEANING,801.0
2017-08-08,37,CLEANING,815.0
2017-08-09,37,CLEANING,878.0
2017-08-10,37,CLEANING,761.0
2017-08-11,37,CLEANING,640.0
2017-08-12,37,CLEANING,605.0
2017-08-13,37,CLEANING,451.0
2017-08-14,37,CLEANING,796.0
2017-08-15,37,CLEANING,829.0
2017-08-02,37,DAIRY,995.0
2017-08-03,37,DAIRY,749.0
2017-08-04,37,DAIRY,959.0
2017-08-05,37,DAIRY,894.0
2017-08-06,37,DAIRY,680.0
2017-08-07,37,DAIRY,892.0
2017-08-08,37,DAIRY,765.0
2017-08-09,37,DAIRY,841.0
2017-08-10,37,DAIRY,790.0
2017-08-11,37,DAIRY,731.0
2017-08-12,37,DAIRY,656.0
2017-08-13,37,DAIRY,496.0
2017-08-14,37,DAIRY,944.0
2017-08-15,37,DAIRY,748.0
2017-08-02,37,DELI,170.999
2017-08-03,37,DELI,171.169
2017-08-04,37,DELI,201.136
2017-08-05,37,DELI,153.992
2017-08-06,37,DELI,124.821
2017-08-07,37,DELI,140.253
2017-08-08,37,DELI,114.455
2017-08-09,37,DELI,133.677
2017-08-10,37,DELI,190.259
2017-08-11,37,DELI,123.229004
2017-08-12,37,DELI,94.9
2017-08-13,37,DELI,105.733
2017-08-14,37,DELI,153.859
2017-08-15,37,DELI,145.796
2017-08-02,37,EGGS,130.0
2017-08-03,37,EGGS,121.0
2017-08-04,37,EGGS,142.0
2017-08-05,37,EGGS,152.0
2017-08-06,37,EGGS,113.0
2017-08-07,37,EGGS,129.0
2017-08-08,37,EGGS,110.0
2017-08-09,37,EGGS,120.0
2017-08-10,37,EGGS,119.0
2017-08-11,37,EGGS,102.0
2017-08-12,37,EGGS,91.0
2017-08-13,37,EGGS,68.0
2017-08-14,37,EGGS,120.0
2017-08-15,37,EGGS,121.0
2017-08-02,37,FROZEN FOODS,125.3
2017-08-03,37,FROZEN FOODS,96.165
2017-08-04,37,FROZEN FOODS,156.976
2017-08-05,37,FROZEN FOODS,106.272
2017-08-06,37,FROZEN FOODS,112.084
2017-08-07,37,FROZEN FOODS,100.0
2017-08-08,37,FROZEN FOODS,105.0
2017-08-09,37,FROZEN FOODS,128.0
2017-08-10,37,FROZEN FOODS,116.0
2017-08-11,37,FROZEN FOODS,115.356
2017-08-12,37,FROZEN FOODS,105.0
2017-08-13,37,FROZEN FOODS,75.529
2017-08-14,37,FROZEN FOODS,76.0
2017-08-15,37,FROZEN FOODS,120.155
2017-08-02,37,GROCERY I,4640.0
2017-08-03,37,GROCERY I,3630.0
2017-08-04,37,GROCERY I,3797.0
2017-08-05,37,GROCERY I,3861.0
2017-08-06,37,GROCERY I,2573.0
2017-08-07,37,GROCERY I,3650.0
2017-08-08,37,GROCERY I,3329.0
2017-08-09,37,GROCERY I,3612.0
2017-08-10,37,GROCERY I,3334.0
2017-08-11,37,GROCERY I,2555.0
2017-08-12,37,GROCERY I,2496.0
2017-08-13,37,GROCERY I,1842.0
2017-08-14,37,GROCERY I,3315.0
2017-08-15,37,GROCERY I,3393.0
2017-08-02,37,GROCERY II,65.0
2017-08-03,37,GROCERY II,56.0
2017-08-04,37,GROCERY II,49.0
2017-08-05,37,GROCERY II,55.0
2017-08-06,37,GROCERY II,46.0
2017-08-07,37,GROCERY II,39.0
2017-08-08,37,GROCERY II,34.0
2017-08-09,37,GROCERY II,38.0
2017-08-10,37,GROCERY II,48.0
2017-08-11,37,GROCERY II,43.0
2017-08-12,37,GROCERY II,40.0
2017-08-13,37,GROCERY II,16.0
2017-08-14,37,GROCERY II,38.0
2017-08-15,37,GROCERY II,51.0
2017-08-02,37,HARDWARE,3.0
2017-08-03,37,HARDWARE,3.0
2017-08-04,37,HARDWARE,2.0
2017-08-05,37,HARDWARE,1.0
2017-08-06,37,HARDWARE,0.0
2017-08-07,37,HARDWARE,1.0
2017-08-08,37,HARDWARE,0.0
2017-08-09,37,HARDWARE,3.0
2017-08-10,37,HARDWARE,1.0
2017-08-11,37,HARDWARE,1.0
2017-08-12,37,HARDWARE,2.0
2017-08-13,37,HARDWARE,3.0
2017-08-14,37,HARDWARE,1.0
2017-08-15,37,HARDWARE,1.0
2017-08-02,37,HOME AND KITCHEN I,14.0
2017-08-03,37,HOME AND KITCHEN I,17.0
2017-08-04,37,HOME AND KITCHEN I,14.0
2017-08-05,37,HOME AND KITCHEN I,42.0
2017-08-06,37,HOME AND KITCHEN I,35.0
2017-08-07,37,HOME AND KITCHEN I,36.0
2017-08-08,37,HOME AND KITCHEN I,18.0
2017-08-09,37,HOME AND KITCHEN I,26.0
2017-08-10,37,HOME AND KITCHEN I,33.0
2017-08-11,37,HOME AND KITCHEN I,43.0
2017-08-12,37,HOME AND KITCHEN I,32.0
2017-08-13,37,HOME AND KITCHEN I,36.0
2017-08-14,37,HOME AND KITCHEN I,43.0
2017-08-15,37,HOME AND KITCHEN I,24.0
2017-08-02,37,HOME AND KITCHEN II,35.0
2017-08-03,37,HOME AND KITCHEN II,32.0
2017-08-04,37,HOME AND KITCHEN II,27.0
2017-08-05,37,HOME AND KITCHEN II,28.0
2017-08-06,37,HOME AND KITCHEN II,14.0
2017-08-07,37,HOME AND KITCHEN II,19.0
2017-08-08,37,HOME AND KITCHEN II,89.0
2017-08-09,37,HOME AND KITCHEN II,23.0
2017-08-10,37,HOME AND KITCHEN II,21.0
2017-08-11,37,HOME AND KITCHEN II,21.0
2017-08-12,37,HOME AND KITCHEN II,28.0
2017-08-13,37,HOME AND KITCHEN II,30.0
2017-08-14,37,HOME AND KITCHEN II,25.0
2017-08-15,37,HOME AND KITCHEN II,24.0
2017-08-02,37,HOME APPLIANCES,0.0
2017-08-03,37,HOME APPLIANCES,0.0
2017-08-04,37,HOME APPLIANCES,0.0
2017-08-05,37,HOME APPLIANCES,0.0
2017-08-06,37,HOME APPLIANCES,0.0
2017-08-07,37,HOME APPLIANCES,0.0
2017-08-08,37,HOME APPLIANCES,0.0
2017-08-09,37,HOME APPLIANCES,0.0
2017-08-10,37,HOME APPLIANCES,0.0
2017-08-11,37,HOME APPLIANCES,0.0
2017-08-12,37,HOME APPLIANCES,0.0
2017-08-13,37,HOME APPLIANCES,0.0
2017-08-14,37,HOME APPLIANCES,0.0
2017-08-15,37,HOME APPLIANCES,0.0
2017-08-02,37,HOME CARE,309.0
2017-08-03,37,HOME CARE,199.0
2017-08-04,37,HOME CARE,198.0
2017-08-05,37,HOME CARE,239.0
2017-08-06,37,HOME CARE,179.0
2017-08-07,37,HOME CARE,226.0
2017-08-08,37,HOME CARE,177.0
2017-08-09,37,HOME CARE,237.0
2017-08-10,37,HOME CARE,209.0
2017-08-11,37,HOME CARE,133.0
2017-08-12,37,HOME CARE,181.0
2017-08-13,37,HOME CARE,136.0
2017-08-14,37,HOME CARE,196.0
2017-08-15,37,HOME CARE,214.0
2017-08-02,37,LADIESWEAR,34.0
2017-08-03,37,LADIESWEAR,32.0
2017-08-04,37,LADIESWEAR,19.0
2017-08-05,37,LADIESWEAR,31.0
2017-08-06,37,LADIESWEAR,34.0
2017-08-07,37,LADIESWEAR,38.0
2017-08-08,37,LADIESWEAR,23.0
2017-08-09,37,LADIESWEAR,19.0
2017-08-10,37,LADIESWEAR,12.0
2017-08-11,37,LADIESWEAR,16.0
2017-08-12,37,LADIESWEAR,23.0
2017-08-13,37,LADIESWEAR,10.0
2017-08-14,37,LADIESWEAR,23.0
2017-08-15,37,LADIESWEAR,24.0
2017-08-02,37,LAWN AND GARDEN,41.0
2017-08-03,37,LAWN AND GARDEN,29.0
2017-08-04,37,LAWN AND GARDEN,23.0
2017-08-05,37,LAWN AND GARDEN,27.0
2017-08-06,37,LAWN AND GARDEN,13.0
2017-08-07,37,LAWN AND GARDEN,26.0
2017-08-08,37,LAWN AND GARDEN,14.0
2017-08-09,37,LAWN AND GARDEN,28.0
2017-08-10,37,LAWN AND GARDEN,24.0
2017-08-11,37,LAWN AND GARDEN,16.0
2017-08-12,37,LAWN AND GARDEN,17.0
2017-08-13,37,LAWN AND GARDEN,16.0
2017-08-14,37,LAWN AND GARDEN,9.0
2017-08-15,37,LAWN AND GARDEN,25.0
2017-08-02,37,LINGERIE,4.0
2017-08-03,37,LINGERIE,3.0
2017-08-04,37,LINGERIE,1.0
2017-08-05,37,LINGERIE,3.0
2017-08-06,37,LINGERIE,0.0
2017-08-07,37,LINGERIE,0.0
2017-08-08,37,LINGERIE,5.0
2017-08-09,37,LINGERIE,2.0
2017-08-10,37,LINGERIE,0.0
2017-08-11,37,LINGERIE,2.0
2017-08-12,37,LINGERIE,0.0
2017-08-13,37,LINGERIE,0.0
2017-08-14,37,LINGERIE,2.0
2017-08-15,37,LINGERIE,1.0
2017-08-02,37,"LIQUOR,WINE,BEER",124.0
2017-08-03,37,"LIQUOR,WINE,BEER",105.0
2017-08-04,37,"LIQUOR,WINE,BEER",139.0
2017-08-05,37,"LIQUOR,WINE,BEER",128.0
2017-08-06,37,"LIQUOR,WINE,BEER",67.0
2017-08-07,37,"LIQUOR,WINE,BEER",72.0
2017-08-08,37,"LIQUOR,WINE,BEER",62.0
2017-08-09,37,"LIQUOR,WINE,BEER",92.0
2017-08-10,37,"LIQUOR,WINE,BEER",157.0
2017-08-11,37,"LIQUOR,WINE,BEER",111.0
2017-08-12,37,"LIQUOR,WINE,BEER",130.0
2017-08-13,37,"LIQUOR,WINE,BEER",81.0
2017-08-14,37,"LIQUOR,WINE,BEER",70.0
2017-08-15,37,"LIQUOR,WINE,BEER",71.0
2017-08-02,37,MAGAZINES,3.0
2017-08-03,37,MAGAZINES,5.0
2017-08-04,37,MAGAZINES,3.0
2017-08-05,37,MAGAZINES,20.0
2017-08-06,37,MAGAZINES,9.0
2017-08-07,37,MAGAZINES,16.0
2017-08-08,37,MAGAZINES,12.0
2017-08-09,37,MAGAZINES,8.0
2017-08-10,37,MAGAZINES,9.0
2017-08-11,37,MAGAZINES,10.0
2017-08-12,37,MAGAZINES,15.0
2017-08-13,37,MAGAZINES,9.0
2017-08-14,37,MAGAZINES,12.0
2017-08-15,37,MAGAZINES,17.0
2017-08-02,37,MEATS,263.341
2017-08-03,37,MEATS,216.981
2017-08-04,37,MEATS,421.197
2017-08-05,37,MEATS,206.876
2017-08-06,37,MEATS,156.491
2017-08-07,37,MEATS,241.14801
2017-08-08,37,MEATS,198.515
2017-08-09,37,MEATS,230.505
2017-08-10,37,MEATS,254.324
2017-08-11,37,MEATS,263.048
2017-08-12,37,MEATS,170.98799
2017-08-13,37,MEATS,137.788
2017-08-14,37,MEATS,170.14099
2017-08-15,37,MEATS,240.529
2017-08-02,37,PERSONAL CARE,272.0
2017-08-03,37,PERSONAL CARE,267.0
2017-08-04,37,PERSONAL CARE,256.0
2017-08-05,37,PERSONAL CARE,329.0
2017-08-06,37,PERSONAL CARE,272.0
2017-08-07,37,PERSONAL CARE,320.0
2017-08-08,37,PERSONAL CARE,247.0
2017-08-09,37,PERSONAL CARE,271.0
2017-08-10,37,PERSONAL CARE,255.0
2017-08-11,37,PERSONAL CARE,177.0
2017-08-12,37,PERSONAL CARE,207.0
2017-08-13,37,PERSONAL CARE,151.0
2017-08-14,37,PERSONAL CARE,267.0
2017-08-15,37,PERSONAL CARE,300.0
2017-08-02,37,PET SUPPLIES,35.0
2017-08-03,37,PET SUPPLIES,23.0
2017-08-04,37,PET SUPPLIES,15.0
2017-08-05,37,PET SUPPLIES,16.0
2017-08-06,37,PET SUPPLIES,21.0
2017-08-07,37,PET SUPPLIES,20.0
2017-08-08,37,PET SUPPLIES,7.0
2017-08-09,37,PET SUPPLIES,10.0
2017-08-10,37,PET SUPPLIES,10.0
2017-08-11,37,PET SUPPLIES,9.0
2017-08-12,37,PET SUPPLIES,8.0
2017-08-13,37,PET SUPPLIES,14.0
2017-08-14,37,PET SUPPLIES,18.0
2017-08-15,37,PET SUPPLIES,9.0
2017-08-02,37,PLAYERS AND ELECTRONICS,23.0
2017-08-03,37,PLAYERS AND ELECTRONICS,20.0
2017-08-04,37,PLAYERS AND ELECTRONICS,6.0
2017-08-05,37,PLAYERS AND ELECTRONICS,15.0
2017-08-06,37,PLAYERS AND ELECTRONICS,18.0
2017-08-07,37,PLAYERS AND ELECTRONICS,17.0
2017-08-08,37,PLAYERS AND ELECTRONICS,8.0
2017-08-09,37,PLAYERS AND ELECTRONICS,23.0
2017-08-10,37,PLAYERS AND ELECTRONICS,9.0
2017-08-11,37,PLAYERS AND ELECTRONICS,10.0
2017-08-12,37,PLAYERS AND ELECTRONICS,8.0
2017-08-13,37,PLAYERS AND ELECTRONICS,14.0
2017-08-14,37,PLAYERS AND ELECTRONICS,16.0
2017-08-15,37,PLAYERS AND ELECTRONICS,17.0
2017-08-02,37,POULTRY,261.85
2017-08-03,37,POULTRY,218.403
2017-08-04,37,POULTRY,303.782
2017-08-05,37,POULTRY,284.847
2017-08-06,37,POULTRY,190.888
2017-08-07,37,POULTRY,236.713
2017-08-08,37,POULTRY,232.395
2017-08-09,37,POULTRY,268.447
2017-08-10,37,POULTRY,225.9
2017-08-11,37,POULTRY,228.93
2017-08-12,37,POULTRY,216.012
2017-08-13,37,POULTRY,213.526
2017-08-14,37,POULTRY,239.482
2017-08-15,37,POULTRY,243.605
2017-08-02,37,PREPARED FOODS,87.438
2017-08-03,37,PREPARED FOODS,54.193
2017-08-04,37,PREPARED FOODS,83.099
2017-08-05,37,PREPARED FOODS,61.516
2017-08-06,37,PREPARED FOODS,44.397
2017-08-07,37,PREPARED FOODS,60.063
2017-08-08,37,PREPARED FOODS,59.003998
2017-08-09,37,PREPARED FOODS,78.039
2017-08-10,37,PREPARED FOODS,88.102005
2017-08-11,37,PREPARED FOODS,73.832
2017-08-12,37,PREPARED FOODS,42.469
2017-08-13,37,PREPARED FOODS,57.597
2017-08-14,37,PREPARED FOODS,82.651
2017-08-15,37,PREPARED FOODS,72.354996
2017-08-02,37,PRODUCE,3910.431
2017-08-03,37,PRODUCE,2199.982
2017-08-04,37,PRODUCE,2755.597
2017-08-05,37,PRODUCE,2621.862
2017-08-06,37,PRODUCE,1721.803
2017-08-07,37,PRODUCE,2490.252
2017-08-08,37,PRODUCE,2055.161
2017-08-09,37,PRODUCE,3431.046
2017-08-10,37,PRODUCE,2476.775
2017-08-11,37,PRODUCE,2100.218
2017-08-12,37,PRODUCE,1848.608
2017-08-13,37,PRODUCE,1444.556
2017-08-14,37,PRODUCE,2315.218
2017-08-15,37,PRODUCE,2138.484
2017-08-02,37,SCHOOL AND OFFICE SUPPLIES,0.0
2017-08-03,37,SCHOOL AND OFFICE SUPPLIES,0.0
2017-08-04,37,SCHOOL AND OFFICE SUPPLIES,0.0
2017-08-05,37,SCHOOL AND OFFICE SUPPLIES,0.0
2017-08-06,37,SCHOOL AND OFFICE SUPPLIES,0.0
2017-08-07,37,SCHOOL AND OFFICE SUPPLIES,0.0
2017-08-08,37,SCHOOL AND OFFICE SUPPLIES,0.0
2017-08-09,37,SCHOOL AND OFFICE SUPPLIES,0.0
2017-08-10,37,SCHOOL AND OFFICE SUPPLIES,0.0
2017-08-11,37,SCHOOL AND OFFICE SUPPLIES,0.0
2017-08-12,37,SCHOOL AND OFFICE SUPPLIES,0.0
2017-08-13,37,SCHOOL AND OFFICE SUPPLIES,0.0
2017-08-14,37,SCHOOL AND OFFICE SUPPLIES,0.0
2017-08-15,37,SCHOOL AND OFFICE SUPPLIES,0.0
2017-08-02,37,SEAFOOD,11.250999
2017-08-03,37,SEAFOOD,10.077
2017-08-04,37,SEAFOOD,12.76
2017-08-05,37,SEAFOOD,10.866
2017-08-06,37,SEAFOOD,9.715
2017-08-07,37,SEAFOOD,7.716
2017-08-08,37,SEAFOOD,7.703
2017-08-09,37,SEAFOOD,17.58
2017-08-10,37,SEAFOOD,16.618
2017-08-11,37,SEAFOOD,7.0
2017-08-12,37,SEAFOOD,6.844
2017-08-13,37,SEAFOOD,8.898
2017-08-14,37,SEAFOOD,16.744999
2017-08-15,37,SEAFOOD,13.659
2017-08-02,38,AUTOMOTIVE,6.0
2017-08-03,38,AUTOMOTIVE,5.0
2017-08-04,38,AUTOMOTIVE,11.0
2017-08-05,38,AUTOMOTIVE,8.0
2017-08-06,38,AUTOMOTIVE,17.0
2017-08-07,38,AUTOMOTIVE,7.0
2017-08-08,38,AUTOMOTIVE,2.0
2017-08-09,38,AUTOMOTIVE,8.0
2017-08-10,38,AUTOMOTIVE,8.0
2017-08-11,38,AUTOMOTIVE,6.0
2017-08-12,38,AUTOMOTIVE,7.0
2017-08-13,38,AUTOMOTIVE,3.0
2017-08-14,38,AUTOMOTIVE,2.0
2017-08-15,38,AUTOMOTIVE,7.0
2017-08-02,38,BABY CARE,0.0
2017-08-03,38,BABY CARE,0.0
2017-08-04,38,BABY CARE,0.0
2017-08-05,38,BABY CARE,0.0
2017-08-06,38,BABY CARE,0.0
2017-08-07,38,BABY CARE,0.0
2017-08-08,38,BABY CARE,0.0
2017-08-09,38,BABY CARE,0.0
2017-08-10,38,BABY CARE,0.0
2017-08-11,38,BABY CARE,0.0
2017-08-12,38,BABY CARE,0.0
2017-08-13,38,BABY CARE,0.0
2017-08-14,38,BABY CARE,0.0
2017-08-15,38,BABY CARE,0.0
2017-08-02,38,BEAUTY,8.0
2017-08-03,38,BEAUTY,7.0
2017-08-04,38,BEAUTY,8.0
2017-08-05,38,BEAUTY,15.0
2017-08-06,38,BEAUTY,6.0
2017-08-07,38,BEAUTY,7.0
2017-08-08,38,BEAUTY,1.0
2017-08-09,38,BEAUTY,6.0
2017-08-10,38,BEAUTY,9.0
2017-08-11,38,BEAUTY,5.0
2017-08-12,38,BEAUTY,10.0
2017-08-13,38,BEAUTY,11.0
2017-08-14,38,BEAUTY,8.0
2017-08-15,38,BEAUTY,9.0
2017-08-02,38,BEVERAGES,6925.0
2017-08-03,38,BEVERAGES,1680.0
2017-08-04,38,BEVERAGES,1831.0
2017-08-05,38,BEVERAGES,2946.0
2017-08-06,38,BEVERAGES,2388.0
2017-08-07,38,BEVERAGES,1819.0
2017-08-08,38,BEVERAGES,1639.0
2017-08-09,38,BEVERAGES,2120.0
2017-08-10,38,BEVERAGES,1919.0
2017-08-11,38,BEVERAGES,1972.0
2017-08-12,38,BEVERAGES,2308.0
2017-08-13,38,BEVERAGES,2253.0
2017-08-14,38,BEVERAGES,1992.0
2017-08-15,38,BEVERAGES,1749.0
2017-08-02,38,BOOKS,0.0
2017-08-03,38,BOOKS,0.0
2017-08-04,38,BOOKS,0.0
2017-08-05,38,BOOKS,0.0
2017-08-06,38,BOOKS,0.0
2017-08-07,38,BOOKS,0.0
2017-08-08,38,BOOKS,0.0
2017-08-09,38,BOOKS,0.0
2017-08-10,38,BOOKS,0.0
2017-08-11,38,BOOKS,0.0
2017-08-12,38,BOOKS,0.0
2017-08-13,38,BOOKS,0.0
2017-08-14,38,BOOKS,0.0
2017-08-15,38,BOOKS,0.0
2017-08-02,38,BREAD/BAKERY,565.259
2017-08-03,38,BREAD/BAKERY,343.645
2017-08-04,38,BREAD/BAKERY,385.716
2017-08-05,38,BREAD/BAKERY,514.261
2017-08-06,38,BREAD/BAKERY,578.677
2017-08-07,38,BREAD/BAKERY,498.353
2017-08-08,38,BREAD/BAKERY,419.073
2017-08-09,38,BREAD/BAKERY,476.575
2017-08-10,38,BREAD/BAKERY,432.902
2017-08-11,38,BREAD/BAKERY,343.906
2017-08-12,38,BREAD/BAKERY,455.22
2017-08-13,38,BREAD/BAKERY,430.342
2017-08-14,38,BREAD/BAKERY,464.677
2017-08-15,38,BREAD/BAKERY,400.957
2017-08-02,38,CELEBRATION,6.0
2017-08-03,38,CELEBRATION,10.0
2017-08-04,38,CELEBRATION,5.0
2017-08-05,38,CELEBRATION,6.0
2017-08-06,38,CELEBRATION,8.0
2017-08-07,38,CELEBRATION,17.0
2017-08-08,38,CELEBRATION,11.0
2017-08-09,38,CELEBRATION,12.0
2017-08-10,38,CELEBRATION,17.0
2017-08-11,38,CELEBRATION,6.0
2017-08-12,38,CELEBRATION,22.0
2017-08-13,38,CELEBRATION,11.0
2017-08-14,38,CELEBRATION,19.0
2017-08-15,38,CELEBRATION,11.0
2017-08-02,38,CLEANING,1242.0
2017-08-03,38,CLEANING,796.0
2017-08-04,38,CLEANING,784.0
2017-08-05,38,CLEANING,1292.0
2017-08-06,38,CLEANING,1002.0
2017-08-07,38,CLEANING,769.0
2017-08-08,38,CLEANING,679.0
2017-08-09,38,CLEANING,834.0
2017-08-10,38,CLEANING,706.0
2017-08-11,38,CLEANING,693.0
2017-08-12,38,CLEANING,916.0
2017-08-13,38,CLEANING,865.0
2017-08-14,38,CLEANING,800.0
2017-08-15,38,CLEANING,809.0
2017-08-02,38,DAIRY,801.0
2017-08-03,38,DAIRY,601.0
2017-08-04,38,DAIRY,832.0
2017-08-05,38,DAIRY,980.0
2017-08-06,38,DAIRY,842.0
2017-08-07,38,DAIRY,646.0
2017-08-08,38,DAIRY,758.0
2017-08-09,38,DAIRY,825.0
2017-08-10,38,DAIRY,616.0
2017-08-11,38,DAIRY,690.0
2017-08-12,38,DAIRY,771.0
2017-08-13,38,DAIRY,759.0
2017-08-14,38,DAIRY,806.0
2017-08-15,38,DAIRY,737.0
2017-08-02,38,DELI,141.745
2017-08-03,38,DELI,83.76
2017-08-04,38,DELI,127.587
2017-08-05,38,DELI,180.502
2017-08-06,38,DELI,122.429
2017-08-07,38,DELI,134.644
2017-08-08,38,DELI,140.339
2017-08-09,38,DELI,125.288
2017-08-10,38,DELI,153.571
2017-08-11,38,DELI,143.333
2017-08-12,38,DELI,137.162
2017-08-13,38,DELI,158.747
2017-08-14,38,DELI,167.557
2017-08-15,38,DELI,124.406
2017-08-02,38,EGGS,114.0
2017-08-03,38,EGGS,77.0
2017-08-04,38,EGGS,88.0
2017-08-05,38,EGGS,128.0
2017-08-06,38,EGGS,114.0
2017-08-07,38,EGGS,83.0
2017-08-08,38,EGGS,70.0
2017-08-09,38,EGGS,75.0
2017-08-10,38,EGGS,80.0
2017-08-11,38,EGGS,75.0
2017-08-12,38,EGGS,71.0
2017-08-13,38,EGGS,100.0
2017-08-14,38,EGGS,93.0
2017-08-15,38,EGGS,70.0
2017-08-02,38,FROZEN FOODS,166.715
2017-08-03,38,FROZEN FOODS,103.0
2017-08-04,38,FROZEN FOODS,127.0
2017-08-05,38,FROZEN FOODS,127.0
2017-08-06,38,FROZEN FOODS,119.0
2017-08-07,38,FROZEN FOODS,64.0
2017-08-08,38,FROZEN FOODS,106.05
2017-08-09,38,FROZEN FOODS,163.66
2017-08-10,38,FROZEN FOODS,104.0
2017-08-11,38,FROZEN FOODS,110.988
2017-08-12,38,FROZEN FOODS,125.0
2017-08-13,38,FROZEN FOODS,71.0
2017-08-14,38,FROZEN FOODS,121.0
2017-08-15,38,FROZEN FOODS,108.204
2017-08-02,38,GROCERY I,4859.0
2017-08-03,38,GROCERY I,3171.0
2017-08-04,38,GROCERY I,3355.0
2017-08-05,38,GROCERY I,4335.0
2017-08-06,38,GROCERY I,4010.0
2017-08-07,38,GROCERY I,3348.0
2017-08-08,38,GROCERY I,2928.0
2017-08-09,38,GROCERY I,3616.0
2017-08-10,38,GROCERY I,3200.0
2017-08-11,38,GROCERY I,2918.0
2017-08-12,38,GROCERY I,3393.0
2017-08-13,38,GROCERY I,3448.0
2017-08-14,38,GROCERY I,3292.0
2017-08-15,38,GROCERY I,3022.0
2017-08-02,38,GROCERY II,29.0
2017-08-03,38,GROCERY II,30.0
2017-08-04,38,GROCERY II,26.0
2017-08-05,38,GROCERY II,36.0
2017-08-06,38,GROCERY II,19.0
2017-08-07,38,GROCERY II,33.0
2017-08-08,38,GROCERY II,39.0
2017-08-09,38,GROCERY II,44.0
2017-08-10,38,GROCERY II,40.0
2017-08-11,38,GROCERY II,21.0
2017-08-12,38,GROCERY II,41.0
2017-08-13,38,GROCERY II,25.0
2017-08-14,38,GROCERY II,25.0
2017-08-15,38,GROCERY II,11.0
2017-08-02,38,HARDWARE,1.0
2017-08-03,38,HARDWARE,2.0
2017-08-04,38,HARDWARE,1.0
2017-08-05,38,HARDWARE,1.0
2017-08-06,38,HARDWARE,3.0
2017-08-07,38,HARDWARE,0.0
2017-08-08,38,HARDWARE,1.0
2017-08-09,38,HARDWARE,3.0
2017-08-10,38,HARDWARE,0.0
2017-08-11,38,HARDWARE,2.0
2017-08-12,38,HARDWARE,1.0
2017-08-13,38,HARDWARE,0.0
2017-08-14,38,HARDWARE,0.0
2017-08-15,38,HARDWARE,0.0
2017-08-02,38,HOME AND KITCHEN I,60.0
2017-08-03,38,HOME AND KITCHEN I,34.0
2017-08-04,38,HOME AND KITCHEN I,33.0
2017-08-05,38,HOME AND KITCHEN I,41.0
2017-08-06,38,HOME AND KITCHEN I,45.0
2017-08-07,38,HOME AND KITCHEN I,52.0
2017-08-08,38,HOME AND KITCHEN I,33.0
2017-08-09,38,HOME AND KITCHEN I,67.0
2017-08-10,38,HOME AND KITCHEN I,52.0
2017-08-11,38,HOME AND KITCHEN I,58.0
2017-08-12,38,HOME AND KITCHEN I,42.0
2017-08-13,38,HOME AND KITCHEN I,37.0
2017-08-14,38,HOME AND KITCHEN I,44.0
2017-08-15,38,HOME AND KITCHEN I,31.0
2017-08-02,38,HOME AND KITCHEN II,39.0
2017-08-03,38,HOME AND KITCHEN II,60.0
2017-08-04,38,HOME AND KITCHEN II,26.0
2017-08-05,38,HOME AND KITCHEN II,122.0
2017-08-06,38,HOME AND KITCHEN II,241.0
2017-08-07,38,HOME AND KITCHEN II,28.0
2017-08-08,38,HOME AND KITCHEN II,29.0
2017-08-09,38,HOME AND KITCHEN II,35.0
2017-08-10,38,HOME AND KITCHEN II,22.0
2017-08-11,38,HOME AND KITCHEN II,13.0
2017-08-12,38,HOME AND KITCHEN II,24.0
2017-08-13,38,HOME AND KITCHEN II,19.0
2017-08-14,38,HOME AND KITCHEN II,25.0
2017-08-15,38,HOME AND KITCHEN II,22.0
2017-08-02,38,HOME APPLIANCES,0.0
2017-08-03,38,HOME APPLIANCES,0.0
2017-08-04,38,HOME APPLIANCES,0.0
2017-08-05,38,HOME APPLIANCES,0.0
2017-08-06,38,HOME APPLIANCES,0.0
2017-08-07,38,HOME APPLIANCES,0.0
2017-08-08,38,HOME APPLIANCES,0.0
2017-08-09,38,HOME APPLIANCES,0.0
2017-08-10,38,HOME APPLIANCES,0.0
2017-08-11,38,HOME APPLIANCES,0.0
2017-08-12,38,HOME APPLIANCES,0.0
2017-08-13,38,HOME APPLIANCES,0.0
2017-08-14,38,HOME APPLIANCES,0.0
2017-08-15,38,HOME APPLIANCES,0.0
2017-08-02,38,HOME CARE,387.0
2017-08-03,38,HOME CARE,263.0
2017-08-04,38,HOME CARE,305.0
2017-08-05,38,HOME CARE,398.0
2017-08-06,38,HOME CARE,404.0
2017-08-07,38,HOME CARE,292.0
2017-08-08,38,HOME CARE,249.0
2017-08-09,38,HOME CARE,284.0
2017-08-10,38,HOME CARE,267.0
2017-08-11,38,HOME CARE,270.0
2017-08-12,38,HOME CARE,331.0
2017-08-13,38,HOME CARE,314.0
2017-08-14,38,HOME CARE,289.0
2017-08-15,38,HOME CARE,270.0
2017-08-02,38,LADIESWEAR,21.0
2017-08-03,38,LADIESWEAR,15.0
2017-08-04,38,LADIESWEAR,11.0
2017-08-05,38,LADIESWEAR,33.0
2017-08-06,38,LADIESWEAR,30.0
2017-08-07,38,LADIESWEAR,11.0
2017-08-08,38,LADIESWEAR,26.0
2017-08-09,38,LADIESWEAR,20.0
2017-08-10,38,LADIESWEAR,18.0
2017-08-11,38,LADIESWEAR,23.0
2017-08-12,38,LADIESWEAR,32.0
2017-08-13,38,LADIESWEAR,34.0
2017-08-14,38,LADIESWEAR,25.0
2017-08-15,38,LADIESWEAR,36.0
2017-08-02,38,LAWN AND GARDEN,29.0
2017-08-03,38,LAWN AND GARDEN,19.0
2017-08-04,38,LAWN AND GARDEN,17.0
2017-08-05,38,LAWN AND GARDEN,36.0
2017-08-06,38,LAWN AND GARDEN,21.0
2017-08-07,38,LAWN AND GARDEN,7.0
2017-08-08,38,LAWN AND GARDEN,18.0
2017-08-09,38,LAWN AND GARDEN,15.0
2017-08-10,38,LAWN AND GARDEN,22.0
2017-08-11,38,LAWN AND GARDEN,14.0
2017-08-12,38,LAWN AND GARDEN,24.0
2017-08-13,38,LAWN AND GARDEN,11.0
2017-08-14,38,LAWN AND GARDEN,8.0
2017-08-15,38,LAWN AND GARDEN,11.0
2017-08-02,38,LINGERIE,6.0
2017-08-03,38,LINGERIE,8.0
2017-08-04,38,LINGERIE,6.0
2017-08-05,38,LINGERIE,11.0
2017-08-06,38,LINGERIE,16.0
2017-08-07,38,LINGERIE,5.0
2017-08-08,38,LINGERIE,18.0
2017-08-09,38,LINGERIE,12.0
2017-08-10,38,LINGERIE,23.0
2017-08-11,38,LINGERIE,15.0
2017-08-12,38,LINGERIE,12.0
2017-08-13,38,LINGERIE,5.0
2017-08-14,38,LINGERIE,4.0
2017-08-15,38,LINGERIE,10.0
2017-08-02,38,"LIQUOR,WINE,BEER",80.0
2017-08-03,38,"LIQUOR,WINE,BEER",74.0
2017-08-04,38,"LIQUOR,WINE,BEER",129.0
2017-08-05,38,"LIQUOR,WINE,BEER",101.0
2017-08-06,38,"LIQUOR,WINE,BEER",148.0
2017-08-07,38,"LIQUOR,WINE,BEER",32.0
2017-08-08,38,"LIQUOR,WINE,BEER",50.0
2017-08-09,38,"LIQUOR,WINE,BEER",77.0
2017-08-10,38,"LIQUOR,WINE,BEER",88.0
2017-08-11,38,"LIQUOR,WINE,BEER",188.0
2017-08-12,38,"LIQUOR,WINE,BEER",415.0
2017-08-13,38,"LIQUOR,WINE,BEER",250.0
2017-08-14,38,"LIQUOR,WINE,BEER",51.0
2017-08-15,38,"LIQUOR,WINE,BEER",51.0
2017-08-02,38,MAGAZINES,10.0
2017-08-03,38,MAGAZINES,9.0
2017-08-04,38,MAGAZINES,11.0
2017-08-05,38,MAGAZINES,19.0
2017-08-06,38,MAGAZINES,10.0
2017-08-07,38,MAGAZINES,9.0
2017-08-08,38,MAGAZINES,16.0
2017-08-09,38,MAGAZINES,13.0
2017-08-10,38,MAGAZINES,14.0
2017-08-11,38,MAGAZINES,26.0
2017-08-12,38,MAGAZINES,19.0
2017-08-13,38,MAGAZINES,13.0
2017-08-14,38,MAGAZINES,10.0
2017-08-15,38,MAGAZINES,10.0
2017-08-02,38,MEATS,156.586
2017-08-03,38,MEATS,133.381
2017-08-04,38,MEATS,247.608
2017-08-05,38,MEATS,174.944
2017-08-06,38,MEATS,153.384
2017-08-07,38,MEATS,304.138
2017-08-08,38,MEATS,135.978
2017-08-09,38,MEATS,144.493
2017-08-10,38,MEATS,158.685
2017-08-11,38,MEATS,203.082
2017-08-12,38,MEATS,158.14
2017-08-13,38,MEATS,106.105
2017-08-14,38,MEATS,177.292
2017-08-15,38,MEATS,133.633
2017-08-02,38,PERSONAL CARE,1048.0
2017-08-03,38,PERSONAL CARE,321.0
2017-08-04,38,PERSONAL CARE,287.0
2017-08-05,38,PERSONAL CARE,499.0
2017-08-06,38,PERSONAL CARE,437.0
2017-08-07,38,PERSONAL CARE,350.0
2017-08-08,38,PERSONAL CARE,240.0
2017-08-09,38,PERSONAL CARE,309.0
2017-08-10,38,PERSONAL CARE,263.0
2017-08-11,38,PERSONAL CARE,323.0
2017-08-12,38,PERSONAL CARE,363.0
2017-08-13,38,PERSONAL CARE,424.0
2017-08-14,38,PERSONAL CARE,362.0
2017-08-15,38,PERSONAL CARE,287.0
2017-08-02,38,PET SUPPLIES,7.0
2017-08-03,38,PET SUPPLIES,3.0
2017-08-04,38,PET SUPPLIES,10.0
2017-08-05,38,PET SUPPLIES,8.0
2017-08-06,38,PET SUPPLIES,7.0
2017-08-07,38,PET SUPPLIES,5.0
2017-08-08,38,PET SUPPLIES,6.0
2017-08-09,38,PET SUPPLIES,10.0
2017-08-10,38,PET SUPPLIES,10.0
2017-08-11,38,PET SUPPLIES,9.0
2017-08-12,38,PET SUPPLIES,10.0
2017-08-13,38,PET SUPPLIES,9.0
2017-08-14,38,PET SUPPLIES,10.0
2017-08-15,38,PET SUPPLIES,11.0
2017-08-02,38,PLAYERS AND ELECTRONICS,8.0
2017-08-03,38,PLAYERS AND ELECTRONICS,12.0
2017-08-04,38,PLAYERS AND ELECTRONICS,2.0
2017-08-05,38,PLAYERS AND ELECTRONICS,16.0
2017-08-06,38,PLAYERS AND ELECTRONICS,17.0
2017-08-07,38,PLAYERS AND ELECTRONICS,4.0
2017-08-08,38,PLAYERS AND ELECTRONICS,16.0
2017-08-09,38,PLAYERS AND ELECTRONICS,11.0
2017-08-10,38,PLAYERS AND ELECTRONICS,20.0
2017-08-11,38,PLAYERS AND ELECTRONICS,3.0
2017-08-12,38,PLAYERS AND ELECTRONICS,16.0
2017-08-13,38,PLAYERS AND ELECTRONICS,11.0
2017-08-14,38,PLAYERS AND ELECTRONICS,6.0
2017-08-15,38,PLAYERS AND ELECTRONICS,13.0
2017-08-02,38,POULTRY,154.509
2017-08-03,38,POULTRY,100.334
2017-08-04,38,POULTRY,205.491
2017-08-05,38,POULTRY,143.558
2017-08-06,38,POULTRY,141.529
2017-08-07,38,POULTRY,136.438
2017-08-08,38,POULTRY,94.89
2017-08-09,38,POULTRY,135.43
2017-08-10,38,POULTRY,132.537
2017-08-11,38,POULTRY,180.442
2017-08-12,38,POULTRY,156.388
2017-08-13,38,POULTRY,94.22
2017-08-14,38,POULTRY,171.09
2017-08-15,38,POULTRY,99.694
2017-08-02,38,PREPARED FOODS,62.196
2017-08-03,38,PREPARED FOODS,74.982
2017-08-04,38,PREPARED FOODS,106.158005
2017-08-05,38,PREPARED FOODS,115.033005
2017-08-06,38,PREPARED FOODS,78.844
2017-08-07,38,PREPARED FOODS,62.085
2017-08-08,38,PREPARED FOODS,41.748
2017-08-09,38,PREPARED FOODS,65.03
2017-08-10,38,PREPARED FOODS,96.997
2017-08-11,38,PREPARED FOODS,76.205
2017-08-12,38,PREPARED FOODS,91.972
2017-08-13,38,PREPARED FOODS,87.12
2017-08-14,38,PREPARED FOODS,75.378
2017-08-15,38,PREPARED FOODS,72.589
2017-08-02,38,PRODUCE,3301.429
2017-08-03,38,PRODUCE,1801.103
2017-08-04,38,PRODUCE,1922.737
2017-08-05,38,PRODUCE,2606.109
2017-08-06,38,PRODUCE,2175.468
2017-08-07,38,PRODUCE,2016.497
2017-08-08,38,PRODUCE,1744.849
2017-08-09,38,PRODUCE,3111.337
2017-08-10,38,PRODUCE,1865.809
2017-08-11,38,PRODUCE,1918.375
2017-08-12,38,PRODUCE,1727.951
2017-08-13,38,PRODUCE,1910.769
2017-08-14,38,PRODUCE,2127.984
2017-08-15,38,PRODUCE,1812.146
2017-08-02,38,SCHOOL AND OFFICE SUPPLIES,0.0
2017-08-03,38,SCHOOL AND OFFICE SUPPLIES,0.0
2017-08-04,38,SCHOOL AND OFFICE SUPPLIES,1.0
2017-08-05,38,SCHOOL AND OFFICE SUPPLIES,1.0
2017-08-06,38,SCHOOL AND OFFICE SUPPLIES,1.0
2017-08-07,38,SCHOOL AND OFFICE SUPPLIES,0.0
2017-08-08,38,SCHOOL AND OFFICE SUPPLIES,0.0
2017-08-09,38,SCHOOL AND OFFICE SUPPLIES,0.0
2017-08-10,38,SCHOOL AND OFFICE SUPPLIES,0.0
2017-08-11,38,SCHOOL AND OFFICE SUPPLIES,0.0
2017-08-12,38,SCHOOL AND OFFICE SUPPLIES,48.0
2017-08-13,38,SCHOOL AND OFFICE SUPPLIES,0.0
2017-08-14,38,SCHOOL AND OFFICE SUPPLIES,0.0
2017-08-15,38,SCHOOL AND OFFICE SUPPLIES,27.0
2017-08-02,38,SEAFOOD,16.675
2017-08-03,38,SEAFOOD,24.725
2017-08-04,38,SEAFOOD,12.097
2017-08-05,38,SEAFOOD,16.109001
2017-08-06,38,SEAFOOD,22.774
2017-08-07,38,SEAFOOD,18.263
2017-08-08,38,SEAFOOD,5.0
2017-08-09,38,SEAFOOD,17.347
2017-08-10,38,SEAFOOD,20.042
2017-08-11,38,SEAFOOD,17.16
2017-08-12,38,SEAFOOD,24.203
2017-08-13,38,SEAFOOD,12.313
2017-08-14,38,SEAFOOD,17.454
2017-08-15,38,SEAFOOD,10.623
2017-08-02,39,AUTOMOTIVE,10.0
2017-08-03,39,AUTOMOTIVE,15.0
2017-08-04,39,AUTOMOTIVE,16.0
2017-08-05,39,AUTOMOTIVE,7.0
2017-08-06,39,AUTOMOTIVE,8.0
2017-08-07,39,AUTOMOTIVE,9.0
2017-08-08,39,AUTOMOTIVE,4.0
2017-08-09,39,AUTOMOTIVE,13.0
2017-08-10,39,AUTOMOTIVE,6.0
2017-08-11,39,AUTOMOTIVE,6.0
2017-08-12,39,AUTOMOTIVE,9.0
2017-08-13,39,AUTOMOTIVE,5.0
2017-08-14,39,AUTOMOTIVE,12.0
2017-08-15,39,AUTOMOTIVE,3.0
2017-08-02,39,BABY CARE,0.0
2017-08-03,39,BABY CARE,0.0
2017-08-04,39,BABY CARE,0.0
2017-08-05,39,BABY CARE,0.0
2017-08-06,39,BABY CARE,1.0
2017-08-07,39,BABY CARE,0.0
2017-08-08,39,BABY CARE,0.0
2017-08-09,39,BABY CARE,1.0
2017-08-10,39,BABY CARE,0.0
2017-08-11,39,BABY CARE,1.0
2017-08-12,39,BABY CARE,0.0
2017-08-13,39,BABY CARE,0.0
2017-08-14,39,BABY CARE,0.0
2017-08-15,39,BABY CARE,0.0
2017-08-02,39,BEAUTY,2.0
2017-08-03,39,BEAUTY,2.0
2017-08-04,39,BEAUTY,3.0
2017-08-05,39,BEAUTY,7.0
2017-08-06,39,BEAUTY,10.0
2017-08-07,39,BEAUTY,6.0
2017-08-08,39,BEAUTY,3.0
2017-08-09,39,BEAUTY,2.0
2017-08-10,39,BEAUTY,0.0
2017-08-11,39,BEAUTY,2.0
2017-08-12,39,BEAUTY,2.0
2017-08-13,39,BEAUTY,1.0
2017-08-14,39,BEAUTY,6.0
2017-08-15,39,BEAUTY,5.0
2017-08-02,39,BEVERAGES,2993.0
2017-08-03,39,BEVERAGES,3191.0
2017-08-04,39,BEVERAGES,3171.0
2017-08-05,39,BEVERAGES,4098.0
2017-08-06,39,BEVERAGES,4405.0
2017-08-07,39,BEVERAGES,3491.0
2017-08-08,39,BEVERAGES,3863.0
2017-08-09,39,BEVERAGES,2686.0
2017-08-10,39,BEVERAGES,3278.0
2017-08-11,39,BEVERAGES,2456.0
2017-08-12,39,BEVERAGES,2869.0
2017-08-13,39,BEVERAGES,4244.0
2017-08-14,39,BEVERAGES,4419.0
2017-08-15,39,BEVERAGES,2875.0
2017-08-02,39,BOOKS,0.0
2017-08-03,39,BOOKS,0.0
2017-08-04,39,BOOKS,0.0
2017-08-05,39,BOOKS,0.0
2017-08-06,39,BOOKS,0.0
2017-08-07,39,BOOKS,0.0
2017-08-08,39,BOOKS,0.0
2017-08-09,39,BOOKS,0.0
2017-08-10,39,BOOKS,0.0
2017-08-11,39,BOOKS,0.0
2017-08-12,39,BOOKS,0.0
2017-08-13,39,BOOKS,0.0
2017-08-14,39,BOOKS,0.0
2017-08-15,39,BOOKS,0.0
2017-08-02,39,BREAD/BAKERY,678.0
2017-08-03,39,BREAD/BAKERY,607.0
2017-08-04,39,BREAD/BAKERY,656.0
2017-08-05,39,BREAD/BAKERY,813.0
2017-08-06,39,BREAD/BAKERY,835.0
2017-08-07,39,BREAD/BAKERY,667.0
2017-08-08,39,BREAD/BAKERY,654.0
2017-08-09,39,BREAD/BAKERY,671.0
2017-08-10,39,BREAD/BAKERY,644.0
2017-08-11,39,BREAD/BAKERY,567.0
2017-08-12,39,BREAD/BAKERY,577.0
2017-08-13,39,BREAD/BAKERY,678.0
2017-08-14,39,BREAD/BAKERY,728.0
2017-08-15,39,BREAD/BAKERY,639.0
2017-08-02,39,CELEBRATION,10.0
2017-08-03,39,CELEBRATION,6.0
2017-08-04,39,CELEBRATION,3.0
2017-08-05,39,CELEBRATION,7.0
2017-08-06,39,CELEBRATION,6.0
2017-08-07,39,CELEBRATION,2.0
2017-08-08,39,CELEBRATION,4.0
2017-08-09,39,CELEBRATION,5.0
2017-08-10,39,CELEBRATION,7.0
2017-08-11,39,CELEBRATION,3.0
2017-08-12,39,CELEBRATION,9.0
2017-08-13,39,CELEBRATION,6.0
2017-08-14,39,CELEBRATION,3.0
2017-08-15,39,CELEBRATION,5.0
2017-08-02,39,CLEANING,6263.0
2017-08-03,39,CLEANING,2930.0
2017-08-04,39,CLEANING,1488.0
2017-08-05,39,CLEANING,1717.0
2017-08-06,39,CLEANING,1538.0
2017-08-07,39,CLEANING,1448.0
2017-08-08,39,CLEANING,1328.0
2017-08-09,39,CLEANING,1024.0
2017-08-10,39,CLEANING,1081.0
2017-08-11,39,CLEANING,1032.0
2017-08-12,39,CLEANING,1169.0
2017-08-13,39,CLEANING,1730.0
2017-08-14,39,CLEANING,1619.0
2017-08-15,39,CLEANING,1256.0
2017-08-02,39,DAIRY,700.0
2017-08-03,39,DAIRY,631.0
2017-08-04,39,DAIRY,646.0
2017-08-05,39,DAIRY,724.0
2017-08-06,39,DAIRY,762.0
2017-08-07,39,DAIRY,576.0
2017-08-08,39,DAIRY,732.0
2017-08-09,39,DAIRY,611.0
2017-08-10,39,DAIRY,475.0
2017-08-11,39,DAIRY,507.0
2017-08-12,39,DAIRY,517.0
2017-08-13,39,DAIRY,558.0
2017-08-14,39,DAIRY,650.0
2017-08-15,39,DAIRY,618.0
2017-08-02,39,DELI,197.263
2017-08-03,39,DELI,137.917
2017-08-04,39,DELI,207.284
2017-08-05,39,DELI,261.923
2017-08-06,39,DELI,201.271
2017-08-07,39,DELI,209.475
2017-08-08,39,DELI,195.7
2017-08-09,39,DELI,174.727
2017-08-10,39,DELI,142.395
2017-08-11,39,DELI,149.659
2017-08-12,39,DELI,166.618
2017-08-13,39,DELI,177.358
2017-08-14,39,DELI,199.644
2017-08-15,39,DELI,204.459
2017-08-02,39,EGGS,185.0
2017-08-03,39,EGGS,278.0
2017-08-04,39,EGGS,255.0
2017-08-05,39,EGGS,420.0
2017-08-06,39,EGGS,366.0
2017-08-07,39,EGGS,1792.0
2017-08-08,39,EGGS,309.0
2017-08-09,39,EGGS,201.0
2017-08-10,39,EGGS,320.0
2017-08-11,39,EGGS,150.0
2017-08-12,39,EGGS,149.0
2017-08-13,39,EGGS,108.0
2017-08-14,39,EGGS,1540.0
2017-08-15,39,EGGS,391.0
2017-08-02,39,FROZEN FOODS,59.0
2017-08-03,39,FROZEN FOODS,63.0
2017-08-04,39,FROZEN FOODS,98.0
2017-08-05,39,FROZEN FOODS,123.0
2017-08-06,39,FROZEN FOODS,79.0
2017-08-07,39,FROZEN FOODS,55.0
2017-08-08,39,FROZEN FOODS,72.0
2017-08-09,39,FROZEN FOODS,85.0
2017-08-10,39,FROZEN FOODS,43.0
2017-08-11,39,FROZEN FOODS,35.0
2017-08-12,39,FROZEN FOODS,108.0
2017-08-13,39,FROZEN FOODS,72.0
2017-08-14,39,FROZEN FOODS,57.0
2017-08-15,39,FROZEN FOODS,61.79
2017-08-02,39,GROCERY I,5516.898
2017-08-03,39,GROCERY I,5038.016
2017-08-04,39,GROCERY I,6486.227
2017-08-05,39,GROCERY I,7054.469
2017-08-06,39,GROCERY I,6337.391
2017-08-07,39,GROCERY I,5563.125
2017-08-08,39,GROCERY I,6052.422
2017-08-09,39,GROCERY I,4745.984
2017-08-10,39,GROCERY I,5442.25
2017-08-11,39,GROCERY I,3841.18
2017-08-12,39,GROCERY I,4344.18
2017-08-13,39,GROCERY I,4392.07
2017-08-14,39,GROCERY I,5761.375
2017-08-15,39,GROCERY I,4887.172
2017-08-02,39,GROCERY II,31.0
2017-08-03,39,GROCERY II,19.0
2017-08-04,39,GROCERY II,31.0
2017-08-05,39,GROCERY II,36.0
2017-08-06,39,GROCERY II,45.0
2017-08-07,39,GROCERY II,75.0
2017-08-08,39,GROCERY II,26.0
2017-08-09,39,GROCERY II,21.0
2017-08-10,39,GROCERY II,28.0
2017-08-11,39,GROCERY II,21.0
2017-08-12,39,GROCERY II,34.0
2017-08-13,39,GROCERY II,24.0
2017-08-14,39,GROCERY II,37.0
2017-08-15,39,GROCERY II,36.0
2017-08-02,39,HARDWARE,3.0
2017-08-03,39,HARDWARE,1.0
2017-08-04,39,HARDWARE,0.0
2017-08-05,39,HARDWARE,4.0
2017-08-06,39,HARDWARE,7.0
2017-08-07,39,HARDWARE,4.0
2017-08-08,39,HARDWARE,0.0
2017-08-09,39,HARDWARE,1.0
2017-08-10,39,HARDWARE,1.0
2017-08-11,39,HARDWARE,0.0
2017-08-12,39,HARDWARE,2.0
2017-08-13,39,HARDWARE,3.0
2017-08-14,39,HARDWARE,0.0
2017-08-15,39,HARDWARE,1.0
2017-08-02,39,HOME AND KITCHEN I,20.0
2017-08-03,39,HOME AND KITCHEN I,29.0
2017-08-04,39,HOME AND KITCHEN I,20.0
2017-08-05,39,HOME AND KITCHEN I,32.0
2017-08-06,39,HOME AND KITCHEN I,14.0
2017-08-07,39,HOME AND KITCHEN I,15.0
2017-08-08,39,HOME AND KITCHEN I,25.0
2017-08-09,39,HOME AND KITCHEN I,37.0
2017-08-10,39,HOME AND KITCHEN I,26.0
2017-08-11,39,HOME AND KITCHEN I,14.0
2017-08-12,39,HOME AND KITCHEN I,14.0
2017-08-13,39,HOME AND KITCHEN I,34.0
2017-08-14,39,HOME AND KITCHEN I,32.0
2017-08-15,39,HOME AND KITCHEN I,39.0
2017-08-02,39,HOME AND KITCHEN II,21.0
2017-08-03,39,HOME AND KITCHEN II,14.0
2017-08-04,39,HOME AND KITCHEN II,12.0
2017-08-05,39,HOME AND KITCHEN II,20.0
2017-08-06,39,HOME AND KITCHEN II,31.0
2017-08-07,39,HOME AND KITCHEN II,27.0
2017-08-08,39,HOME AND KITCHEN II,30.0
2017-08-09,39,HOME AND KITCHEN II,26.0
2017-08-10,39,HOME AND KITCHEN II,13.0
2017-08-11,39,HOME AND KITCHEN II,15.0
2017-08-12,39,HOME AND KITCHEN II,13.0
2017-08-13,39,HOME AND KITCHEN II,13.0
2017-08-14,39,HOME AND KITCHEN II,12.0
2017-08-15,39,HOME AND KITCHEN II,16.0
2017-08-02,39,HOME APPLIANCES,0.0
2017-08-03,39,HOME APPLIANCES,0.0
2017-08-04,39,HOME APPLIANCES,0.0
2017-08-05,39,HOME APPLIANCES,0.0
2017-08-06,39,HOME APPLIANCES,1.0
2017-08-07,39,HOME APPLIANCES,0.0
2017-08-08,39,HOME APPLIANCES,0.0
2017-08-09,39,HOME APPLIANCES,0.0
2017-08-10,39,HOME APPLIANCES,0.0
2017-08-11,39,HOME APPLIANCES,0.0
2017-08-12,39,HOME APPLIANCES,0.0
2017-08-13,39,HOME APPLIANCES,0.0
2017-08-14,39,HOME APPLIANCES,0.0
2017-08-15,39,HOME APPLIANCES,0.0
2017-08-02,39,HOME CARE,356.0
2017-08-03,39,HOME CARE,318.0
2017-08-04,39,HOME CARE,329.0
2017-08-05,39,HOME CARE,524.0
2017-08-06,39,HOME CARE,397.0
2017-08-07,39,HOME CARE,485.0
2017-08-08,39,HOME CARE,604.0
2017-08-09,39,HOME CARE,293.0
2017-08-10,39,HOME CARE,321.0
2017-08-11,39,HOME CARE,275.0
2017-08-12,39,HOME CARE,269.0
2017-08-13,39,HOME CARE,336.0
2017-08-14,39,HOME CARE,343.0
2017-08-15,39,HOME CARE,359.0
2017-08-02,39,LADIESWEAR,2.0
2017-08-03,39,LADIESWEAR,2.0
2017-08-04,39,LADIESWEAR,2.0
2017-08-05,39,LADIESWEAR,13.0
2017-08-06,39,LADIESWEAR,10.0
2017-08-07,39,LADIESWEAR,1.0
2017-08-08,39,LADIESWEAR,6.0
2017-08-09,39,LADIESWEAR,0.0
2017-08-10,39,LADIESWEAR,7.0
2017-08-11,39,LADIESWEAR,3.0
2017-08-12,39,LADIESWEAR,10.0
2017-08-13,39,LADIESWEAR,7.0
2017-08-14,39,LADIESWEAR,5.0
2017-08-15,39,LADIESWEAR,6.0
2017-08-02,39,LAWN AND GARDEN,9.0
2017-08-03,39,LAWN AND GARDEN,15.0
2017-08-04,39,LAWN AND GARDEN,25.0
2017-08-05,39,LAWN AND GARDEN,13.0
2017-08-06,39,LAWN AND GARDEN,14.0
2017-08-07,39,LAWN AND GARDEN,14.0
2017-08-08,39,LAWN AND GARDEN,18.0
2017-08-09,39,LAWN AND GARDEN,25.0
2017-08-10,39,LAWN AND GARDEN,14.0
2017-08-11,39,LAWN AND GARDEN,11.0
2017-08-12,39,LAWN AND GARDEN,11.0
2017-08-13,39,LAWN AND GARDEN,9.0
2017-08-14,39,LAWN AND GARDEN,11.0
2017-08-15,39,LAWN AND GARDEN,15.0
2017-08-02,39,LINGERIE,7.0
2017-08-03,39,LINGERIE,9.0
2017-08-04,39,LINGERIE,38.0
2017-08-05,39,LINGERIE,14.0
2017-08-06,39,LINGERIE,5.0
2017-08-07,39,LINGERIE,17.0
2017-08-08,39,LINGERIE,10.0
2017-08-09,39,LINGERIE,13.0
2017-08-10,39,LINGERIE,7.0
2017-08-11,39,LINGERIE,7.0
2017-08-12,39,LINGERIE,5.0
2017-08-13,39,LINGERIE,3.0
2017-08-14,39,LINGERIE,2.0
2017-08-15,39,LINGERIE,8.0
2017-08-02,39,"LIQUOR,WINE,BEER",56.0
2017-08-03,39,"LIQUOR,WINE,BEER",36.0
2017-08-04,39,"LIQUOR,WINE,BEER",69.0
2017-08-05,39,"LIQUOR,WINE,BEER",107.0
2017-08-06,39,"LIQUOR,WINE,BEER",55.0
2017-08-07,39,"LIQUOR,WINE,BEER",20.0
2017-08-08,39,"LIQUOR,WINE,BEER",32.0
2017-08-09,39,"LIQUOR,WINE,BEER",37.0
2017-08-10,39,"LIQUOR,WINE,BEER",67.0
2017-08-11,39,"LIQUOR,WINE,BEER",75.0
2017-08-12,39,"LIQUOR,WINE,BEER",94.0
2017-08-13,39,"LIQUOR,WINE,BEER",25.0
2017-08-14,39,"LIQUOR,WINE,BEER",47.0
2017-08-15,39,"LIQUOR,WINE,BEER",74.0
2017-08-02,39,MAGAZINES,2.0
2017-08-03,39,MAGAZINES,0.0
2017-08-04,39,MAGAZINES,3.0
2017-08-05,39,MAGAZINES,1.0
2017-08-06,39,MAGAZINES,1.0
2017-08-07,39,MAGAZINES,4.0
2017-08-08,39,MAGAZINES,0.0
2017-08-09,39,MAGAZINES,7.0
2017-08-10,39,MAGAZINES,4.0
2017-08-11,39,MAGAZINES,5.0
2017-08-12,39,MAGAZINES,7.0
2017-08-13,39,MAGAZINES,8.0
2017-08-14,39,MAGAZINES,10.0
2017-08-15,39,MAGAZINES,9.0
2017-08-02,39,MEATS,191.08
2017-08-03,39,MEATS,254.287
2017-08-04,39,MEATS,136.666
2017-08-05,39,MEATS,224.03
2017-08-06,39,MEATS,153.528
2017-08-07,39,MEATS,166.331
2017-08-08,39,MEATS,188.902
2017-08-09,39,MEATS,147.709
2017-08-10,39,MEATS,214.003
2017-08-11,39,MEATS,185.528
2017-08-12,39,MEATS,137.162
2017-08-13,39,MEATS,68.965004
2017-08-14,39,MEATS,168.458
2017-08-15,39,MEATS,178.75099
2017-08-02,39,PERSONAL CARE,364.0
2017-08-03,39,PERSONAL CARE,329.0
2017-08-04,39,PERSONAL CARE,337.0
2017-08-05,39,PERSONAL CARE,441.0
2017-08-06,39,PERSONAL CARE,410.0
2017-08-07,39,PERSONAL CARE,335.0
2017-08-08,39,PERSONAL CARE,268.0
2017-08-09,39,PERSONAL CARE,271.0
2017-08-10,39,PERSONAL CARE,251.0
2017-08-11,39,PERSONAL CARE,224.0
2017-08-12,39,PERSONAL CARE,198.0
2017-08-13,39,PERSONAL CARE,280.0
2017-08-14,39,PERSONAL CARE,335.0
2017-08-15,39,PERSONAL CARE,321.0
2017-08-02,39,PET SUPPLIES,2.0
2017-08-03,39,PET SUPPLIES,13.0
2017-08-04,39,PET SUPPLIES,6.0
2017-08-05,39,PET SUPPLIES,10.0
2017-08-06,39,PET SUPPLIES,11.0
2017-08-07,39,PET SUPPLIES,8.0
2017-08-08,39,PET SUPPLIES,6.0
2017-08-09,39,PET SUPPLIES,7.0
2017-08-10,39,PET SUPPLIES,6.0
2017-08-11,39,PET SUPPLIES,7.0
2017-08-12,39,PET SUPPLIES,8.0
2017-08-13,39,PET SUPPLIES,6.0
2017-08-14,39,PET SUPPLIES,6.0
2017-08-15,39,PET SUPPLIES,6.0
2017-08-02,39,PLAYERS AND ELECTRONICS,8.0
2017-08-03,39,PLAYERS AND ELECTRONICS,5.0
2017-08-04,39,PLAYERS AND ELECTRONICS,14.0
2017-08-05,39,PLAYERS AND ELECTRONICS,15.0
2017-08-06,39,PLAYERS AND ELECTRONICS,11.0
2017-08-07,39,PLAYERS AND ELECTRONICS,6.0
2017-08-08,39,PLAYERS AND ELECTRONICS,17.0
2017-08-09,39,PLAYERS AND ELECTRONICS,9.0
2017-08-10,39,PLAYERS AND ELECTRONICS,16.0
2017-08-11,39,PLAYERS AND ELECTRONICS,19.0
2017-08-12,39,PLAYERS AND ELECTRONICS,6.0
2017-08-13,39,PLAYERS AND ELECTRONICS,8.0
2017-08-14,39,PLAYERS AND ELECTRONICS,2.0
2017-08-15,39,PLAYERS AND ELECTRONICS,5.0
2017-08-02,39,POULTRY,205.228
2017-08-03,39,POULTRY,228.09999
2017-08-04,39,POULTRY,316.666
2017-08-05,39,POULTRY,331.423
2017-08-06,39,POULTRY,253.101
2017-08-07,39,POULTRY,207.243
2017-08-08,39,POULTRY,213.112
2017-08-09,39,POULTRY,187.646
2017-08-10,39,POULTRY,232.954
2017-08-11,39,POULTRY,328.275
2017-08-12,39,POULTRY,237.62
2017-08-13,39,POULTRY,160.18001
2017-08-14,39,POULTRY,191.08
2017-08-15,39,POULTRY,175.668
2017-08-02,39,PREPARED FOODS,71.064
2017-08-03,39,PREPARED FOODS,49.069
2017-08-04,39,PREPARED FOODS,58.285
2017-08-05,39,PREPARED FOODS,52.015
2017-08-06,39,PREPARED FOODS,52.409
2017-08-07,39,PREPARED FOODS,47.286
2017-08-08,39,PREPARED FOODS,61.937
2017-08-09,39,PREPARED FOODS,47.427002
2017-08-10,39,PREPARED FOODS,33.804
2017-08-11,39,PREPARED FOODS,74.094
2017-08-12,39,PREPARED FOODS,57.121002
2017-08-13,39,PREPARED FOODS,41.238
2017-08-14,39,PREPARED FOODS,50.879
2017-08-15,39,PREPARED FOODS,44.0
2017-08-02,39,PRODUCE,1575.249
2017-08-03,39,PRODUCE,1329.928
2017-08-04,39,PRODUCE,1560.813
2017-08-05,39,PRODUCE,1780.024
2017-08-06,39,PRODUCE,1684.013
2017-08-07,39,PRODUCE,1420.583
2017-08-08,39,PRODUCE,2600.935
2017-08-09,39,PRODUCE,1492.18
2017-08-10,39,PRODUCE,1152.492
2017-08-11,39,PRODUCE,1359.288
2017-08-12,39,PRODUCE,1242.285
2017-08-13,39,PRODUCE,1251.286
2017-08-14,39,PRODUCE,1649.192
2017-08-15,39,PRODUCE,2748.888
2017-08-02,39,SCHOOL AND OFFICE SUPPLIES,3.0
2017-08-03,39,SCHOOL AND OFFICE SUPPLIES,7.0
2017-08-04,39,SCHOOL AND OFFICE SUPPLIES,6.0
2017-08-05,39,SCHOOL AND OFFICE SUPPLIES,5.0
2017-08-06,39,SCHOOL AND OFFICE SUPPLIES,4.0
2017-08-07,39,SCHOOL AND OFFICE SUPPLIES,3.0
2017-08-08,39,SCHOOL AND OFFICE SUPPLIES,4.0
2017-08-09,39,SCHOOL AND OFFICE SUPPLIES,6.0
2017-08-10,39,SCHOOL AND OFFICE SUPPLIES,15.0
2017-08-11,39,SCHOOL AND OFFICE SUPPLIES,11.0
2017-08-12,39,SCHOOL AND OFFICE SUPPLIES,4.0
2017-08-13,39,SCHOOL AND OFFICE SUPPLIES,14.0
2017-08-14,39,SCHOOL AND OFFICE SUPPLIES,13.0
2017-08-15,39,SCHOOL AND OFFICE SUPPLIES,6.0
2017-08-02,39,SEAFOOD,13.0
2017-08-03,39,SEAFOOD,15.0
2017-08-04,39,SEAFOOD,20.0
2017-08-05,39,SEAFOOD,24.131
2017-08-06,39,SEAFOOD,16.923
2017-08-07,39,SEAFOOD,15.02
2017-08-08,39,SEAFOOD,7.054
2017-08-09,39,SEAFOOD,16.365
2017-08-10,39,SEAFOOD,10.0
2017-08-11,39,SEAFOOD,17.0
2017-08-12,39,SEAFOOD,16.0
2017-08-13,39,SEAFOOD,12.0
2017-08-14,39,SEAFOOD,9.238
2017-08-15,39,SEAFOOD,14.92
2017-08-02,40,AUTOMOTIVE,4.0
2017-08-03,40,AUTOMOTIVE,3.0
2017-08-04,40,AUTOMOTIVE,7.0
2017-08-05,40,AUTOMOTIVE,8.0
2017-08-06,40,AUTOMOTIVE,4.0
2017-08-07,40,AUTOMOTIVE,4.0
2017-08-08,40,AUTOMOTIVE,3.0
2017-08-09,40,AUTOMOTIVE,2.0
2017-08-10,40,AUTOMOTIVE,4.0
2017-08-11,40,AUTOMOTIVE,2.0
2017-08-12,40,AUTOMOTIVE,1.0
2017-08-13,40,AUTOMOTIVE,1.0
2017-08-14,40,AUTOMOTIVE,0.0
2017-08-15,40,AUTOMOTIVE,5.0
2017-08-02,40,BABY CARE,0.0
2017-08-03,40,BABY CARE,0.0
2017-08-04,40,BABY CARE,0.0
2017-08-05,40,BABY CARE,0.0
2017-08-06,40,BABY CARE,0.0
2017-08-07,40,BABY CARE,0.0
2017-08-08,40,BABY CARE,0.0
2017-08-09,40,BABY CARE,0.0
2017-08-10,40,BABY CARE,0.0
2017-08-11,40,BABY CARE,0.0
2017-08-12,40,BABY CARE,0.0
2017-08-13,40,BABY CARE,0.0
2017-08-14,40,BABY CARE,0.0
2017-08-15,40,BABY CARE,0.0
2017-08-02,40,BEAUTY,5.0
2017-08-03,40,BEAUTY,2.0
2017-08-04,40,BEAUTY,3.0
2017-08-05,40,BEAUTY,7.0
2017-08-06,40,BEAUTY,4.0
2017-08-07,40,BEAUTY,2.0
2017-08-08,40,BEAUTY,4.0
2017-08-09,40,BEAUTY,1.0
2017-08-10,40,BEAUTY,6.0
2017-08-11,40,BEAUTY,0.0
2017-08-12,40,BEAUTY,6.0
2017-08-13,40,BEAUTY,2.0
2017-08-14,40,BEAUTY,2.0
2017-08-15,40,BEAUTY,1.0
2017-08-02,40,BEVERAGES,5640.0
2017-08-03,40,BEVERAGES,3741.0
2017-08-04,40,BEVERAGES,8272.0
2017-08-05,40,BEVERAGES,5582.0
2017-08-06,40,BEVERAGES,6026.0
2017-08-07,40,BEVERAGES,4775.0
2017-08-08,40,BEVERAGES,4050.0
2017-08-09,40,BEVERAGES,4192.0
2017-08-10,40,BEVERAGES,5716.0
2017-08-11,40,BEVERAGES,5682.0
2017-08-12,40,BEVERAGES,4682.0
2017-08-13,40,BEVERAGES,3597.0
2017-08-14,40,BEVERAGES,6386.0
2017-08-15,40,BEVERAGES,6845.0
2017-08-02,40,BOOKS,0.0
2017-08-03,40,BOOKS,0.0
2017-08-04,40,BOOKS,0.0
2017-08-05,40,BOOKS,0.0
2017-08-06,40,BOOKS,0.0
2017-08-07,40,BOOKS,0.0
2017-08-08,40,BOOKS,0.0
2017-08-09,40,BOOKS,0.0
2017-08-10,40,BOOKS,0.0
2017-08-11,40,BOOKS,0.0
2017-08-12,40,BOOKS,0.0
2017-08-13,40,BOOKS,0.0
2017-08-14,40,BOOKS,0.0
2017-08-15,40,BOOKS,0.0
2017-08-02,40,BREAD/BAKERY,467.0
2017-08-03,40,BREAD/BAKERY,380.0
2017-08-04,40,BREAD/BAKERY,428.0
2017-08-05,40,BREAD/BAKERY,539.0
2017-08-06,40,BREAD/BAKERY,583.0
2017-08-07,40,BREAD/BAKERY,457.0
2017-08-08,40,BREAD/BAKERY,536.0
2017-08-09,40,BREAD/BAKERY,440.0
2017-08-10,40,BREAD/BAKERY,352.0
2017-08-11,40,BREAD/BAKERY,326.0
2017-08-12,40,BREAD/BAKERY,412.0
2017-08-13,40,BREAD/BAKERY,519.0
2017-08-14,40,BREAD/BAKERY,529.0
2017-08-15,40,BREAD/BAKERY,475.0
2017-08-02,40,CELEBRATION,4.0
2017-08-03,40,CELEBRATION,4.0
2017-08-04,40,CELEBRATION,3.0
2017-08-05,40,CELEBRATION,18.0
2017-08-06,40,CELEBRATION,4.0
2017-08-07,40,CELEBRATION,4.0
2017-08-08,40,CELEBRATION,5.0
2017-08-09,40,CELEBRATION,28.0
2017-08-10,40,CELEBRATION,10.0
2017-08-11,40,CELEBRATION,26.0
2017-08-12,40,CELEBRATION,26.0
2017-08-13,40,CELEBRATION,3.0
2017-08-14,40,CELEBRATION,4.0
2017-08-15,40,CELEBRATION,5.0
2017-08-02,40,CLEANING,2292.0
2017-08-03,40,CLEANING,1412.0
2017-08-04,40,CLEANING,1618.0
2017-08-05,40,CLEANING,2046.0
2017-08-06,40,CLEANING,1657.0
2017-08-07,40,CLEANING,1555.0
2017-08-08,40,CLEANING,1504.0
2017-08-09,40,CLEANING,1174.0
2017-08-10,40,CLEANING,1030.0
2017-08-11,40,CLEANING,1250.0
2017-08-12,40,CLEANING,2402.0
2017-08-13,40,CLEANING,1237.0
2017-08-14,40,CLEANING,1626.0
2017-08-15,40,CLEANING,3112.0
2017-08-02,40,DAIRY,1032.0
2017-08-03,40,DAIRY,507.0
2017-08-04,40,DAIRY,513.0
2017-08-05,40,DAIRY,713.0
2017-08-06,40,DAIRY,723.0
2017-08-07,40,DAIRY,735.0
2017-08-08,40,DAIRY,641.0
2017-08-09,40,DAIRY,966.0
2017-08-10,40,DAIRY,474.0
2017-08-11,40,DAIRY,424.0
2017-08-12,40,DAIRY,585.0
2017-08-13,40,DAIRY,651.0
2017-08-14,40,DAIRY,730.0
2017-08-15,40,DAIRY,604.0
2017-08-02,40,DELI,240.0
2017-08-03,40,DELI,200.0
2017-08-04,40,DELI,350.0
2017-08-05,40,DELI,277.0
2017-08-06,40,DELI,314.0
2017-08-07,40,DELI,308.0
2017-08-08,40,DELI,283.0
2017-08-09,40,DELI,280.0
2017-08-10,40,DELI,206.0
2017-08-11,40,DELI,297.0
2017-08-12,40,DELI,256.0
2017-08-13,40,DELI,254.0
2017-08-14,40,DELI,262.0
2017-08-15,40,DELI,267.0
2017-08-02,40,EGGS,211.0
2017-08-03,40,EGGS,111.0
2017-08-04,40,EGGS,142.0
2017-08-05,40,EGGS,151.0
2017-08-06,40,EGGS,177.0
2017-08-07,40,EGGS,277.0
2017-08-08,40,EGGS,216.0
2017-08-09,40,EGGS,167.0
2017-08-10,40,EGGS,178.0
2017-08-11,40,EGGS,129.0
2017-08-12,40,EGGS,199.0
2017-08-13,40,EGGS,227.0
2017-08-14,40,EGGS,262.0
2017-08-15,40,EGGS,166.0
2017-08-02,40,FROZEN FOODS,26.0
2017-08-03,40,FROZEN FOODS,31.0
2017-08-04,40,FROZEN FOODS,30.0
2017-08-05,40,FROZEN FOODS,98.997
2017-08-06,40,FROZEN FOODS,54.0
2017-08-07,40,FROZEN FOODS,43.667
2017-08-08,40,FROZEN FOODS,84.264
2017-08-09,40,FROZEN FOODS,70.462
2017-08-10,40,FROZEN FOODS,72.514
2017-08-11,40,FROZEN FOODS,97.969
2017-08-12,40,FROZEN FOODS,103.808
2017-08-13,40,FROZEN FOODS,53.81
2017-08-14,40,FROZEN FOODS,49.0
2017-08-15,40,FROZEN FOODS,77.916
2017-08-02,40,GROCERY I,6877.0
2017-08-03,40,GROCERY I,5283.0
2017-08-04,40,GROCERY I,5464.0
2017-08-05,40,GROCERY I,6938.0
2017-08-06,40,GROCERY I,6761.0
2017-08-07,40,GROCERY I,7241.0
2017-08-08,40,GROCERY I,5497.0
2017-08-09,40,GROCERY I,4848.0
2017-08-10,40,GROCERY I,5481.0
2017-08-11,40,GROCERY I,6948.0
2017-08-12,40,GROCERY I,10739.0
2017-08-13,40,GROCERY I,5364.0
2017-08-14,40,GROCERY I,6319.0
2017-08-15,40,GROCERY I,4793.0
2017-08-02,40,GROCERY II,11.0
2017-08-03,40,GROCERY II,2.0
2017-08-04,40,GROCERY II,14.0
2017-08-05,40,GROCERY II,34.0
2017-08-06,40,GROCERY II,13.0
2017-08-07,40,GROCERY II,7.0
2017-08-08,40,GROCERY II,6.0
2017-08-09,40,GROCERY II,7.0
2017-08-10,40,GROCERY II,19.0
2017-08-11,40,GROCERY II,10.0
2017-08-12,40,GROCERY II,12.0
2017-08-13,40,GROCERY II,8.0
2017-08-14,40,GROCERY II,8.0
2017-08-15,40,GROCERY II,4.0
2017-08-02,40,HARDWARE,11.0
2017-08-03,40,HARDWARE,2.0
2017-08-04,40,HARDWARE,3.0
2017-08-05,40,HARDWARE,1.0
2017-08-06,40,HARDWARE,4.0
2017-08-07,40,HARDWARE,1.0
2017-08-08,40,HARDWARE,3.0
2017-08-09,40,HARDWARE,1.0
2017-08-10,40,HARDWARE,0.0
2017-08-11,40,HARDWARE,3.0
2017-08-12,40,HARDWARE,2.0
2017-08-13,40,HARDWARE,2.0
2017-08-14,40,HARDWARE,5.0
2017-08-15,40,HARDWARE,2.0
2017-08-02,40,HOME AND KITCHEN I,32.0
2017-08-03,40,HOME AND KITCHEN I,24.0
2017-08-04,40,HOME AND KITCHEN I,11.0
2017-08-05,40,HOME AND KITCHEN I,38.0
2017-08-06,40,HOME AND KITCHEN I,47.0
2017-08-07,40,HOME AND KITCHEN I,37.0
2017-08-08,40,HOME AND KITCHEN I,32.0
2017-08-09,40,HOME AND KITCHEN I,28.0
2017-08-10,40,HOME AND KITCHEN I,30.0
2017-08-11,40,HOME AND KITCHEN I,33.0
2017-08-12,40,HOME AND KITCHEN I,44.0
2017-08-13,40,HOME AND KITCHEN I,16.0
2017-08-14,40,HOME AND KITCHEN I,22.0
2017-08-15,40,HOME AND KITCHEN I,29.0
2017-08-02,40,HOME AND KITCHEN II,28.0
2017-08-03,40,HOME AND KITCHEN II,13.0
2017-08-04,40,HOME AND KITCHEN II,21.0
2017-08-05,40,HOME AND KITCHEN II,20.0
2017-08-06,40,HOME AND KITCHEN II,23.0
2017-08-07,40,HOME AND KITCHEN II,25.0
2017-08-08,40,HOME AND KITCHEN II,25.0
2017-08-09,40,HOME AND KITCHEN II,24.0
2017-08-10,40,HOME AND KITCHEN II,23.0
2017-08-11,40,HOME AND KITCHEN II,17.0
2017-08-12,40,HOME AND KITCHEN II,26.0
2017-08-13,40,HOME AND KITCHEN II,25.0
2017-08-14,40,HOME AND KITCHEN II,29.0
2017-08-15,40,HOME AND KITCHEN II,21.0
2017-08-02,40,HOME APPLIANCES,0.0
2017-08-03,40,HOME APPLIANCES,0.0
2017-08-04,40,HOME APPLIANCES,0.0
2017-08-05,40,HOME APPLIANCES,1.0
2017-08-06,40,HOME APPLIANCES,0.0
2017-08-07,40,HOME APPLIANCES,1.0
2017-08-08,40,HOME APPLIANCES,0.0
2017-08-09,40,HOME APPLIANCES,0.0
2017-08-10,40,HOME APPLIANCES,0.0
2017-08-11,40,HOME APPLIANCES,0.0
2017-08-12,40,HOME APPLIANCES,0.0
2017-08-13,40,HOME APPLIANCES,0.0
2017-08-14,40,HOME APPLIANCES,0.0
2017-08-15,40,HOME APPLIANCES,0.0
2017-08-02,40,HOME CARE,918.0
2017-08-03,40,HOME CARE,351.0
2017-08-04,40,HOME CARE,295.0
2017-08-05,40,HOME CARE,446.0
2017-08-06,40,HOME CARE,365.0
2017-08-07,40,HOME CARE,410.0
2017-08-08,40,HOME CARE,405.0
2017-08-09,40,HOME CARE,275.0
2017-08-10,40,HOME CARE,587.0
2017-08-11,40,HOME CARE,260.0
2017-08-12,40,HOME CARE,329.0
2017-08-13,40,HOME CARE,373.0
2017-08-14,40,HOME CARE,366.0
2017-08-15,40,HOME CARE,311.0
2017-08-02,40,LADIESWEAR,0.0
2017-08-03,40,LADIESWEAR,0.0
2017-08-04,40,LADIESWEAR,0.0
2017-08-05,40,LADIESWEAR,0.0
2017-08-06,40,LADIESWEAR,0.0
2017-08-07,40,LADIESWEAR,0.0
2017-08-08,40,LADIESWEAR,0.0
2017-08-09,40,LADIESWEAR,0.0
2017-08-10,40,LADIESWEAR,0.0
2017-08-11,40,LADIESWEAR,0.0
2017-08-12,40,LADIESWEAR,0.0
2017-08-13,40,LADIESWEAR,0.0
2017-08-14,40,LADIESWEAR,0.0
2017-08-15,40,LADIESWEAR,0.0
2017-08-02,40,LAWN AND GARDEN,0.0
2017-08-03,40,LAWN AND GARDEN,0.0
2017-08-04,40,LAWN AND GARDEN,0.0
2017-08-05,40,LAWN AND GARDEN,1.0
2017-08-06,40,LAWN AND GARDEN,0.0
2017-08-07,40,LAWN AND GARDEN,0.0
2017-08-08,40,LAWN AND GARDEN,0.0
2017-08-09,40,LAWN AND GARDEN,0.0
2017-08-10,40,LAWN AND GARDEN,0.0
2017-08-11,40,LAWN AND GARDEN,0.0
2017-08-12,40,LAWN AND GARDEN,0.0
2017-08-13,40,LAWN AND GARDEN,0.0
2017-08-14,40,LAWN AND GARDEN,1.0
2017-08-15,40,LAWN AND GARDEN,0.0
2017-08-02,40,LINGERIE,13.0
2017-08-03,40,LINGERIE,8.0
2017-08-04,40,LINGERIE,10.0
2017-08-05,40,LINGERIE,15.0
2017-08-06,40,LINGERIE,6.0
2017-08-07,40,LINGERIE,8.0
2017-08-08,40,LINGERIE,8.0
2017-08-09,40,LINGERIE,12.0
2017-08-10,40,LINGERIE,7.0
2017-08-11,40,LINGERIE,7.0
2017-08-12,40,LINGERIE,12.0
2017-08-13,40,LINGERIE,14.0
2017-08-14,40,LINGERIE,10.0
2017-08-15,40,LINGERIE,10.0
2017-08-02,40,"LIQUOR,WINE,BEER",59.0
2017-08-03,40,"LIQUOR,WINE,BEER",78.0
2017-08-04,40,"LIQUOR,WINE,BEER",54.0
2017-08-05,40,"LIQUOR,WINE,BEER",96.0
2017-08-06,40,"LIQUOR,WINE,BEER",20.0
2017-08-07,40,"LIQUOR,WINE,BEER",21.0
2017-08-08,40,"LIQUOR,WINE,BEER",105.0
2017-08-09,40,"LIQUOR,WINE,BEER",21.0
2017-08-10,40,"LIQUOR,WINE,BEER",27.0
2017-08-11,40,"LIQUOR,WINE,BEER",19.0
2017-08-12,40,"LIQUOR,WINE,BEER",58.0
2017-08-13,40,"LIQUOR,WINE,BEER",10.0
2017-08-14,40,"LIQUOR,WINE,BEER",13.0
2017-08-15,40,"LIQUOR,WINE,BEER",26.0
2017-08-02,40,MAGAZINES,1.0
2017-08-03,40,MAGAZINES,0.0
2017-08-04,40,MAGAZINES,4.0
2017-08-05,40,MAGAZINES,2.0
2017-08-06,40,MAGAZINES,2.0
2017-08-07,40,MAGAZINES,3.0
2017-08-08,40,MAGAZINES,1.0
2017-08-09,40,MAGAZINES,0.0
2017-08-10,40,MAGAZINES,1.0
2017-08-11,40,MAGAZINES,2.0
2017-08-12,40,MAGAZINES,4.0
2017-08-13,40,MAGAZINES,4.0
2017-08-14,40,MAGAZINES,4.0
2017-08-15,40,MAGAZINES,3.0
2017-08-02,40,MEATS,154.651
2017-08-03,40,MEATS,168.79199
2017-08-04,40,MEATS,140.582
2017-08-05,40,MEATS,164.253
2017-08-06,40,MEATS,164.25
2017-08-07,40,MEATS,128.794
2017-08-08,40,MEATS,146.442
2017-08-09,40,MEATS,129.781
2017-08-10,40,MEATS,132.837
2017-08-11,40,MEATS,120.254
2017-08-12,40,MEATS,150.813
2017-08-13,40,MEATS,154.804
2017-08-14,40,MEATS,140.987
2017-08-15,40,MEATS,138.198
2017-08-02,40,PERSONAL CARE,657.0
2017-08-03,40,PERSONAL CARE,294.0
2017-08-04,40,PERSONAL CARE,286.0
2017-08-05,40,PERSONAL CARE,353.0
2017-08-06,40,PERSONAL CARE,379.0
2017-08-07,40,PERSONAL CARE,347.0
2017-08-08,40,PERSONAL CARE,316.0
2017-08-09,40,PERSONAL CARE,245.0
2017-08-10,40,PERSONAL CARE,233.0
2017-08-11,40,PERSONAL CARE,254.0
2017-08-12,40,PERSONAL CARE,282.0
2017-08-13,40,PERSONAL CARE,288.0
2017-08-14,40,PERSONAL CARE,325.0
2017-08-15,40,PERSONAL CARE,277.0
2017-08-02,40,PET SUPPLIES,2.0
2017-08-03,40,PET SUPPLIES,7.0
2017-08-04,40,PET SUPPLIES,4.0
2017-08-05,40,PET SUPPLIES,4.0
2017-08-06,40,PET SUPPLIES,5.0
2017-08-07,40,PET SUPPLIES,3.0
2017-08-08,40,PET SUPPLIES,4.0
2017-08-09,40,PET SUPPLIES,4.0
2017-08-10,40,PET SUPPLIES,2.0
2017-08-11,40,PET SUPPLIES,6.0
2017-08-12,40,PET SUPPLIES,4.0
2017-08-13,40,PET SUPPLIES,0.0
2017-08-14,40,PET SUPPLIES,3.0
2017-08-15,40,PET SUPPLIES,4.0
2017-08-02,40,PLAYERS AND ELECTRONICS,5.0
2017-08-03,40,PLAYERS AND ELECTRONICS,15.0
2017-08-04,40,PLAYERS AND ELECTRONICS,14.0
2017-08-05,40,PLAYERS AND ELECTRONICS,10.0
2017-08-06,40,PLAYERS AND ELECTRONICS,13.0
2017-08-07,40,PLAYERS AND ELECTRONICS,13.0
2017-08-08,40,PLAYERS AND ELECTRONICS,23.0
2017-08-09,40,PLAYERS AND ELECTRONICS,8.0
2017-08-10,40,PLAYERS AND ELECTRONICS,5.0
2017-08-11,40,PLAYERS AND ELECTRONICS,7.0
2017-08-12,40,PLAYERS AND ELECTRONICS,17.0
2017-08-13,40,PLAYERS AND ELECTRONICS,16.0
2017-08-14,40,PLAYERS AND ELECTRONICS,9.0
2017-08-15,40,PLAYERS AND ELECTRONICS,9.0
2017-08-02,40,POULTRY,185.535
2017-08-03,40,POULTRY,184.813
2017-08-04,40,POULTRY,250.206
2017-08-05,40,POULTRY,214.369
2017-08-06,40,POULTRY,128.253
2017-08-07,40,POULTRY,168.317
2017-08-08,40,POULTRY,187.287
2017-08-09,40,POULTRY,129.854
2017-08-10,40,POULTRY,183.88
2017-08-11,40,POULTRY,267.397
2017-08-12,40,POULTRY,148.522
2017-08-13,40,POULTRY,148.19
2017-08-14,40,POULTRY,167.93001
2017-08-15,40,POULTRY,126.911
2017-08-02,40,PREPARED FOODS,76.0
2017-08-03,40,PREPARED FOODS,50.0
2017-08-04,40,PREPARED FOODS,52.0
2017-08-05,40,PREPARED FOODS,76.0
2017-08-06,40,PREPARED FOODS,59.0
2017-08-07,40,PREPARED FOODS,60.0
2017-08-08,40,PREPARED FOODS,58.0
2017-08-09,40,PREPARED FOODS,50.0
2017-08-10,40,PREPARED FOODS,41.0
2017-08-11,40,PREPARED FOODS,46.0
2017-08-12,40,PREPARED FOODS,42.0
2017-08-13,40,PREPARED FOODS,62.0
2017-08-14,40,PREPARED FOODS,65.0
2017-08-15,40,PREPARED FOODS,52.0
2017-08-02,40,PRODUCE,1072.628
2017-08-03,40,PRODUCE,859.071
2017-08-04,40,PRODUCE,1108.215
2017-08-05,40,PRODUCE,1085.295
2017-08-06,40,PRODUCE,1022.272
2017-08-07,40,PRODUCE,1408.436
2017-08-08,40,PRODUCE,2167.914
2017-08-09,40,PRODUCE,1012.359
2017-08-10,40,PRODUCE,889.311
2017-08-11,40,PRODUCE,817.628
2017-08-12,40,PRODUCE,1084.6
2017-08-13,40,PRODUCE,1044.284
2017-08-14,40,PRODUCE,1112.523
2017-08-15,40,PRODUCE,2184.91
2017-08-02,40,SCHOOL AND OFFICE SUPPLIES,0.0
2017-08-03,40,SCHOOL AND OFFICE SUPPLIES,0.0
2017-08-04,40,SCHOOL AND OFFICE SUPPLIES,0.0
2017-08-05,40,SCHOOL AND OFFICE SUPPLIES,0.0
2017-08-06,40,SCHOOL AND OFFICE SUPPLIES,0.0
2017-08-07,40,SCHOOL AND OFFICE SUPPLIES,0.0
2017-08-08,40,SCHOOL AND OFFICE SUPPLIES,0.0
2017-08-09,40,SCHOOL AND OFFICE SUPPLIES,0.0
2017-08-10,40,SCHOOL AND OFFICE SUPPLIES,0.0
2017-08-11,40,SCHOOL AND OFFICE SUPPLIES,0.0
2017-08-12,40,SCHOOL AND OFFICE SUPPLIES,0.0
2017-08-13,40,SCHOOL AND OFFICE SUPPLIES,0.0
2017-08-14,40,SCHOOL AND OFFICE SUPPLIES,0.0
2017-08-15,40,SCHOOL AND OFFICE SUPPLIES,0.0
2017-08-02,40,SEAFOOD,0.0
2017-08-03,40,SEAFOOD,2.0
2017-08-04,40,SEAFOOD,1.0
2017-08-05,40,SEAFOOD,7.0
2017-08-06,40,SEAFOOD,6.0
2017-08-07,40,SEAFOOD,8.0
2017-08-08,40,SEAFOOD,0.0
2017-08-09,40,SEAFOOD,12.0
2017-08-10,40,SEAFOOD,4.0
2017-08-11,40,SEAFOOD,3.0
2017-08-12,40,SEAFOOD,9.0
2017-08-13,40,SEAFOOD,2.0
2017-08-14,40,SEAFOOD,11.0
2017-08-15,40,SEAFOOD,4.0
2017-08-02,41,AUTOMOTIVE,17.0
2017-08-03,41,AUTOMOTIVE,5.0
2017-08-04,41,AUTOMOTIVE,11.0
2017-08-05,41,AUTOMOTIVE,14.0
2017-08-06,41,AUTOMOTIVE,14.0
2017-08-07,41,AUTOMOTIVE,7.0
2017-08-08,41,AUTOMOTIVE,6.0
2017-08-09,41,AUTOMOTIVE,5.0
2017-08-10,41,AUTOMOTIVE,4.0
2017-08-11,41,AUTOMOTIVE,10.0
2017-08-12,41,AUTOMOTIVE,8.0
2017-08-13,41,AUTOMOTIVE,8.0
2017-08-14,41,AUTOMOTIVE,5.0
2017-08-15,41,AUTOMOTIVE,8.0
2017-08-02,41,BABY CARE,0.0
2017-08-03,41,BABY CARE,0.0
2017-08-04,41,BABY CARE,0.0
2017-08-05,41,BABY CARE,0.0
2017-08-06,41,BABY CARE,0.0
2017-08-07,41,BABY CARE,0.0
2017-08-08,41,BABY CARE,0.0
2017-08-09,41,BABY CARE,0.0
2017-08-10,41,BABY CARE,0.0
2017-08-11,41,BABY CARE,0.0
2017-08-12,41,BABY CARE,0.0
2017-08-13,41,BABY CARE,0.0
2017-08-14,41,BABY CARE,0.0
2017-08-15,41,BABY CARE,0.0
2017-08-02,41,BEAUTY,9.0
2017-08-03,41,BEAUTY,7.0
2017-08-04,41,BEAUTY,8.0
2017-08-05,41,BEAUTY,6.0
2017-08-06,41,BEAUTY,9.0
2017-08-07,41,BEAUTY,2.0
2017-08-08,41,BEAUTY,12.0
2017-08-09,41,BEAUTY,12.0
2017-08-10,41,BEAUTY,12.0
2017-08-11,41,BEAUTY,17.0
2017-08-12,41,BEAUTY,12.0
2017-08-13,41,BEAUTY,12.0
2017-08-14,41,BEAUTY,11.0
2017-08-15,41,BEAUTY,7.0
2017-08-02,41,BEVERAGES,4794.0
2017-08-03,41,BEVERAGES,1518.0
2017-08-04,41,BEVERAGES,1615.0
2017-08-05,41,BEVERAGES,2559.0
2017-08-06,41,BEVERAGES,3278.0
2017-08-07,41,BEVERAGES,2274.0
2017-08-08,41,BEVERAGES,1587.0
2017-08-09,41,BEVERAGES,1788.0
2017-08-10,41,BEVERAGES,1485.0
2017-08-11,41,BEVERAGES,2298.0
2017-08-12,41,BEVERAGES,2149.0
2017-08-13,41,BEVERAGES,2802.0
2017-08-14,41,BEVERAGES,1849.0
2017-08-15,41,BEVERAGES,1572.0
2017-08-02,41,BOOKS,0.0
2017-08-03,41,BOOKS,0.0
2017-08-04,41,BOOKS,0.0
2017-08-05,41,BOOKS,0.0
2017-08-06,41,BOOKS,0.0
2017-08-07,41,BOOKS,0.0
2017-08-08,41,BOOKS,0.0
2017-08-09,41,BOOKS,0.0
2017-08-10,41,BOOKS,0.0
2017-08-11,41,BOOKS,0.0
2017-08-12,41,BOOKS,0.0
2017-08-13,41,BOOKS,0.0
2017-08-14,41,BOOKS,0.0
2017-08-15,41,BOOKS,0.0
2017-08-02,41,BREAD/BAKERY,519.934
2017-08-03,41,BREAD/BAKERY,385.244
2017-08-04,41,BREAD/BAKERY,381.442
2017-08-05,41,BREAD/BAKERY,588.184
2017-08-06,41,BREAD/BAKERY,857.252
2017-08-07,41,BREAD/BAKERY,506.919
2017-08-08,41,BREAD/BAKERY,412.874
2017-08-09,41,BREAD/BAKERY,485.38
2017-08-10,41,BREAD/BAKERY,396.635
2017-08-11,41,BREAD/BAKERY,515.194
2017-08-12,41,BREAD/BAKERY,538.899
2017-08-13,41,BREAD/BAKERY,635.786
2017-08-14,41,BREAD/BAKERY,429.096
2017-08-15,41,BREAD/BAKERY,417.936
2017-08-02,41,CELEBRATION,13.0
2017-08-03,41,CELEBRATION,11.0
2017-08-04,41,CELEBRATION,24.0
2017-08-05,41,CELEBRATION,24.0
2017-08-06,41,CELEBRATION,11.0
2017-08-07,41,CELEBRATION,5.0
2017-08-08,41,CELEBRATION,15.0
2017-08-09,41,CELEBRATION,6.0
2017-08-10,41,CELEBRATION,19.0
2017-08-11,41,CELEBRATION,12.0
2017-08-12,41,CELEBRATION,15.0
2017-08-13,41,CELEBRATION,7.0
2017-08-14,41,CELEBRATION,12.0
2017-08-15,41,CELEBRATION,5.0
2017-08-02,41,CLEANING,1522.0
2017-08-03,41,CLEANING,831.0
2017-08-04,41,CLEANING,788.0
2017-08-05,41,CLEANING,1195.0
2017-08-06,41,CLEANING,1541.0
2017-08-07,41,CLEANING,986.0
2017-08-08,41,CLEANING,854.0
2017-08-09,41,CLEANING,794.0
2017-08-10,41,CLEANING,703.0
2017-08-11,41,CLEANING,1020.0
2017-08-12,41,CLEANING,890.0
2017-08-13,41,CLEANING,1059.0
2017-08-14,41,CLEANING,806.0
2017-08-15,41,CLEANING,749.0
2017-08-02,41,DAIRY,769.0
2017-08-03,41,DAIRY,635.0
2017-08-04,41,DAIRY,643.0
2017-08-05,41,DAIRY,889.0
2017-08-06,41,DAIRY,1143.0
2017-08-07,41,DAIRY,724.0
2017-08-08,41,DAIRY,565.0
2017-08-09,41,DAIRY,696.0
2017-08-10,41,DAIRY,574.0
2017-08-11,41,DAIRY,771.0
2017-08-12,41,DAIRY,713.0
2017-08-13,41,DAIRY,896.0
2017-08-14,41,DAIRY,725.0
2017-08-15,41,DAIRY,562.0
2017-08-02,41,DELI,253.845
2017-08-03,41,DELI,178.152
2017-08-04,41,DELI,219.54
2017-08-05,41,DELI,234.041
2017-08-06,41,DELI,377.674
2017-08-07,41,DELI,169.376
2017-08-08,41,DELI,180.851
2017-08-09,41,DELI,164.419
2017-08-10,41,DELI,205.926
2017-08-11,41,DELI,267.677
2017-08-12,41,DELI,226.036
2017-08-13,41,DELI,267.471
2017-08-14,41,DELI,161.884
2017-08-15,41,DELI,170.607
2017-08-02,41,EGGS,128.0
2017-08-03,41,EGGS,90.0
2017-08-04,41,EGGS,122.0
2017-08-05,41,EGGS,176.0
2017-08-06,41,EGGS,225.0
2017-08-07,41,EGGS,138.0
2017-08-08,41,EGGS,84.0
2017-08-09,41,EGGS,103.0
2017-08-10,41,EGGS,119.0
2017-08-11,41,EGGS,168.0
2017-08-12,41,EGGS,135.0
2017-08-13,41,EGGS,172.0
2017-08-14,41,EGGS,126.0
2017-08-15,41,EGGS,122.0
2017-08-02,41,FROZEN FOODS,122.608
2017-08-03,41,FROZEN FOODS,141.794
2017-08-04,41,FROZEN FOODS,237.0
2017-08-05,41,FROZEN FOODS,211.0
2017-08-06,41,FROZEN FOODS,152.96
2017-08-07,41,FROZEN FOODS,87.47
2017-08-08,41,FROZEN FOODS,111.925
2017-08-09,41,FROZEN FOODS,119.905
2017-08-10,41,FROZEN FOODS,130.0
2017-08-11,41,FROZEN FOODS,257.935
2017-08-12,41,FROZEN FOODS,271.631
2017-08-13,41,FROZEN FOODS,187.974
2017-08-14,41,FROZEN FOODS,104.0
2017-08-15,41,FROZEN FOODS,69.0
2017-08-02,41,GROCERY I,5044.0
2017-08-03,41,GROCERY I,3257.0
2017-08-04,41,GROCERY I,3067.0
2017-08-05,41,GROCERY I,4832.0
2017-08-06,41,GROCERY I,5608.0
2017-08-07,41,GROCERY I,3578.0
2017-08-08,41,GROCERY I,2946.0
2017-08-09,41,GROCERY I,3449.0
2017-08-10,41,GROCERY I,2632.0
2017-08-11,41,GROCERY I,3970.0
2017-08-12,41,GROCERY I,3631.0
2017-08-13,41,GROCERY I,4188.0
2017-08-14,41,GROCERY I,2974.0
2017-08-15,41,GROCERY I,2987.0
2017-08-02,41,GROCERY II,29.0
2017-08-03,41,GROCERY II,20.0
2017-08-04,41,GROCERY II,33.0
2017-08-05,41,GROCERY II,47.0
2017-08-06,41,GROCERY II,56.0
2017-08-07,41,GROCERY II,52.0
2017-08-08,41,GROCERY II,17.0
2017-08-09,41,GROCERY II,34.0
2017-08-10,41,GROCERY II,23.0
2017-08-11,41,GROCERY II,32.0
2017-08-12,41,GROCERY II,55.0
2017-08-13,41,GROCERY II,53.0
2017-08-14,41,GROCERY II,17.0
2017-08-15,41,GROCERY II,30.0
2017-08-02,41,HARDWARE,2.0
2017-08-03,41,HARDWARE,1.0
2017-08-04,41,HARDWARE,0.0
2017-08-05,41,HARDWARE,1.0
2017-08-06,41,HARDWARE,2.0
2017-08-07,41,HARDWARE,2.0
2017-08-08,41,HARDWARE,1.0
2017-08-09,41,HARDWARE,3.0
2017-08-10,41,HARDWARE,0.0
2017-08-11,41,HARDWARE,1.0
2017-08-12,41,HARDWARE,1.0
2017-08-13,41,HARDWARE,4.0
2017-08-14,41,HARDWARE,2.0
2017-08-15,41,HARDWARE,2.0
2017-08-02,41,HOME AND KITCHEN I,26.0
2017-08-03,41,HOME AND KITCHEN I,18.0
2017-08-04,41,HOME AND KITCHEN I,9.0
2017-08-05,41,HOME AND KITCHEN I,31.0
2017-08-06,41,HOME AND KITCHEN I,39.0
2017-08-07,41,HOME AND KITCHEN I,22.0
2017-08-08,41,HOME AND KITCHEN I,24.0
2017-08-09,41,HOME AND KITCHEN I,19.0
2017-08-10,41,HOME AND KITCHEN I,59.0
2017-08-11,41,HOME AND KITCHEN I,36.0
2017-08-12,41,HOME AND KITCHEN I,25.0
2017-08-13,41,HOME AND KITCHEN I,43.0
2017-08-14,41,HOME AND KITCHEN I,24.0
2017-08-15,41,HOME AND KITCHEN I,31.0
2017-08-02,41,HOME AND KITCHEN II,32.0
2017-08-03,41,HOME AND KITCHEN II,28.0
2017-08-04,41,HOME AND KITCHEN II,18.0
2017-08-05,41,HOME AND KITCHEN II,30.0
2017-08-06,41,HOME AND KITCHEN II,49.0
2017-08-07,41,HOME AND KITCHEN II,22.0
2017-08-08,41,HOME AND KITCHEN II,102.0
2017-08-09,41,HOME AND KITCHEN II,24.0
2017-08-10,41,HOME AND KITCHEN II,17.0
2017-08-11,41,HOME AND KITCHEN II,30.0
2017-08-12,41,HOME AND KITCHEN II,37.0
2017-08-13,41,HOME AND KITCHEN II,47.0
2017-08-14,41,HOME AND KITCHEN II,26.0
2017-08-15,41,HOME AND KITCHEN II,17.0
2017-08-02,41,HOME APPLIANCES,0.0
2017-08-03,41,HOME APPLIANCES,0.0
2017-08-04,41,HOME APPLIANCES,0.0
2017-08-05,41,HOME APPLIANCES,0.0
2017-08-06,41,HOME APPLIANCES,0.0
2017-08-07,41,HOME APPLIANCES,0.0
2017-08-08,41,HOME APPLIANCES,0.0
2017-08-09,41,HOME APPLIANCES,0.0
2017-08-10,41,HOME APPLIANCES,0.0
2017-08-11,41,HOME APPLIANCES,0.0
2017-08-12,41,HOME APPLIANCES,0.0
2017-08-13,41,HOME APPLIANCES,0.0
2017-08-14,41,HOME APPLIANCES,0.0
2017-08-15,41,HOME APPLIANCES,0.0
2017-08-02,41,HOME CARE,330.0
2017-08-03,41,HOME CARE,196.0
2017-08-04,41,HOME CARE,195.0
2017-08-05,41,HOME CARE,264.0
2017-08-06,41,HOME CARE,419.0
2017-08-07,41,HOME CARE,240.0
2017-08-08,41,HOME CARE,197.0
2017-08-09,41,HOME CARE,222.0
2017-08-10,41,HOME CARE,152.0
2017-08-11,41,HOME CARE,298.0
2017-08-12,41,HOME CARE,240.0
2017-08-13,41,HOME CARE,287.0
2017-08-14,41,HOME CARE,185.0
2017-08-15,41,HOME CARE,197.0
2017-08-02,41,LADIESWEAR,15.0
2017-08-03,41,LADIESWEAR,5.0
2017-08-04,41,LADIESWEAR,7.0
2017-08-05,41,LADIESWEAR,20.0
2017-08-06,41,LADIESWEAR,58.0
2017-08-07,41,LADIESWEAR,13.0
2017-08-08,41,LADIESWEAR,15.0
2017-08-09,41,LADIESWEAR,10.0
2017-08-10,41,LADIESWEAR,8.0
2017-08-11,41,LADIESWEAR,28.0
2017-08-12,41,LADIESWEAR,39.0
2017-08-13,41,LADIESWEAR,26.0
2017-08-14,41,LADIESWEAR,10.0
2017-08-15,41,LADIESWEAR,22.0
2017-08-02,41,LAWN AND GARDEN,26.0
2017-08-03,41,LAWN AND GARDEN,17.0
2017-08-04,41,LAWN AND GARDEN,15.0
2017-08-05,41,LAWN AND GARDEN,20.0
2017-08-06,41,LAWN AND GARDEN,22.0
2017-08-07,41,LAWN AND GARDEN,9.0
2017-08-08,41,LAWN AND GARDEN,7.0
2017-08-09,41,LAWN AND GARDEN,20.0
2017-08-10,41,LAWN AND GARDEN,6.0
2017-08-11,41,LAWN AND GARDEN,45.0
2017-08-12,41,LAWN AND GARDEN,13.0
2017-08-13,41,LAWN AND GARDEN,21.0
2017-08-14,41,LAWN AND GARDEN,2.0
2017-08-15,41,LAWN AND GARDEN,6.0
2017-08-02,41,LINGERIE,7.0
2017-08-03,41,LINGERIE,1.0
2017-08-04,41,LINGERIE,10.0
2017-08-05,41,LINGERIE,9.0
2017-08-06,41,LINGERIE,10.0
2017-08-07,41,LINGERIE,2.0
2017-08-08,41,LINGERIE,4.0
2017-08-09,41,LINGERIE,9.0
2017-08-10,41,LINGERIE,14.0
2017-08-11,41,LINGERIE,6.0
2017-08-12,41,LINGERIE,13.0
2017-08-13,41,LINGERIE,9.0
2017-08-14,41,LINGERIE,10.0
2017-08-15,41,LINGERIE,4.0
2017-08-02,41,"LIQUOR,WINE,BEER",590.0
2017-08-03,41,"LIQUOR,WINE,BEER",46.0
2017-08-04,41,"LIQUOR,WINE,BEER",129.0
2017-08-05,41,"LIQUOR,WINE,BEER",174.0
2017-08-06,41,"LIQUOR,WINE,BEER",85.0
2017-08-07,41,"LIQUOR,WINE,BEER",36.0
2017-08-08,41,"LIQUOR,WINE,BEER",45.0
2017-08-09,41,"LIQUOR,WINE,BEER",32.0
2017-08-10,41,"LIQUOR,WINE,BEER",82.0
2017-08-11,41,"LIQUOR,WINE,BEER",140.0
2017-08-12,41,"LIQUOR,WINE,BEER",180.0
2017-08-13,41,"LIQUOR,WINE,BEER",57.0
2017-08-14,41,"LIQUOR,WINE,BEER",27.0
2017-08-15,41,"LIQUOR,WINE,BEER",42.0
2017-08-02,41,MAGAZINES,10.0
2017-08-03,41,MAGAZINES,9.0
2017-08-04,41,MAGAZINES,4.0
2017-08-05,41,MAGAZINES,34.0
2017-08-06,41,MAGAZINES,25.0
2017-08-07,41,MAGAZINES,13.0
2017-08-08,41,MAGAZINES,15.0
2017-08-09,41,MAGAZINES,9.0
2017-08-10,41,MAGAZINES,12.0
2017-08-11,41,MAGAZINES,10.0
2017-08-12,41,MAGAZINES,13.0
2017-08-13,41,MAGAZINES,17.0
2017-08-14,41,MAGAZINES,11.0
2017-08-15,41,MAGAZINES,14.0
2017-08-02,41,MEATS,250.559
2017-08-03,41,MEATS,182.16699
2017-08-04,41,MEATS,384.545
2017-08-05,41,MEATS,250.746
2017-08-06,41,MEATS,268.563
2017-08-07,41,MEATS,202.58301
2017-08-08,41,MEATS,115.268
2017-08-09,41,MEATS,172.695
2017-08-10,41,MEATS,163.657
2017-08-11,41,MEATS,494.545
2017-08-12,41,MEATS,311.217
2017-08-13,41,MEATS,278.601
2017-08-14,41,MEATS,189.196
2017-08-15,41,MEATS,172.31
2017-08-02,41,PERSONAL CARE,1608.0
2017-08-03,41,PERSONAL CARE,231.0
2017-08-04,41,PERSONAL CARE,224.0
2017-08-05,41,PERSONAL CARE,341.0
2017-08-06,41,PERSONAL CARE,526.0
2017-08-07,41,PERSONAL CARE,266.0
2017-08-08,41,PERSONAL CARE,251.0
2017-08-09,41,PERSONAL CARE,243.0
2017-08-10,41,PERSONAL CARE,241.0
2017-08-11,41,PERSONAL CARE,376.0
2017-08-12,41,PERSONAL CARE,390.0
2017-08-13,41,PERSONAL CARE,364.0
2017-08-14,41,PERSONAL CARE,220.0
2017-08-15,41,PERSONAL CARE,240.0
2017-08-02,41,PET SUPPLIES,16.0
2017-08-03,41,PET SUPPLIES,12.0
2017-08-04,41,PET SUPPLIES,12.0
2017-08-05,41,PET SUPPLIES,8.0
2017-08-06,41,PET SUPPLIES,18.0
2017-08-07,41,PET SUPPLIES,10.0
2017-08-08,41,PET SUPPLIES,8.0
2017-08-09,41,PET SUPPLIES,19.0
2017-08-10,41,PET SUPPLIES,8.0
2017-08-11,41,PET SUPPLIES,18.0
2017-08-12,41,PET SUPPLIES,17.0
2017-08-13,41,PET SUPPLIES,16.0
2017-08-14,41,PET SUPPLIES,16.0
2017-08-15,41,PET SUPPLIES,19.0
2017-08-02,41,PLAYERS AND ELECTRONICS,8.0
2017-08-03,41,PLAYERS AND ELECTRONICS,7.0
2017-08-04,41,PLAYERS AND ELECTRONICS,7.0
2017-08-05,41,PLAYERS AND ELECTRONICS,7.0
2017-08-06,41,PLAYERS AND ELECTRONICS,12.0
2017-08-07,41,PLAYERS AND ELECTRONICS,8.0
2017-08-08,41,PLAYERS AND ELECTRONICS,8.0
2017-08-09,41,PLAYERS AND ELECTRONICS,8.0
2017-08-10,41,PLAYERS AND ELECTRONICS,3.0
2017-08-11,41,PLAYERS AND ELECTRONICS,15.0
2017-08-12,41,PLAYERS AND ELECTRONICS,16.0
2017-08-13,41,PLAYERS AND ELECTRONICS,16.0
2017-08-14,41,PLAYERS AND ELECTRONICS,9.0
2017-08-15,41,PLAYERS AND ELECTRONICS,3.0
2017-08-02,41,POULTRY,226.239
2017-08-03,41,POULTRY,163.511
2017-08-04,41,POULTRY,217.778
2017-08-05,41,POULTRY,204.074
2017-08-06,41,POULTRY,245.347
2017-08-07,41,POULTRY,208.752
2017-08-08,41,POULTRY,173.198
2017-08-09,41,POULTRY,165.673
2017-08-10,41,POULTRY,133.156
2017-08-11,41,POULTRY,248.628
2017-08-12,41,POULTRY,246.623
2017-08-13,41,POULTRY,229.912
2017-08-14,41,POULTRY,203.552
2017-08-15,41,POULTRY,165.2
2017-08-02,41,PREPARED FOODS,51.469
2017-08-03,41,PREPARED FOODS,51.94
2017-08-04,41,PREPARED FOODS,84.825
2017-08-05,41,PREPARED FOODS,70.123
2017-08-06,41,PREPARED FOODS,79.246
2017-08-07,41,PREPARED FOODS,50.453
2017-08-08,41,PREPARED FOODS,41.786
2017-08-09,41,PREPARED FOODS,100.919
2017-08-10,41,PREPARED FOODS,50.886
2017-08-11,41,PREPARED FOODS,58.807
2017-08-12,41,PREPARED FOODS,72.487
2017-08-13,41,PREPARED FOODS,92.673004
2017-08-14,41,PREPARED FOODS,62.846
2017-08-15,41,PREPARED FOODS,54.958
2017-08-02,41,PRODUCE,3132.09
2017-08-03,41,PRODUCE,1642.655
2017-08-04,41,PRODUCE,1805.97
2017-08-05,41,PRODUCE,2095.668
2017-08-06,41,PRODUCE,3198.26
2017-08-07,41,PRODUCE,2360.003
2017-08-08,41,PRODUCE,1788.769
2017-08-09,41,PRODUCE,2606.681
2017-08-10,41,PRODUCE,1545.652
2017-08-11,41,PRODUCE,2268.481
2017-08-12,41,PRODUCE,1904.598
2017-08-13,41,PRODUCE,2439.396
2017-08-14,41,PRODUCE,1851.582
2017-08-15,41,PRODUCE,1698.713
2017-08-02,41,SCHOOL AND OFFICE SUPPLIES,0.0
2017-08-03,41,SCHOOL AND OFFICE SUPPLIES,1.0
2017-08-04,41,SCHOOL AND OFFICE SUPPLIES,0.0
2017-08-05,41,SCHOOL AND OFFICE SUPPLIES,0.0
2017-08-06,41,SCHOOL AND OFFICE SUPPLIES,2.0
2017-08-07,41,SCHOOL AND OFFICE SUPPLIES,1.0
2017-08-08,41,SCHOOL AND OFFICE SUPPLIES,0.0
2017-08-09,41,SCHOOL AND OFFICE SUPPLIES,2.0
2017-08-10,41,SCHOOL AND OFFICE SUPPLIES,0.0
2017-08-11,41,SCHOOL AND OFFICE SUPPLIES,1.0
2017-08-12,41,SCHOOL AND OFFICE SUPPLIES,0.0
2017-08-13,41,SCHOOL AND OFFICE SUPPLIES,0.0
2017-08-14,41,SCHOOL AND OFFICE SUPPLIES,2.0
2017-08-15,41,SCHOOL AND OFFICE SUPPLIES,0.0
2017-08-02,41,SEAFOOD,9.662
2017-08-03,41,SEAFOOD,1.0
2017-08-04,41,SEAFOOD,4.214
2017-08-05,41,SEAFOOD,8.0
2017-08-06,41,SEAFOOD,14.0
2017-08-07,41,SEAFOOD,9.0
2017-08-08,41,SEAFOOD,3.0
2017-08-09,41,SEAFOOD,11.0
2017-08-10,41,SEAFOOD,3.0
2017-08-11,41,SEAFOOD,11.0
2017-08-12,41,SEAFOOD,5.0
2017-08-13,41,SEAFOOD,8.0
2017-08-14,41,SEAFOOD,6.0
2017-08-15,41,SEAFOOD,10.0
2017-08-02,42,AUTOMOTIVE,3.0
2017-08-03,42,AUTOMOTIVE,5.0
2017-08-04,42,AUTOMOTIVE,1.0
2017-08-05,42,AUTOMOTIVE,15.0
2017-08-06,42,AUTOMOTIVE,8.0
2017-08-07,42,AUTOMOTIVE,4.0
2017-08-08,42,AUTOMOTIVE,2.0
2017-08-09,42,AUTOMOTIVE,3.0
2017-08-10,42,AUTOMOTIVE,1.0
2017-08-11,42,AUTOMOTIVE,4.0
2017-08-12,42,AUTOMOTIVE,1.0
2017-08-13,42,AUTOMOTIVE,7.0
2017-08-14,42,AUTOMOTIVE,5.0
2017-08-15,42,AUTOMOTIVE,4.0
2017-08-02,42,BABY CARE,0.0
2017-08-03,42,BABY CARE,0.0
2017-08-04,42,BABY CARE,0.0
2017-08-05,42,BABY CARE,0.0
2017-08-06,42,BABY CARE,0.0
2017-08-07,42,BABY CARE,0.0
2017-08-08,42,BABY CARE,0.0
2017-08-09,42,BABY CARE,0.0
2017-08-10,42,BABY CARE,0.0
2017-08-11,42,BABY CARE,0.0
2017-08-12,42,BABY CARE,0.0
2017-08-13,42,BABY CARE,0.0
2017-08-14,42,BABY CARE,0.0
2017-08-15,42,BABY CARE,0.0
2017-08-02,42,BEAUTY,5.0
2017-08-03,42,BEAUTY,8.0
2017-08-04,42,BEAUTY,3.0
2017-08-05,42,BEAUTY,8.0
2017-08-06,42,BEAUTY,7.0
2017-08-07,42,BEAUTY,8.0
2017-08-08,42,BEAUTY,6.0
2017-08-09,42,BEAUTY,3.0
2017-08-10,42,BEAUTY,2.0
2017-08-11,42,BEAUTY,4.0
2017-08-12,42,BEAUTY,5.0
2017-08-13,42,BEAUTY,12.0
2017-08-14,42,BEAUTY,11.0
2017-08-15,42,BEAUTY,4.0
2017-08-02,42,BEVERAGES,2957.0
2017-08-03,42,BEVERAGES,1904.0
2017-08-04,42,BEVERAGES,2413.0
2017-08-05,42,BEVERAGES,2994.0
2017-08-06,42,BEVERAGES,2787.0
2017-08-07,42,BEVERAGES,2518.0
2017-08-08,42,BEVERAGES,1891.0
2017-08-09,42,BEVERAGES,1943.0
2017-08-10,42,BEVERAGES,1965.0
2017-08-11,42,BEVERAGES,1906.0
2017-08-12,42,BEVERAGES,1797.0
2017-08-13,42,BEVERAGES,1825.0
2017-08-14,42,BEVERAGES,2317.0
2017-08-15,42,BEVERAGES,1827.0
2017-08-02,42,BOOKS,0.0
2017-08-03,42,BOOKS,0.0
2017-08-04,42,BOOKS,0.0
2017-08-05,42,BOOKS,0.0
2017-08-06,42,BOOKS,0.0
2017-08-07,42,BOOKS,0.0
2017-08-08,42,BOOKS,0.0
2017-08-09,42,BOOKS,0.0
2017-08-10,42,BOOKS,0.0
2017-08-11,42,BOOKS,0.0
2017-08-12,42,BOOKS,0.0
2017-08-13,42,BOOKS,0.0
2017-08-14,42,BOOKS,0.0
2017-08-15,42,BOOKS,0.0
2017-08-02,42,BREAD/BAKERY,476.365
2017-08-03,42,BREAD/BAKERY,397.6
2017-08-04,42,BREAD/BAKERY,494.053
2017-08-05,42,BREAD/BAKERY,551.919
2017-08-06,42,BREAD/BAKERY,436.551
2017-08-07,42,BREAD/BAKERY,487.327
2017-08-08,42,BREAD/BAKERY,400.855
2017-08-09,42,BREAD/BAKERY,422.16
2017-08-10,42,BREAD/BAKERY,338.923
2017-08-11,42,BREAD/BAKERY,378.391
2017-08-12,42,BREAD/BAKERY,397.543
2017-08-13,42,BREAD/BAKERY,392.885
2017-08-14,42,BREAD/BAKERY,494.327
2017-08-15,42,BREAD/BAKERY,376.342
2017-08-02,42,CELEBRATION,13.0
2017-08-03,42,CELEBRATION,5.0
2017-08-04,42,CELEBRATION,7.0
2017-08-05,42,CELEBRATION,13.0
2017-08-06,42,CELEBRATION,6.0
2017-08-07,42,CELEBRATION,8.0
2017-08-08,42,CELEBRATION,4.0
2017-08-09,42,CELEBRATION,4.0
2017-08-10,42,CELEBRATION,7.0
2017-08-11,42,CELEBRATION,10.0
2017-08-12,42,CELEBRATION,3.0
2017-08-13,42,CELEBRATION,12.0
2017-08-14,42,CELEBRATION,10.0
2017-08-15,42,CELEBRATION,10.0
2017-08-02,42,CLEANING,890.0
2017-08-03,42,CLEANING,668.0
2017-08-04,42,CLEANING,731.0
2017-08-05,42,CLEANING,858.0
2017-08-06,42,CLEANING,778.0
2017-08-07,42,CLEANING,754.0
2017-08-08,42,CLEANING,681.0
2017-08-09,42,CLEANING,585.0
2017-08-10,42,CLEANING,504.0
2017-08-11,42,CLEANING,598.0
2017-08-12,42,CLEANING,560.0
2017-08-13,42,CLEANING,596.0
2017-08-14,42,CLEANING,695.0
2017-08-15,42,CLEANING,642.0
2017-08-02,42,DAIRY,815.0
2017-08-03,42,DAIRY,746.0
2017-08-04,42,DAIRY,850.0
2017-08-05,42,DAIRY,947.0
2017-08-06,42,DAIRY,811.0
2017-08-07,42,DAIRY,868.0
2017-08-08,42,DAIRY,698.0
2017-08-09,42,DAIRY,688.0
2017-08-10,42,DAIRY,665.0
2017-08-11,42,DAIRY,858.0
2017-08-12,42,DAIRY,658.0
2017-08-13,42,DAIRY,705.0
2017-08-14,42,DAIRY,794.0
2017-08-15,42,DAIRY,709.0
2017-08-02,42,DELI,144.55
2017-08-03,42,DELI,140.5
2017-08-04,42,DELI,205.323
2017-08-05,42,DELI,201.558
2017-08-06,42,DELI,169.686
2017-08-07,42,DELI,139.529
2017-08-08,42,DELI,126.663
2017-08-09,42,DELI,118.814
2017-08-10,42,DELI,159.192
2017-08-11,42,DELI,165.223
2017-08-12,42,DELI,126.006
2017-08-13,42,DELI,141.925
2017-08-14,42,DELI,146.691
2017-08-15,42,DELI,172.829
2017-08-02,42,EGGS,140.0
2017-08-03,42,EGGS,128.0
2017-08-04,42,EGGS,130.0
2017-08-05,42,EGGS,156.0
2017-08-06,42,EGGS,150.0
2017-08-07,42,EGGS,129.0
2017-08-08,42,EGGS,101.0
2017-08-09,42,EGGS,97.0
2017-08-10,42,EGGS,103.0
2017-08-11,42,EGGS,139.0
2017-08-12,42,EGGS,119.0
2017-08-13,42,EGGS,145.0
2017-08-14,42,EGGS,139.0
2017-08-15,42,EGGS,90.0
2017-08-02,42,FROZEN FOODS,151.895
2017-08-03,42,FROZEN FOODS,101.0
2017-08-04,42,FROZEN FOODS,129.0
2017-08-05,42,FROZEN FOODS,148.0
2017-08-06,42,FROZEN FOODS,133.0
2017-08-07,42,FROZEN FOODS,110.534
2017-08-08,42,FROZEN FOODS,118.084
2017-08-09,42,FROZEN FOODS,109.0
2017-08-10,42,FROZEN FOODS,106.0
2017-08-11,42,FROZEN FOODS,119.0
2017-08-12,42,FROZEN FOODS,104.0
2017-08-13,42,FROZEN FOODS,94.0
2017-08-14,42,FROZEN FOODS,99.0
2017-08-15,42,FROZEN FOODS,68.0
2017-08-02,42,GROCERY I,3757.0
2017-08-03,42,GROCERY I,2654.0
2017-08-04,42,GROCERY I,3115.0
2017-08-05,42,GROCERY I,3602.0
2017-08-06,42,GROCERY I,3353.0
2017-08-07,42,GROCERY I,3074.0
2017-08-08,42,GROCERY I,2533.0
2017-08-09,42,GROCERY I,2732.0
2017-08-10,42,GROCERY I,2716.0
2017-08-11,42,GROCERY I,2618.0
2017-08-12,42,GROCERY I,2252.0
2017-08-13,42,GROCERY I,2527.0
2017-08-14,42,GROCERY I,3027.0
2017-08-15,42,GROCERY I,2325.0
2017-08-02,42,GROCERY II,34.0
2017-08-03,42,GROCERY II,21.0
2017-08-04,42,GROCERY II,17.0
2017-08-05,42,GROCERY II,34.0
2017-08-06,42,GROCERY II,50.0
2017-08-07,42,GROCERY II,25.0
2017-08-08,42,GROCERY II,25.0
2017-08-09,42,GROCERY II,26.0
2017-08-10,42,GROCERY II,23.0
2017-08-11,42,GROCERY II,29.0
2017-08-12,42,GROCERY II,21.0
2017-08-13,42,GROCERY II,33.0
2017-08-14,42,GROCERY II,51.0
2017-08-15,42,GROCERY II,26.0
2017-08-02,42,HARDWARE,1.0
2017-08-03,42,HARDWARE,0.0
2017-08-04,42,HARDWARE,0.0
2017-08-05,42,HARDWARE,0.0
2017-08-06,42,HARDWARE,2.0
2017-08-07,42,HARDWARE,3.0
2017-08-08,42,HARDWARE,1.0
2017-08-09,42,HARDWARE,2.0
2017-08-10,42,HARDWARE,0.0
2017-08-11,42,HARDWARE,1.0
2017-08-12,42,HARDWARE,1.0
2017-08-13,42,HARDWARE,1.0
2017-08-14,42,HARDWARE,3.0
2017-08-15,42,HARDWARE,0.0
2017-08-02,42,HOME AND KITCHEN I,17.0
2017-08-03,42,HOME AND KITCHEN I,12.0
2017-08-04,42,HOME AND KITCHEN I,9.0
2017-08-05,42,HOME AND KITCHEN I,12.0
2017-08-06,42,HOME AND KITCHEN I,27.0
2017-08-07,42,HOME AND KITCHEN I,12.0
2017-08-08,42,HOME AND KITCHEN I,31.0
2017-08-09,42,HOME AND KITCHEN I,20.0
2017-08-10,42,HOME AND KITCHEN I,50.0
2017-08-11,42,HOME AND KITCHEN I,20.0
2017-08-12,42,HOME AND KITCHEN I,35.0
2017-08-13,42,HOME AND KITCHEN I,19.0
2017-08-14,42,HOME AND KITCHEN I,75.0
2017-08-15,42,HOME AND KITCHEN I,35.0
2017-08-02,42,HOME AND KITCHEN II,16.0
2017-08-03,42,HOME AND KITCHEN II,22.0
2017-08-04,42,HOME AND KITCHEN II,4.0
2017-08-05,42,HOME AND KITCHEN II,29.0
2017-08-06,42,HOME AND KITCHEN II,25.0
2017-08-07,42,HOME AND KITCHEN II,15.0
2017-08-08,42,HOME AND KITCHEN II,13.0
2017-08-09,42,HOME AND KITCHEN II,6.0
2017-08-10,42,HOME AND KITCHEN II,15.0
2017-08-11,42,HOME AND KITCHEN II,17.0
2017-08-12,42,HOME AND KITCHEN II,24.0
2017-08-13,42,HOME AND KITCHEN II,9.0
2017-08-14,42,HOME AND KITCHEN II,34.0
2017-08-15,42,HOME AND KITCHEN II,107.0
2017-08-02,42,HOME APPLIANCES,0.0
2017-08-03,42,HOME APPLIANCES,0.0
2017-08-04,42,HOME APPLIANCES,0.0
2017-08-05,42,HOME APPLIANCES,0.0
2017-08-06,42,HOME APPLIANCES,0.0
2017-08-07,42,HOME APPLIANCES,0.0
2017-08-08,42,HOME APPLIANCES,0.0
2017-08-09,42,HOME APPLIANCES,0.0
2017-08-10,42,HOME APPLIANCES,0.0
2017-08-11,42,HOME APPLIANCES,0.0
2017-08-12,42,HOME APPLIANCES,0.0
2017-08-13,42,HOME APPLIANCES,0.0
2017-08-14,42,HOME APPLIANCES,0.0
2017-08-15,42,HOME APPLIANCES,0.0
2017-08-02,42,HOME CARE,210.0
2017-08-03,42,HOME CARE,182.0
2017-08-04,42,HOME CARE,196.0
2017-08-05,42,HOME CARE,248.0
2017-08-06,42,HOME CARE,209.0
2017-08-07,42,HOME CARE,202.0
2017-08-08,42,HOME CARE,153.0
2017-08-09,42,HOME CARE,194.0
2017-08-10,42,HOME CARE,187.0
2017-08-11,42,HOME CARE,129.0
2017-08-12,42,HOME CARE,150.0
2017-08-13,42,HOME CARE,181.0
2017-08-14,42,HOME CARE,192.0
2017-08-15,42,HOME CARE,165.0
2017-08-02,42,LADIESWEAR,14.0
2017-08-03,42,LADIESWEAR,9.0
2017-08-04,42,LADIESWEAR,2.0
2017-08-05,42,LADIESWEAR,24.0
2017-08-06,42,LADIESWEAR,30.0
2017-08-07,42,LADIESWEAR,11.0
2017-08-08,42,LADIESWEAR,12.0
2017-08-09,42,LADIESWEAR,7.0
2017-08-10,42,LADIESWEAR,8.0
2017-08-11,42,LADIESWEAR,16.0
2017-08-12,42,LADIESWEAR,13.0
2017-08-13,42,LADIESWEAR,24.0
2017-08-14,42,LADIESWEAR,9.0
2017-08-15,42,LADIESWEAR,10.0
2017-08-02,42,LAWN AND GARDEN,31.0
2017-08-03,42,LAWN AND GARDEN,39.0
2017-08-04,42,LAWN AND GARDEN,36.0
2017-08-05,42,LAWN AND GARDEN,36.0
2017-08-06,42,LAWN AND GARDEN,33.0
2017-08-07,42,LAWN AND GARDEN,28.0
2017-08-08,42,LAWN AND GARDEN,33.0
2017-08-09,42,LAWN AND GARDEN,37.0
2017-08-10,42,LAWN AND GARDEN,27.0
2017-08-11,42,LAWN AND GARDEN,36.0
2017-08-12,42,LAWN AND GARDEN,66.0
2017-08-13,42,LAWN AND GARDEN,26.0
2017-08-14,42,LAWN AND GARDEN,33.0
2017-08-15,42,LAWN AND GARDEN,27.0
2017-08-02,42,LINGERIE,1.0
2017-08-03,42,LINGERIE,4.0
2017-08-04,42,LINGERIE,2.0
2017-08-05,42,LINGERIE,5.0
2017-08-06,42,LINGERIE,1.0
2017-08-07,42,LINGERIE,1.0
2017-08-08,42,LINGERIE,2.0
2017-08-09,42,LINGERIE,5.0
2017-08-10,42,LINGERIE,2.0
2017-08-11,42,LINGERIE,10.0
2017-08-12,42,LINGERIE,3.0
2017-08-13,42,LINGERIE,1.0
2017-08-14,42,LINGERIE,4.0
2017-08-15,42,LINGERIE,3.0
2017-08-02,42,"LIQUOR,WINE,BEER",95.0
2017-08-03,42,"LIQUOR,WINE,BEER",51.0
2017-08-04,42,"LIQUOR,WINE,BEER",83.0
2017-08-05,42,"LIQUOR,WINE,BEER",116.0
2017-08-06,42,"LIQUOR,WINE,BEER",39.0
2017-08-07,42,"LIQUOR,WINE,BEER",62.0
2017-08-08,42,"LIQUOR,WINE,BEER",27.0
2017-08-09,42,"LIQUOR,WINE,BEER",49.0
2017-08-10,42,"LIQUOR,WINE,BEER",95.0
2017-08-11,42,"LIQUOR,WINE,BEER",148.0
2017-08-12,42,"LIQUOR,WINE,BEER",84.0
2017-08-13,42,"LIQUOR,WINE,BEER",54.0
2017-08-14,42,"LIQUOR,WINE,BEER",34.0
2017-08-15,42,"LIQUOR,WINE,BEER",37.0
2017-08-02,42,MAGAZINES,7.0
2017-08-03,42,MAGAZINES,7.0
2017-08-04,42,MAGAZINES,3.0
2017-08-05,42,MAGAZINES,9.0
2017-08-06,42,MAGAZINES,16.0
2017-08-07,42,MAGAZINES,17.0
2017-08-08,42,MAGAZINES,7.0
2017-08-09,42,MAGAZINES,9.0
2017-08-10,42,MAGAZINES,8.0
2017-08-11,42,MAGAZINES,15.0
2017-08-12,42,MAGAZINES,18.0
2017-08-13,42,MAGAZINES,4.0
2017-08-14,42,MAGAZINES,16.0
2017-08-15,42,MAGAZINES,10.0
2017-08-02,42,MEATS,254.715
2017-08-03,42,MEATS,235.004
2017-08-04,42,MEATS,339.221
2017-08-05,42,MEATS,267.762
2017-08-06,42,MEATS,236.9
2017-08-07,42,MEATS,209.75
2017-08-08,42,MEATS,205.342
2017-08-09,42,MEATS,219.305
2017-08-10,42,MEATS,270.367
2017-08-11,42,MEATS,248.464
2017-08-12,42,MEATS,200.287
2017-08-13,42,MEATS,202.263
2017-08-14,42,MEATS,218.31801
2017-08-15,42,MEATS,191.18199
2017-08-02,42,PERSONAL CARE,248.0
2017-08-03,42,PERSONAL CARE,220.0
2017-08-04,42,PERSONAL CARE,212.0
2017-08-05,42,PERSONAL CARE,258.0
2017-08-06,42,PERSONAL CARE,489.0
2017-08-07,42,PERSONAL CARE,226.0
2017-08-08,42,PERSONAL CARE,218.0
2017-08-09,42,PERSONAL CARE,242.0
2017-08-10,42,PERSONAL CARE,131.0
2017-08-11,42,PERSONAL CARE,223.0
2017-08-12,42,PERSONAL CARE,173.0
2017-08-13,42,PERSONAL CARE,208.0
2017-08-14,42,PERSONAL CARE,210.0
2017-08-15,42,PERSONAL CARE,192.0
2017-08-02,42,PET SUPPLIES,17.0
2017-08-03,42,PET SUPPLIES,11.0
2017-08-04,42,PET SUPPLIES,7.0
2017-08-05,42,PET SUPPLIES,9.0
2017-08-06,42,PET SUPPLIES,12.0
2017-08-07,42,PET SUPPLIES,3.0
2017-08-08,42,PET SUPPLIES,11.0
2017-08-09,42,PET SUPPLIES,9.0
2017-08-10,42,PET SUPPLIES,12.0
2017-08-11,42,PET SUPPLIES,10.0
2017-08-12,42,PET SUPPLIES,4.0
2017-08-13,42,PET SUPPLIES,6.0
2017-08-14,42,PET SUPPLIES,10.0
2017-08-15,42,PET SUPPLIES,14.0
2017-08-02,42,PLAYERS AND ELECTRONICS,4.0
2017-08-03,42,PLAYERS AND ELECTRONICS,5.0
2017-08-04,42,PLAYERS AND ELECTRONICS,9.0
2017-08-05,42,PLAYERS AND ELECTRONICS,11.0
2017-08-06,42,PLAYERS AND ELECTRONICS,16.0
2017-08-07,42,PLAYERS AND ELECTRONICS,13.0
2017-08-08,42,PLAYERS AND ELECTRONICS,5.0
2017-08-09,42,PLAYERS AND ELECTRONICS,13.0
2017-08-10,42,PLAYERS AND ELECTRONICS,7.0
2017-08-11,42,PLAYERS AND ELECTRONICS,13.0
2017-08-12,42,PLAYERS AND ELECTRONICS,10.0
2017-08-13,42,PLAYERS AND ELECTRONICS,5.0
2017-08-14,42,PLAYERS AND ELECTRONICS,6.0
2017-08-15,42,PLAYERS AND ELECTRONICS,11.0
2017-08-02,42,POULTRY,233.302
2017-08-03,42,POULTRY,226.117
2017-08-04,42,POULTRY,293.022
2017-08-05,42,POULTRY,265.829
2017-08-06,42,POULTRY,215.476
2017-08-07,42,POULTRY,205.257
2017-08-08,42,POULTRY,174.322
2017-08-09,42,POULTRY,190.282
2017-08-10,42,POULTRY,190.284
2017-08-11,42,POULTRY,272.082
2017-08-12,42,POULTRY,198.005
2017-08-13,42,POULTRY,196.726
2017-08-14,42,POULTRY,221.677
2017-08-15,42,POULTRY,220.959
2017-08-02,42,PREPARED FOODS,46.672
2017-08-03,42,PREPARED FOODS,48.639
2017-08-04,42,PREPARED FOODS,44.369
2017-08-05,42,PREPARED FOODS,56.69
2017-08-06,42,PREPARED FOODS,39.565
2017-08-07,42,PREPARED FOODS,72.748
2017-08-08,42,PREPARED FOODS,55.673
2017-08-09,42,PREPARED FOODS,55.258
2017-08-10,42,PREPARED FOODS,53.592
2017-08-11,42,PREPARED FOODS,47.361
2017-08-12,42,PREPARED FOODS,29.865
2017-08-13,42,PREPARED FOODS,42.193
2017-08-14,42,PREPARED FOODS,32.651
2017-08-15,42,PREPARED FOODS,57.013
2017-08-02,42,PRODUCE,3325.796
2017-08-03,42,PRODUCE,2029.545
2017-08-04,42,PRODUCE,2179.083
2017-08-05,42,PRODUCE,2683.945
2017-08-06,42,PRODUCE,2322.126
2017-08-07,42,PRODUCE,2303.997
2017-08-08,42,PRODUCE,1925.682
2017-08-09,42,PRODUCE,3107.149
2017-08-10,42,PRODUCE,1876.164
2017-08-11,42,PRODUCE,2191.701
2017-08-12,42,PRODUCE,1853.27
2017-08-13,42,PRODUCE,2053.608
2017-08-14,42,PRODUCE,2703.825
2017-08-15,42,PRODUCE,1906.525
2017-08-02,42,SCHOOL AND OFFICE SUPPLIES,0.0
2017-08-03,42,SCHOOL AND OFFICE SUPPLIES,0.0
2017-08-04,42,SCHOOL AND OFFICE SUPPLIES,0.0
2017-08-05,42,SCHOOL AND OFFICE SUPPLIES,0.0
2017-08-06,42,SCHOOL AND OFFICE SUPPLIES,0.0
2017-08-07,42,SCHOOL AND OFFICE SUPPLIES,0.0
2017-08-08,42,SCHOOL AND OFFICE SUPPLIES,0.0
2017-08-09,42,SCHOOL AND OFFICE SUPPLIES,1.0
2017-08-10,42,SCHOOL AND OFFICE SUPPLIES,0.0
2017-08-11,42,SCHOOL AND OFFICE SUPPLIES,0.0
2017-08-12,42,SCHOOL AND OFFICE SUPPLIES,1.0
2017-08-13,42,SCHOOL AND OFFICE SUPPLIES,1.0
2017-08-14,42,SCHOOL AND OFFICE SUPPLIES,0.0
2017-08-15,42,SCHOOL AND OFFICE SUPPLIES,1.0
2017-08-02,42,SEAFOOD,14.59
2017-08-03,42,SEAFOOD,13.146
2017-08-04,42,SEAFOOD,23.916
2017-08-05,42,SEAFOOD,12.691
2017-08-06,42,SEAFOOD,19.626
2017-08-07,42,SEAFOOD,19.25
2017-08-08,42,SEAFOOD,8.03
2017-08-09,42,SEAFOOD,10.891
2017-08-10,42,SEAFOOD,10.769
2017-08-11,42,SEAFOOD,11.397
2017-08-12,42,SEAFOOD,8.904
2017-08-13,42,SEAFOOD,18.502
2017-08-14,42,SEAFOOD,12.832
2017-08-15,42,SEAFOOD,9.92
2017-08-02,43,AUTOMOTIVE,9.0
2017-08-03,43,AUTOMOTIVE,7.0
2017-08-04,43,AUTOMOTIVE,9.0
2017-08-05,43,AUTOMOTIVE,6.0
2017-08-06,43,AUTOMOTIVE,6.0
2017-08-07,43,AUTOMOTIVE,7.0
2017-08-08,43,AUTOMOTIVE,8.0
2017-08-09,43,AUTOMOTIVE,4.0
2017-08-10,43,AUTOMOTIVE,10.0
2017-08-11,43,AUTOMOTIVE,16.0
2017-08-12,43,AUTOMOTIVE,10.0
2017-08-13,43,AUTOMOTIVE,16.0
2017-08-14,43,AUTOMOTIVE,3.0
2017-08-15,43,AUTOMOTIVE,2.0
2017-08-02,43,BABY CARE,0.0
2017-08-03,43,BABY CARE,1.0
2017-08-04,43,BABY CARE,0.0
2017-08-05,43,BABY CARE,0.0
2017-08-06,43,BABY CARE,0.0
2017-08-07,43,BABY CARE,0.0
2017-08-08,43,BABY CARE,0.0
2017-08-09,43,BABY CARE,0.0
2017-08-10,43,BABY CARE,0.0
2017-08-11,43,BABY CARE,0.0
2017-08-12,43,BABY CARE,0.0
2017-08-13,43,BABY CARE,0.0
2017-08-14,43,BABY CARE,0.0
2017-08-15,43,BABY CARE,0.0
2017-08-02,43,BEAUTY,3.0
2017-08-03,43,BEAUTY,2.0
2017-08-04,43,BEAUTY,5.0
2017-08-05,43,BEAUTY,10.0
2017-08-06,43,BEAUTY,1.0
2017-08-07,43,BEAUTY,3.0
2017-08-08,43,BEAUTY,4.0
2017-08-09,43,BEAUTY,4.0
2017-08-10,43,BEAUTY,3.0
2017-08-11,43,BEAUTY,12.0
2017-08-12,43,BEAUTY,4.0
2017-08-13,43,BEAUTY,10.0
2017-08-14,43,BEAUTY,1.0
2017-08-15,43,BEAUTY,9.0
2017-08-02,43,BEVERAGES,5068.0
2017-08-03,43,BEVERAGES,3784.0
2017-08-04,43,BEVERAGES,7612.0
2017-08-05,43,BEVERAGES,5079.0
2017-08-06,43,BEVERAGES,6435.0
2017-08-07,43,BEVERAGES,5771.0
2017-08-08,43,BEVERAGES,4658.0
2017-08-09,43,BEVERAGES,4443.0
2017-08-10,43,BEVERAGES,5230.0
2017-08-11,43,BEVERAGES,5198.0
2017-08-12,43,BEVERAGES,4620.0
2017-08-13,43,BEVERAGES,5463.0
2017-08-14,43,BEVERAGES,5794.0
2017-08-15,43,BEVERAGES,4824.0
2017-08-02,43,BOOKS,0.0
2017-08-03,43,BOOKS,0.0
2017-08-04,43,BOOKS,0.0
2017-08-05,43,BOOKS,0.0
2017-08-06,43,BOOKS,0.0
2017-08-07,43,BOOKS,0.0
2017-08-08,43,BOOKS,0.0
2017-08-09,43,BOOKS,0.0
2017-08-10,43,BOOKS,0.0
2017-08-11,43,BOOKS,0.0
2017-08-12,43,BOOKS,0.0
2017-08-13,43,BOOKS,0.0
2017-08-14,43,BOOKS,0.0
2017-08-15,43,BOOKS,0.0
2017-08-02,43,BREAD/BAKERY,616.0
2017-08-03,43,BREAD/BAKERY,447.0
2017-08-04,43,BREAD/BAKERY,601.0
2017-08-05,43,BREAD/BAKERY,563.0
2017-08-06,43,BREAD/BAKERY,784.0
2017-08-07,43,BREAD/BAKERY,753.0
2017-08-08,43,BREAD/BAKERY,681.0
2017-08-09,43,BREAD/BAKERY,500.0
2017-08-10,43,BREAD/BAKERY,521.0
2017-08-11,43,BREAD/BAKERY,479.0
2017-08-12,43,BREAD/BAKERY,488.0
2017-08-13,43,BREAD/BAKERY,794.0
2017-08-14,43,BREAD/BAKERY,595.0
2017-08-15,43,BREAD/BAKERY,583.0
2017-08-02,43,CELEBRATION,13.0
2017-08-03,43,CELEBRATION,8.0
2017-08-04,43,CELEBRATION,19.0
2017-08-05,43,CELEBRATION,9.0
2017-08-06,43,CELEBRATION,30.0
2017-08-07,43,CELEBRATION,11.0
2017-08-08,43,CELEBRATION,14.0
2017-08-09,43,CELEBRATION,11.0
2017-08-10,43,CELEBRATION,30.0
2017-08-11,43,CELEBRATION,19.0
2017-08-12,43,CELEBRATION,30.0
2017-08-13,43,CELEBRATION,23.0
2017-08-14,43,CELEBRATION,7.0
2017-08-15,43,CELEBRATION,14.0
2017-08-02,43,CLEANING,1425.0
2017-08-03,43,CLEANING,1200.0
2017-08-04,43,CLEANING,1341.0
2017-08-05,43,CLEANING,1200.0
2017-08-06,43,CLEANING,1536.0
2017-08-07,43,CLEANING,1336.0
2017-08-08,43,CLEANING,1258.0
2017-08-09,43,CLEANING,1091.0
2017-08-10,43,CLEANING,1060.0
2017-08-11,43,CLEANING,1259.0
2017-08-12,43,CLEANING,1171.0
2017-08-13,43,CLEANING,1356.0
2017-08-14,43,CLEANING,1245.0
2017-08-15,43,CLEANING,1041.0
2017-08-02,43,DAIRY,816.0
2017-08-03,43,DAIRY,527.0
2017-08-04,43,DAIRY,568.0
2017-08-05,43,DAIRY,686.0
2017-08-06,43,DAIRY,941.0
2017-08-07,43,DAIRY,878.0
2017-08-08,43,DAIRY,794.0
2017-08-09,43,DAIRY,640.0
2017-08-10,43,DAIRY,560.0
2017-08-11,43,DAIRY,718.0
2017-08-12,43,DAIRY,637.0
2017-08-13,43,DAIRY,1067.0
2017-08-14,43,DAIRY,880.0
2017-08-15,43,DAIRY,668.0
2017-08-02,43,DELI,338.001
2017-08-03,43,DELI,241.796
2017-08-04,43,DELI,318.782
2017-08-05,43,DELI,267.944
2017-08-06,43,DELI,359.882
2017-08-07,43,DELI,220.152
2017-08-08,43,DELI,327.136
2017-08-09,43,DELI,249.057
2017-08-10,43,DELI,241.822
2017-08-11,43,DELI,296.243
2017-08-12,43,DELI,304.294
2017-08-13,43,DELI,380.784
2017-08-14,43,DELI,343.692
2017-08-15,43,DELI,305.773
2017-08-02,43,EGGS,216.0
2017-08-03,43,EGGS,109.0
2017-08-04,43,EGGS,306.0
2017-08-05,43,EGGS,150.0
2017-08-06,43,EGGS,230.0
2017-08-07,43,EGGS,538.0
2017-08-08,43,EGGS,266.0
2017-08-09,43,EGGS,167.0
2017-08-10,43,EGGS,154.0
2017-08-11,43,EGGS,149.0
2017-08-12,43,EGGS,224.0
2017-08-13,43,EGGS,342.0
2017-08-14,43,EGGS,516.0
2017-08-15,43,EGGS,137.0
2017-08-02,43,FROZEN FOODS,42.264
2017-08-03,43,FROZEN FOODS,55.0
2017-08-04,43,FROZEN FOODS,149.0
2017-08-05,43,FROZEN FOODS,96.562
2017-08-06,43,FROZEN FOODS,73.709
2017-08-07,43,FROZEN FOODS,63.0
2017-08-08,43,FROZEN FOODS,49.0
2017-08-09,43,FROZEN FOODS,30.0
2017-08-10,43,FROZEN FOODS,86.0
2017-08-11,43,FROZEN FOODS,110.219
2017-08-12,43,FROZEN FOODS,165.36
2017-08-13,43,FROZEN FOODS,62.0
2017-08-14,43,FROZEN FOODS,82.115
2017-08-15,43,FROZEN FOODS,98.769
2017-08-02,43,GROCERY I,5335.688
2017-08-03,43,GROCERY I,4170.945
2017-08-04,43,GROCERY I,5389.0
2017-08-05,43,GROCERY I,4592.297
2017-08-06,43,GROCERY I,6556.031
2017-08-07,43,GROCERY I,5868.57
2017-08-08,43,GROCERY I,4848.547
2017-08-09,43,GROCERY I,4050.469
2017-08-10,43,GROCERY I,4130.586
2017-08-11,43,GROCERY I,4817.773
2017-08-12,43,GROCERY I,4362.086
2017-08-13,43,GROCERY I,6367.102
2017-08-14,43,GROCERY I,4840.359
2017-08-15,43,GROCERY I,4664.859
2017-08-02,43,GROCERY II,5.0
2017-08-03,43,GROCERY II,3.0
2017-08-04,43,GROCERY II,13.0
2017-08-05,43,GROCERY II,9.0
2017-08-06,43,GROCERY II,11.0
2017-08-07,43,GROCERY II,8.0
2017-08-08,43,GROCERY II,8.0
2017-08-09,43,GROCERY II,13.0
2017-08-10,43,GROCERY II,11.0
2017-08-11,43,GROCERY II,33.0
2017-08-12,43,GROCERY II,18.0
2017-08-13,43,GROCERY II,18.0
2017-08-14,43,GROCERY II,16.0
2017-08-15,43,GROCERY II,12.0
2017-08-02,43,HARDWARE,1.0
2017-08-03,43,HARDWARE,0.0
2017-08-04,43,HARDWARE,0.0
2017-08-05,43,HARDWARE,0.0
2017-08-06,43,HARDWARE,0.0
2017-08-07,43,HARDWARE,0.0
2017-08-08,43,HARDWARE,0.0
2017-08-09,43,HARDWARE,1.0
2017-08-10,43,HARDWARE,0.0
2017-08-11,43,HARDWARE,0.0
2017-08-12,43,HARDWARE,0.0
2017-08-13,43,HARDWARE,0.0
2017-08-14,43,HARDWARE,0.0
2017-08-15,43,HARDWARE,0.0
2017-08-02,43,HOME AND KITCHEN I,12.0
2017-08-03,43,HOME AND KITCHEN I,12.0
2017-08-04,43,HOME AND KITCHEN I,12.0
2017-08-05,43,HOME AND KITCHEN I,13.0
2017-08-06,43,HOME AND KITCHEN I,19.0
2017-08-07,43,HOME AND KITCHEN I,19.0
2017-08-08,43,HOME AND KITCHEN I,25.0
2017-08-09,43,HOME AND KITCHEN I,11.0
2017-08-10,43,HOME AND KITCHEN I,15.0
2017-08-11,43,HOME AND KITCHEN I,20.0
2017-08-12,43,HOME AND KITCHEN I,21.0
2017-08-13,43,HOME AND KITCHEN I,12.0
2017-08-14,43,HOME AND KITCHEN I,21.0
2017-08-15,43,HOME AND KITCHEN I,27.0
2017-08-02,43,HOME AND KITCHEN II,15.0
2017-08-03,43,HOME AND KITCHEN II,14.0
2017-08-04,43,HOME AND KITCHEN II,31.0
2017-08-05,43,HOME AND KITCHEN II,32.0
2017-08-06,43,HOME AND KITCHEN II,33.0
2017-08-07,43,HOME AND KITCHEN II,28.0
2017-08-08,43,HOME AND KITCHEN II,30.0
2017-08-09,43,HOME AND KITCHEN II,27.0
2017-08-10,43,HOME AND KITCHEN II,23.0
2017-08-11,43,HOME AND KITCHEN II,25.0
2017-08-12,43,HOME AND KITCHEN II,26.0
2017-08-13,43,HOME AND KITCHEN II,17.0
2017-08-14,43,HOME AND KITCHEN II,35.0
2017-08-15,43,HOME AND KITCHEN II,18.0
2017-08-02,43,HOME APPLIANCES,0.0
2017-08-03,43,HOME APPLIANCES,0.0
2017-08-04,43,HOME APPLIANCES,0.0
2017-08-05,43,HOME APPLIANCES,0.0
2017-08-06,43,HOME APPLIANCES,0.0
2017-08-07,43,HOME APPLIANCES,0.0
2017-08-08,43,HOME APPLIANCES,0.0
2017-08-09,43,HOME APPLIANCES,0.0
2017-08-10,43,HOME APPLIANCES,0.0
2017-08-11,43,HOME APPLIANCES,0.0
2017-08-12,43,HOME APPLIANCES,0.0
2017-08-13,43,HOME APPLIANCES,1.0
2017-08-14,43,HOME APPLIANCES,0.0
2017-08-15,43,HOME APPLIANCES,0.0
2017-08-02,43,HOME CARE,328.0
2017-08-03,43,HOME CARE,214.0
2017-08-04,43,HOME CARE,265.0
2017-08-05,43,HOME CARE,243.0
2017-08-06,43,HOME CARE,341.0
2017-08-07,43,HOME CARE,309.0
2017-08-08,43,HOME CARE,270.0
2017-08-09,43,HOME CARE,241.0
2017-08-10,43,HOME CARE,209.0
2017-08-11,43,HOME CARE,244.0
2017-08-12,43,HOME CARE,232.0
2017-08-13,43,HOME CARE,293.0
2017-08-14,43,HOME CARE,281.0
2017-08-15,43,HOME CARE,245.0
2017-08-02,43,LADIESWEAR,0.0
2017-08-03,43,LADIESWEAR,0.0
2017-08-04,43,LADIESWEAR,0.0
2017-08-05,43,LADIESWEAR,0.0
2017-08-06,43,LADIESWEAR,0.0
2017-08-07,43,LADIESWEAR,0.0
2017-08-08,43,LADIESWEAR,0.0
2017-08-09,43,LADIESWEAR,0.0
2017-08-10,43,LADIESWEAR,0.0
2017-08-11,43,LADIESWEAR,0.0
2017-08-12,43,LADIESWEAR,0.0
2017-08-13,43,LADIESWEAR,0.0
2017-08-14,43,LADIESWEAR,0.0
2017-08-15,43,LADIESWEAR,0.0
2017-08-02,43,LAWN AND GARDEN,11.0
2017-08-03,43,LAWN AND GARDEN,17.0
2017-08-04,43,LAWN AND GARDEN,11.0
2017-08-05,43,LAWN AND GARDEN,13.0
2017-08-06,43,LAWN AND GARDEN,13.0
2017-08-07,43,LAWN AND GARDEN,0.0
2017-08-08,43,LAWN AND GARDEN,8.0
2017-08-09,43,LAWN AND GARDEN,9.0
2017-08-10,43,LAWN AND GARDEN,8.0
2017-08-11,43,LAWN AND GARDEN,23.0
2017-08-12,43,LAWN AND GARDEN,9.0
2017-08-13,43,LAWN AND GARDEN,12.0
2017-08-14,43,LAWN AND GARDEN,3.0
2017-08-15,43,LAWN AND GARDEN,8.0
2017-08-02,43,LINGERIE,0.0
2017-08-03,43,LINGERIE,2.0
2017-08-04,43,LINGERIE,1.0
2017-08-05,43,LINGERIE,1.0
2017-08-06,43,LINGERIE,1.0
2017-08-07,43,LINGERIE,2.0
2017-08-08,43,LINGERIE,3.0
2017-08-09,43,LINGERIE,2.0
2017-08-10,43,LINGERIE,1.0
2017-08-11,43,LINGERIE,0.0
2017-08-12,43,LINGERIE,6.0
2017-08-13,43,LINGERIE,5.0
2017-08-14,43,LINGERIE,2.0
2017-08-15,43,LINGERIE,0.0
2017-08-02,43,"LIQUOR,WINE,BEER",57.0
2017-08-03,43,"LIQUOR,WINE,BEER",75.0
2017-08-04,43,"LIQUOR,WINE,BEER",131.0
2017-08-05,43,"LIQUOR,WINE,BEER",102.0
2017-08-06,43,"LIQUOR,WINE,BEER",206.0
2017-08-07,43,"LIQUOR,WINE,BEER",56.0
2017-08-08,43,"LIQUOR,WINE,BEER",26.0
2017-08-09,43,"LIQUOR,WINE,BEER",42.0
2017-08-10,43,"LIQUOR,WINE,BEER",112.0
2017-08-11,43,"LIQUOR,WINE,BEER",93.0
2017-08-12,43,"LIQUOR,WINE,BEER",204.0
2017-08-13,43,"LIQUOR,WINE,BEER",47.0
2017-08-14,43,"LIQUOR,WINE,BEER",71.0
2017-08-15,43,"LIQUOR,WINE,BEER",57.0
2017-08-02,43,MAGAZINES,1.0
2017-08-03,43,MAGAZINES,0.0
2017-08-04,43,MAGAZINES,1.0
2017-08-05,43,MAGAZINES,3.0
2017-08-06,43,MAGAZINES,4.0
2017-08-07,43,MAGAZINES,0.0
2017-08-08,43,MAGAZINES,0.0
2017-08-09,43,MAGAZINES,23.0
2017-08-10,43,MAGAZINES,13.0
2017-08-11,43,MAGAZINES,1.0
2017-08-12,43,MAGAZINES,0.0
2017-08-13,43,MAGAZINES,1.0
2017-08-14,43,MAGAZINES,3.0
2017-08-15,43,MAGAZINES,2.0
2017-08-02,43,MEATS,256.872
2017-08-03,43,MEATS,288.26
2017-08-04,43,MEATS,213.196
2017-08-05,43,MEATS,197.303
2017-08-06,43,MEATS,251.195
2017-08-07,43,MEATS,233.795
2017-08-08,43,MEATS,217.787
2017-08-09,43,MEATS,183.815
2017-08-10,43,MEATS,253.289
2017-08-11,43,MEATS,200.33101
2017-08-12,43,MEATS,201.291
2017-08-13,43,MEATS,261.395
2017-08-14,43,MEATS,207.491
2017-08-15,43,MEATS,253.651
2017-08-02,43,PERSONAL CARE,384.0
2017-08-03,43,PERSONAL CARE,345.0
2017-08-04,43,PERSONAL CARE,310.0
2017-08-05,43,PERSONAL CARE,261.0
2017-08-06,43,PERSONAL CARE,397.0
2017-08-07,43,PERSONAL CARE,342.0
2017-08-08,43,PERSONAL CARE,278.0
2017-08-09,43,PERSONAL CARE,259.0
2017-08-10,43,PERSONAL CARE,262.0
2017-08-11,43,PERSONAL CARE,305.0
2017-08-12,43,PERSONAL CARE,213.0
2017-08-13,43,PERSONAL CARE,326.0
2017-08-14,43,PERSONAL CARE,277.0
2017-08-15,43,PERSONAL CARE,277.0
2017-08-02,43,PET SUPPLIES,4.0
2017-08-03,43,PET SUPPLIES,2.0
2017-08-04,43,PET SUPPLIES,8.0
2017-08-05,43,PET SUPPLIES,2.0
2017-08-06,43,PET SUPPLIES,3.0
2017-08-07,43,PET SUPPLIES,2.0
2017-08-08,43,PET SUPPLIES,0.0
2017-08-09,43,PET SUPPLIES,4.0
2017-08-10,43,PET SUPPLIES,2.0
2017-08-11,43,PET SUPPLIES,3.0
2017-08-12,43,PET SUPPLIES,5.0
2017-08-13,43,PET SUPPLIES,6.0
2017-08-14,43,PET SUPPLIES,5.0
2017-08-15,43,PET SUPPLIES,4.0
2017-08-02,43,PLAYERS AND ELECTRONICS,0.0
2017-08-03,43,PLAYERS AND ELECTRONICS,1.0
2017-08-04,43,PLAYERS AND ELECTRONICS,1.0
2017-08-05,43,PLAYERS AND ELECTRONICS,6.0
2017-08-06,43,PLAYERS AND ELECTRONICS,6.0
2017-08-07,43,PLAYERS AND ELECTRONICS,7.0
2017-08-08,43,PLAYERS AND ELECTRONICS,2.0
2017-08-09,43,PLAYERS AND ELECTRONICS,3.0
2017-08-10,43,PLAYERS AND ELECTRONICS,0.0
2017-08-11,43,PLAYERS AND ELECTRONICS,0.0
2017-08-12,43,PLAYERS AND ELECTRONICS,0.0
2017-08-13,43,PLAYERS AND ELECTRONICS,0.0
2017-08-14,43,PLAYERS AND ELECTRONICS,1.0
2017-08-15,43,PLAYERS AND ELECTRONICS,4.0
2017-08-02,43,POULTRY,302.668
2017-08-03,43,POULTRY,204.892
2017-08-04,43,POULTRY,448.767
2017-08-05,43,POULTRY,170.853
2017-08-06,43,POULTRY,333.951
2017-08-07,43,POULTRY,209.864
2017-08-08,43,POULTRY,276.962
2017-08-09,43,POULTRY,230.282
2017-08-10,43,POULTRY,217.714
2017-08-11,43,POULTRY,332.742
2017-08-12,43,POULTRY,214.698
2017-08-13,43,POULTRY,303.925
2017-08-14,43,POULTRY,223.058
2017-08-15,43,POULTRY,239.972
2017-08-02,43,PREPARED FOODS,107.699
2017-08-03,43,PREPARED FOODS,150.172
2017-08-04,43,PREPARED FOODS,233.229
2017-08-05,43,PREPARED FOODS,81.294
2017-08-06,43,PREPARED FOODS,141.123
2017-08-07,43,PREPARED FOODS,183.069
2017-08-08,43,PREPARED FOODS,149.609
2017-08-09,43,PREPARED FOODS,102.0
2017-08-10,43,PREPARED FOODS,91.013
2017-08-11,43,PREPARED FOODS,133.957
2017-08-12,43,PREPARED FOODS,91.144
2017-08-13,43,PREPARED FOODS,239.049
2017-08-14,43,PREPARED FOODS,127.135
2017-08-15,43,PREPARED FOODS,128.714
2017-08-02,43,PRODUCE,1134.658
2017-08-03,43,PRODUCE,1144.937
2017-08-04,43,PRODUCE,1636.728
2017-08-05,43,PRODUCE,1038.204
2017-08-06,43,PRODUCE,1430.392
2017-08-07,43,PRODUCE,1106.633
2017-08-08,43,PRODUCE,2629.656
2017-08-09,43,PRODUCE,1217.357
2017-08-10,43,PRODUCE,1149.686
2017-08-11,43,PRODUCE,1652.402
2017-08-12,43,PRODUCE,1127.177
2017-08-13,43,PRODUCE,1436.614
2017-08-14,43,PRODUCE,1482.045
2017-08-15,43,PRODUCE,1743.106
2017-08-02,43,SCHOOL AND OFFICE SUPPLIES,0.0
2017-08-03,43,SCHOOL AND OFFICE SUPPLIES,0.0
2017-08-04,43,SCHOOL AND OFFICE SUPPLIES,0.0
2017-08-05,43,SCHOOL AND OFFICE SUPPLIES,1.0
2017-08-06,43,SCHOOL AND OFFICE SUPPLIES,0.0
2017-08-07,43,SCHOOL AND OFFICE SUPPLIES,2.0
2017-08-08,43,SCHOOL AND OFFICE SUPPLIES,2.0
2017-08-09,43,SCHOOL AND OFFICE SUPPLIES,1.0
2017-08-10,43,SCHOOL AND OFFICE SUPPLIES,2.0
2017-08-11,43,SCHOOL AND OFFICE SUPPLIES,2.0
2017-08-12,43,SCHOOL AND OFFICE SUPPLIES,4.0
2017-08-13,43,SCHOOL AND OFFICE SUPPLIES,8.0
2017-08-14,43,SCHOOL AND OFFICE SUPPLIES,4.0
2017-08-15,43,SCHOOL AND OFFICE SUPPLIES,2.0
2017-08-02,43,SEAFOOD,0.0
2017-08-03,43,SEAFOOD,0.0
2017-08-04,43,SEAFOOD,1.0
2017-08-05,43,SEAFOOD,0.0
2017-08-06,43,SEAFOOD,2.0
2017-08-07,43,SEAFOOD,0.0
2017-08-08,43,SEAFOOD,0.0
2017-08-09,43,SEAFOOD,0.0
2017-08-10,43,SEAFOOD,0.0
2017-08-11,43,SEAFOOD,1.0
2017-08-12,43,SEAFOOD,0.0
2017-08-13,43,SEAFOOD,3.0
2017-08-14,43,SEAFOOD,1.0
2017-08-15,43,SEAFOOD,0.0
2017-08-02,44,AUTOMOTIVE,15.0
2017-08-03,44,AUTOMOTIVE,11.0
2017-08-04,44,AUTOMOTIVE,16.0
2017-08-05,44,AUTOMOTIVE,10.0
2017-08-06,44,AUTOMOTIVE,34.0
2017-08-07,44,AUTOMOTIVE,19.0
2017-08-08,44,AUTOMOTIVE,15.0
2017-08-09,44,AUTOMOTIVE,14.0
2017-08-10,44,AUTOMOTIVE,16.0
2017-08-11,44,AUTOMOTIVE,25.0
2017-08-12,44,AUTOMOTIVE,12.0
2017-08-13,44,AUTOMOTIVE,20.0
2017-08-14,44,AUTOMOTIVE,10.0
2017-08-15,44,AUTOMOTIVE,15.0
2017-08-02,44,BABY CARE,0.0
2017-08-03,44,BABY CARE,0.0
2017-08-04,44,BABY CARE,0.0
2017-08-05,44,BABY CARE,0.0
2017-08-06,44,BABY CARE,0.0
2017-08-07,44,BABY CARE,0.0
2017-08-08,44,BABY CARE,0.0
2017-08-09,44,BABY CARE,0.0
2017-08-10,44,BABY CARE,0.0
2017-08-11,44,BABY CARE,0.0
2017-08-12,44,BABY CARE,0.0
2017-08-13,44,BABY CARE,0.0
2017-08-14,44,BABY CARE,0.0
2017-08-15,44,BABY CARE,0.0
2017-08-02,44,BEAUTY,17.0
2017-08-03,44,BEAUTY,13.0
2017-08-04,44,BEAUTY,13.0
2017-08-05,44,BEAUTY,27.0
2017-08-06,44,BEAUTY,28.0
2017-08-07,44,BEAUTY,20.0
2017-08-08,44,BEAUTY,14.0
2017-08-09,44,BEAUTY,14.0
2017-08-10,44,BEAUTY,22.0
2017-08-11,44,BEAUTY,16.0
2017-08-12,44,BEAUTY,19.0
2017-08-13,44,BEAUTY,17.0
2017-08-14,44,BEAUTY,7.0
2017-08-15,44,BEAUTY,9.0
2017-08-02,44,BEVERAGES,9461.0
2017-08-03,44,BEVERAGES,7396.0
2017-08-04,44,BEVERAGES,8620.0
2017-08-05,44,BEVERAGES,12455.0
2017-08-06,44,BEVERAGES,12913.0
2017-08-07,44,BEVERAGES,8254.0
2017-08-08,44,BEVERAGES,6967.0
2017-08-09,44,BEVERAGES,7679.0
2017-08-10,44,BEVERAGES,7595.0
2017-08-11,44,BEVERAGES,9517.0
2017-08-12,44,BEVERAGES,9624.0
2017-08-13,44,BEVERAGES,10491.0
2017-08-14,44,BEVERAGES,7322.0
2017-08-15,44,BEVERAGES,7351.0
2017-08-02,44,BOOKS,0.0
2017-08-03,44,BOOKS,0.0
2017-08-04,44,BOOKS,0.0
2017-08-05,44,BOOKS,0.0
2017-08-06,44,BOOKS,0.0
2017-08-07,44,BOOKS,0.0
2017-08-08,44,BOOKS,0.0
2017-08-09,44,BOOKS,0.0
2017-08-10,44,BOOKS,0.0
2017-08-11,44,BOOKS,0.0
2017-08-12,44,BOOKS,0.0
2017-08-13,44,BOOKS,0.0
2017-08-14,44,BOOKS,0.0
2017-08-15,44,BOOKS,0.0
2017-08-02,44,BREAD/BAKERY,1801.5
2017-08-03,44,BREAD/BAKERY,1349.882
2017-08-04,44,BREAD/BAKERY,1662.026
2017-08-05,44,BREAD/BAKERY,1941.872
2017-08-06,44,BREAD/BAKERY,2207.509
2017-08-07,44,BREAD/BAKERY,1525.147
2017-08-08,44,BREAD/BAKERY,1391.784
2017-08-09,44,BREAD/BAKERY,1325.756
2017-08-10,44,BREAD/BAKERY,1216.585
2017-08-11,44,BREAD/BAKERY,1772.026
2017-08-12,44,BREAD/BAKERY,1625.735
2017-08-13,44,BREAD/BAKERY,1843.081
2017-08-14,44,BREAD/BAKERY,1481.496
2017-08-15,44,BREAD/BAKERY,1241.632
2017-08-02,44,CELEBRATION,20.0
2017-08-03,44,CELEBRATION,38.0
2017-08-04,44,CELEBRATION,21.0
2017-08-05,44,CELEBRATION,22.0
2017-08-06,44,CELEBRATION,20.0
2017-08-07,44,CELEBRATION,18.0
2017-08-08,44,CELEBRATION,14.0
2017-08-09,44,CELEBRATION,40.0
2017-08-10,44,CELEBRATION,35.0
2017-08-11,44,CELEBRATION,13.0
2017-08-12,44,CELEBRATION,23.0
2017-08-13,44,CELEBRATION,19.0
2017-08-14,44,CELEBRATION,12.0
2017-08-15,44,CELEBRATION,40.0
2017-08-02,44,CLEANING,3337.0
2017-08-03,44,CLEANING,2304.0
2017-08-04,44,CLEANING,2289.0
2017-08-05,44,CLEANING,2889.0
2017-08-06,44,CLEANING,3196.0
2017-08-07,44,CLEANING,1967.0
2017-08-08,44,CLEANING,1895.0
2017-08-09,44,CLEANING,1878.0
2017-08-10,44,CLEANING,1767.0
2017-08-11,44,CLEANING,2106.0
2017-08-12,44,CLEANING,2143.0
2017-08-13,44,CLEANING,2300.0
2017-08-14,44,CLEANING,1973.0
2017-08-15,44,CLEANING,1895.0
2017-08-02,44,DAIRY,2663.0
2017-08-03,44,DAIRY,1966.0
2017-08-04,44,DAIRY,2331.0
2017-08-05,44,DAIRY,3229.0
2017-08-06,44,DAIRY,3483.0
2017-08-07,44,DAIRY,2103.0
2017-08-08,44,DAIRY,1756.0
2017-08-09,44,DAIRY,2155.0
2017-08-10,44,DAIRY,1864.0
2017-08-11,44,DAIRY,2644.0
2017-08-12,44,DAIRY,2531.0
2017-08-13,44,DAIRY,2943.0
2017-08-14,44,DAIRY,2211.0
2017-08-15,44,DAIRY,1918.0
2017-08-02,44,DELI,537.728
2017-08-03,44,DELI,428.866
2017-08-04,44,DELI,551.914
2017-08-05,44,DELI,710.336
2017-08-06,44,DELI,801.468
2017-08-07,44,DELI,479.79
2017-08-08,44,DELI,405.926
2017-08-09,44,DELI,443.26498
2017-08-10,44,DELI,380.921
2017-08-11,44,DELI,616.01
2017-08-12,44,DELI,562.529
2017-08-13,44,DELI,548.278
2017-08-14,44,DELI,455.757
2017-08-15,44,DELI,468.755
2017-08-02,44,EGGS,651.0
2017-08-03,44,EGGS,423.0
2017-08-04,44,EGGS,665.0
2017-08-05,44,EGGS,770.0
2017-08-06,44,EGGS,955.0
2017-08-07,44,EGGS,553.0
2017-08-08,44,EGGS,446.0
2017-08-09,44,EGGS,511.0
2017-08-10,44,EGGS,409.0
2017-08-11,44,EGGS,641.0
2017-08-12,44,EGGS,665.0
2017-08-13,44,EGGS,792.0
2017-08-14,44,EGGS,586.0
2017-08-15,44,EGGS,506.0
2017-08-02,44,FROZEN FOODS,458.799
2017-08-03,44,FROZEN FOODS,424.094
2017-08-04,44,FROZEN FOODS,721.105
2017-08-05,44,FROZEN FOODS,620.602
2017-08-06,44,FROZEN FOODS,578.911
2017-08-07,44,FROZEN FOODS,357.0
2017-08-08,44,FROZEN FOODS,298.216
2017-08-09,44,FROZEN FOODS,345.822
2017-08-10,44,FROZEN FOODS,369.054
2017-08-11,44,FROZEN FOODS,484.234
2017-08-12,44,FROZEN FOODS,426.0
2017-08-13,44,FROZEN FOODS,394.298
2017-08-14,44,FROZEN FOODS,286.778
2017-08-15,44,FROZEN FOODS,307.0
2017-08-02,44,GROCERY I,11156.0
2017-08-03,44,GROCERY I,8419.0
2017-08-04,44,GROCERY I,9346.0
2017-08-05,44,GROCERY I,12463.0
2017-08-06,44,GROCERY I,13248.0
2017-08-07,44,GROCERY I,8497.0
2017-08-08,44,GROCERY I,8201.0
2017-08-09,44,GROCERY I,8062.0
2017-08-10,44,GROCERY I,7097.0
2017-08-11,44,GROCERY I,9979.0
2017-08-12,44,GROCERY I,9391.0
2017-08-13,44,GROCERY I,9811.0
2017-08-14,44,GROCERY I,8318.0
2017-08-15,44,GROCERY I,8123.0
2017-08-02,44,GROCERY II,152.0
2017-08-03,44,GROCERY II,83.0
2017-08-04,44,GROCERY II,137.0
2017-08-05,44,GROCERY II,110.0
2017-08-06,44,GROCERY II,92.0
2017-08-07,44,GROCERY II,58.0
2017-08-08,44,GROCERY II,79.0
2017-08-09,44,GROCERY II,101.0
2017-08-10,44,GROCERY II,102.0
2017-08-11,44,GROCERY II,54.0
2017-08-12,44,GROCERY II,63.0
2017-08-13,44,GROCERY II,64.0
2017-08-14,44,GROCERY II,76.0
2017-08-15,44,GROCERY II,84.0
2017-08-02,44,HARDWARE,2.0
2017-08-03,44,HARDWARE,4.0
2017-08-04,44,HARDWARE,6.0
2017-08-05,44,HARDWARE,5.0
2017-08-06,44,HARDWARE,6.0
2017-08-07,44,HARDWARE,4.0
2017-08-08,44,HARDWARE,0.0
2017-08-09,44,HARDWARE,8.0
2017-08-10,44,HARDWARE,7.0
2017-08-11,44,HARDWARE,6.0
2017-08-12,44,HARDWARE,3.0
2017-08-13,44,HARDWARE,7.0
2017-08-14,44,HARDWARE,3.0
2017-08-15,44,HARDWARE,2.0
2017-08-02,44,HOME AND KITCHEN I,115.0
2017-08-03,44,HOME AND KITCHEN I,74.0
2017-08-04,44,HOME AND KITCHEN I,50.0
2017-08-05,44,HOME AND KITCHEN I,132.0
2017-08-06,44,HOME AND KITCHEN I,125.0
2017-08-07,44,HOME AND KITCHEN I,63.0
2017-08-08,44,HOME AND KITCHEN I,86.0
2017-08-09,44,HOME AND KITCHEN I,127.0
2017-08-10,44,HOME AND KITCHEN I,109.0
2017-08-11,44,HOME AND KITCHEN I,126.0
2017-08-12,44,HOME AND KITCHEN I,121.0
2017-08-13,44,HOME AND KITCHEN I,148.0
2017-08-14,44,HOME AND KITCHEN I,130.0
2017-08-15,44,HOME AND KITCHEN I,136.0
2017-08-02,44,HOME AND KITCHEN II,133.0
2017-08-03,44,HOME AND KITCHEN II,128.0
2017-08-04,44,HOME AND KITCHEN II,109.0
2017-08-05,44,HOME AND KITCHEN II,150.0
2017-08-06,44,HOME AND KITCHEN II,121.0
2017-08-07,44,HOME AND KITCHEN II,111.0
2017-08-08,44,HOME AND KITCHEN II,78.0
2017-08-09,44,HOME AND KITCHEN II,233.0
2017-08-10,44,HOME AND KITCHEN II,76.0
2017-08-11,44,HOME AND KITCHEN II,124.0
2017-08-12,44,HOME AND KITCHEN II,123.0
2017-08-13,44,HOME AND KITCHEN II,131.0
2017-08-14,44,HOME AND KITCHEN II,75.0
2017-08-15,44,HOME AND KITCHEN II,103.0
2017-08-02,44,HOME APPLIANCES,1.0
2017-08-03,44,HOME APPLIANCES,0.0
2017-08-04,44,HOME APPLIANCES,0.0
2017-08-05,44,HOME APPLIANCES,0.0
2017-08-06,44,HOME APPLIANCES,0.0
2017-08-07,44,HOME APPLIANCES,0.0
2017-08-08,44,HOME APPLIANCES,0.0
2017-08-09,44,HOME APPLIANCES,0.0
2017-08-10,44,HOME APPLIANCES,0.0
2017-08-11,44,HOME APPLIANCES,0.0
2017-08-12,44,HOME APPLIANCES,0.0
2017-08-13,44,HOME APPLIANCES,0.0
2017-08-14,44,HOME APPLIANCES,0.0
2017-08-15,44,HOME APPLIANCES,0.0
2017-08-02,44,HOME CARE,767.0
2017-08-03,44,HOME CARE,500.0
2017-08-04,44,HOME CARE,536.0
2017-08-05,44,HOME CARE,776.0
2017-08-06,44,HOME CARE,942.0
2017-08-07,44,HOME CARE,511.0
2017-08-08,44,HOME CARE,475.0
2017-08-09,44,HOME CARE,506.0
2017-08-10,44,HOME CARE,472.0
2017-08-11,44,HOME CARE,607.0
2017-08-12,44,HOME CARE,684.0
2017-08-13,44,HOME CARE,741.0
2017-08-14,44,HOME CARE,547.0
2017-08-15,44,HOME CARE,529.0
2017-08-02,44,LADIESWEAR,41.0
2017-08-03,44,LADIESWEAR,29.0
2017-08-04,44,LADIESWEAR,24.0
2017-08-05,44,LADIESWEAR,37.0
2017-08-06,44,LADIESWEAR,61.0
2017-08-07,44,LADIESWEAR,35.0
2017-08-08,44,LADIESWEAR,27.0
2017-08-09,44,LADIESWEAR,13.0
2017-08-10,44,LADIESWEAR,15.0
2017-08-11,44,LADIESWEAR,32.0
2017-08-12,44,LADIESWEAR,17.0
2017-08-13,44,LADIESWEAR,34.0
2017-08-14,44,LADIESWEAR,34.0
2017-08-15,44,LADIESWEAR,24.0
2017-08-02,44,LAWN AND GARDEN,42.0
2017-08-03,44,LAWN AND GARDEN,20.0
2017-08-04,44,LAWN AND GARDEN,26.0
2017-08-05,44,LAWN AND GARDEN,48.0
2017-08-06,44,LAWN AND GARDEN,20.0
2017-08-07,44,LAWN AND GARDEN,52.0
2017-08-08,44,LAWN AND GARDEN,16.0
2017-08-09,44,LAWN AND GARDEN,19.0
2017-08-10,44,LAWN AND GARDEN,29.0
2017-08-11,44,LAWN AND GARDEN,49.0
2017-08-12,44,LAWN AND GARDEN,37.0
2017-08-13,44,LAWN AND GARDEN,28.0
2017-08-14,44,LAWN AND GARDEN,18.0
2017-08-15,44,LAWN AND GARDEN,22.0
2017-08-02,44,LINGERIE,14.0
2017-08-03,44,LINGERIE,26.0
2017-08-04,44,LINGERIE,23.0
2017-08-05,44,LINGERIE,49.0
2017-08-06,44,LINGERIE,88.0
2017-08-07,44,LINGERIE,44.0
2017-08-08,44,LINGERIE,51.0
2017-08-09,44,LINGERIE,64.0
2017-08-10,44,LINGERIE,36.0
2017-08-11,44,LINGERIE,31.0
2017-08-12,44,LINGERIE,70.0
2017-08-13,44,LINGERIE,103.0
2017-08-14,44,LINGERIE,92.0
2017-08-15,44,LINGERIE,61.0
2017-08-02,44,"LIQUOR,WINE,BEER",307.0
2017-08-03,44,"LIQUOR,WINE,BEER",352.0
2017-08-04,44,"LIQUOR,WINE,BEER",401.0
2017-08-05,44,"LIQUOR,WINE,BEER",521.0
2017-08-06,44,"LIQUOR,WINE,BEER",307.0
2017-08-07,44,"LIQUOR,WINE,BEER",175.0
2017-08-08,44,"LIQUOR,WINE,BEER",225.0
2017-08-09,44,"LIQUOR,WINE,BEER",260.0
2017-08-10,44,"LIQUOR,WINE,BEER",387.0
2017-08-11,44,"LIQUOR,WINE,BEER",560.0
2017-08-12,44,"LIQUOR,WINE,BEER",454.0
2017-08-13,44,"LIQUOR,WINE,BEER",252.0
2017-08-14,44,"LIQUOR,WINE,BEER",186.0
2017-08-15,44,"LIQUOR,WINE,BEER",206.0
2017-08-02,44,MAGAZINES,20.0
2017-08-03,44,MAGAZINES,10.0
2017-08-04,44,MAGAZINES,28.0
2017-08-05,44,MAGAZINES,56.0
2017-08-06,44,MAGAZINES,45.0
2017-08-07,44,MAGAZINES,38.0
2017-08-08,44,MAGAZINES,16.0
2017-08-09,44,MAGAZINES,27.0
2017-08-10,44,MAGAZINES,21.0
2017-08-11,44,MAGAZINES,36.0
2017-08-12,44,MAGAZINES,34.0
2017-08-13,44,MAGAZINES,33.0
2017-08-14,44,MAGAZINES,27.0
2017-08-15,44,MAGAZINES,20.0
2017-08-02,44,MEATS,946.753
2017-08-03,44,MEATS,779.817
2017-08-04,44,MEATS,1547.814
2017-08-05,44,MEATS,1104.793
2017-08-06,44,MEATS,1115.052
2017-08-07,44,MEATS,713.305
2017-08-08,44,MEATS,696.067
2017-08-09,44,MEATS,751.269
2017-08-10,44,MEATS,726.99
2017-08-11,44,MEATS,1435.457
2017-08-12,44,MEATS,906.706
2017-08-13,44,MEATS,829.935
2017-08-14,44,MEATS,735.229
2017-08-15,44,MEATS,669.362
2017-08-02,44,PERSONAL CARE,629.0
2017-08-03,44,PERSONAL CARE,518.0
2017-08-04,44,PERSONAL CARE,475.0
2017-08-05,44,PERSONAL CARE,850.0
2017-08-06,44,PERSONAL CARE,907.0
2017-08-07,44,PERSONAL CARE,547.0
2017-08-08,44,PERSONAL CARE,457.0
2017-08-09,44,PERSONAL CARE,432.0
2017-08-10,44,PERSONAL CARE,342.0
2017-08-11,44,PERSONAL CARE,773.0
2017-08-12,44,PERSONAL CARE,595.0
2017-08-13,44,PERSONAL CARE,651.0
2017-08-14,44,PERSONAL CARE,489.0
2017-08-15,44,PERSONAL CARE,447.0
2017-08-02,44,PET SUPPLIES,25.0
2017-08-03,44,PET SUPPLIES,42.0
2017-08-04,44,PET SUPPLIES,29.0
2017-08-05,44,PET SUPPLIES,47.0
2017-08-06,44,PET SUPPLIES,70.0
2017-08-07,44,PET SUPPLIES,32.0
2017-08-08,44,PET SUPPLIES,32.0
2017-08-09,44,PET SUPPLIES,42.0
2017-08-10,44,PET SUPPLIES,27.0
2017-08-11,44,PET SUPPLIES,51.0
2017-08-12,44,PET SUPPLIES,44.0
2017-08-13,44,PET SUPPLIES,56.0
2017-08-14,44,PET SUPPLIES,36.0
2017-08-15,44,PET SUPPLIES,26.0
2017-08-02,44,PLAYERS AND ELECTRONICS,31.0
2017-08-03,44,PLAYERS AND ELECTRONICS,43.0
2017-08-04,44,PLAYERS AND ELECTRONICS,39.0
2017-08-05,44,PLAYERS AND ELECTRONICS,40.0
2017-08-06,44,PLAYERS AND ELECTRONICS,58.0
2017-08-07,44,PLAYERS AND ELECTRONICS,33.0
2017-08-08,44,PLAYERS AND ELECTRONICS,21.0
2017-08-09,44,PLAYERS AND ELECTRONICS,35.0
2017-08-10,44,PLAYERS AND ELECTRONICS,40.0
2017-08-11,44,PLAYERS AND ELECTRONICS,48.0
2017-08-12,44,PLAYERS AND ELECTRONICS,32.0
2017-08-13,44,PLAYERS AND ELECTRONICS,41.0
2017-08-14,44,PLAYERS AND ELECTRONICS,37.0
2017-08-15,44,PLAYERS AND ELECTRONICS,34.0
2017-08-02,44,POULTRY,1291.414
2017-08-03,44,POULTRY,926.074
2017-08-04,44,POULTRY,1761.187
2017-08-05,44,POULTRY,1383.808
2017-08-06,44,POULTRY,1653.382
2017-08-07,44,POULTRY,942.442
2017-08-08,44,POULTRY,790.96
2017-08-09,44,POULTRY,1117.861
2017-08-10,44,POULTRY,922.268
2017-08-11,44,POULTRY,1489.224
2017-08-12,44,POULTRY,1238.589
2017-08-13,44,POULTRY,1292.238
2017-08-14,44,POULTRY,1028.516
2017-08-15,44,POULTRY,909.194
2017-08-02,44,PREPARED FOODS,354.222
2017-08-03,44,PREPARED FOODS,326.372
2017-08-04,44,PREPARED FOODS,305.53
2017-08-05,44,PREPARED FOODS,307.531
2017-08-06,44,PREPARED FOODS,325.564
2017-08-07,44,PREPARED FOODS,315.483
2017-08-08,44,PREPARED FOODS,254.187
2017-08-09,44,PREPARED FOODS,289.667
2017-08-10,44,PREPARED FOODS,300.255
2017-08-11,44,PREPARED FOODS,276.162
2017-08-12,44,PREPARED FOODS,263.702
2017-08-13,44,PREPARED FOODS,281.72
2017-08-14,44,PREPARED FOODS,297.046
2017-08-15,44,PREPARED FOODS,329.522
2017-08-02,44,PRODUCE,14145.908
2017-08-03,44,PRODUCE,7084.905
2017-08-04,44,PRODUCE,8396.099
2017-08-05,44,PRODUCE,10463.003
2017-08-06,44,PRODUCE,12913.622
2017-08-07,44,PRODUCE,8041.423
2017-08-08,44,PRODUCE,6944.087
2017-08-09,44,PRODUCE,11384.693
2017-08-10,44,PRODUCE,6172.147
2017-08-11,44,PRODUCE,9311.46
2017-08-12,44,PRODUCE,9153.445
2017-08-13,44,PRODUCE,11201.803
2017-08-14,44,PRODUCE,8735.741
2017-08-15,44,PRODUCE,7239.617
2017-08-02,44,SCHOOL AND OFFICE SUPPLIES,264.0
2017-08-03,44,SCHOOL AND OFFICE SUPPLIES,370.0
2017-08-04,44,SCHOOL AND OFFICE SUPPLIES,472.0
2017-08-05,44,SCHOOL AND OFFICE SUPPLIES,699.0
2017-08-06,44,SCHOOL AND OFFICE SUPPLIES,740.0
2017-08-07,44,SCHOOL AND OFFICE SUPPLIES,608.0
2017-08-08,44,SCHOOL AND OFFICE SUPPLIES,294.0
2017-08-09,44,SCHOOL AND OFFICE SUPPLIES,288.0
2017-08-10,44,SCHOOL AND OFFICE SUPPLIES,264.0
2017-08-11,44,SCHOOL AND OFFICE SUPPLIES,380.0
2017-08-12,44,SCHOOL AND OFFICE SUPPLIES,611.0
2017-08-13,44,SCHOOL AND OFFICE SUPPLIES,424.0
2017-08-14,44,SCHOOL AND OFFICE SUPPLIES,326.0
2017-08-15,44,SCHOOL AND OFFICE SUPPLIES,345.0
2017-08-02,44,SEAFOOD,90.137
2017-08-03,44,SEAFOOD,66.092
2017-08-04,44,SEAFOOD,118.236
2017-08-05,44,SEAFOOD,135.715
2017-08-06,44,SEAFOOD,110.792
2017-08-07,44,SEAFOOD,93.008
2017-08-08,44,SEAFOOD,91.683
2017-08-09,44,SEAFOOD,73.954
2017-08-10,44,SEAFOOD,50.77
2017-08-11,44,SEAFOOD,127.927
2017-08-12,44,SEAFOOD,87.267
2017-08-13,44,SEAFOOD,107.092
2017-08-14,44,SEAFOOD,81.965004
2017-08-15,44,SEAFOOD,80.24
2017-08-02,45,AUTOMOTIVE,21.0
2017-08-03,45,AUTOMOTIVE,8.0
2017-08-04,45,AUTOMOTIVE,16.0
2017-08-05,45,AUTOMOTIVE,18.0
2017-08-06,45,AUTOMOTIVE,23.0
2017-08-07,45,AUTOMOTIVE,17.0
2017-08-08,45,AUTOMOTIVE,12.0
2017-08-09,45,AUTOMOTIVE,16.0
2017-08-10,45,AUTOMOTIVE,11.0
2017-08-11,45,AUTOMOTIVE,19.0
2017-08-12,45,AUTOMOTIVE,22.0
2017-08-13,45,AUTOMOTIVE,27.0
2017-08-14,45,AUTOMOTIVE,15.0
2017-08-15,45,AUTOMOTIVE,11.0
2017-08-02,45,BABY CARE,0.0
2017-08-03,45,BABY CARE,0.0
2017-08-04,45,BABY CARE,0.0
2017-08-05,45,BABY CARE,0.0
2017-08-06,45,BABY CARE,0.0
2017-08-07,45,BABY CARE,0.0
2017-08-08,45,BABY CARE,0.0
2017-08-09,45,BABY CARE,0.0
2017-08-10,45,BABY CARE,0.0
2017-08-11,45,BABY CARE,0.0
2017-08-12,45,BABY CARE,0.0
2017-08-13,45,BABY CARE,0.0
2017-08-14,45,BABY CARE,0.0
2017-08-15,45,BABY CARE,0.0
2017-08-02,45,BEAUTY,16.0
2017-08-03,45,BEAUTY,10.0
2017-08-04,45,BEAUTY,17.0
2017-08-05,45,BEAUTY,27.0
2017-08-06,45,BEAUTY,42.0
2017-08-07,45,BEAUTY,10.0
2017-08-08,45,BEAUTY,12.0
2017-08-09,45,BEAUTY,9.0
2017-08-10,45,BEAUTY,9.0
2017-08-11,45,BEAUTY,14.0
2017-08-12,45,BEAUTY,13.0
2017-08-13,45,BEAUTY,24.0
2017-08-14,45,BEAUTY,16.0
2017-08-15,45,BEAUTY,15.0
2017-08-02,45,BEVERAGES,10317.0
2017-08-03,45,BEVERAGES,7093.0
2017-08-04,45,BEVERAGES,8534.0
2017-08-05,45,BEVERAGES,11802.0
2017-08-06,45,BEVERAGES,12609.0
2017-08-07,45,BEVERAGES,8488.0
2017-08-08,45,BEVERAGES,6662.0
2017-08-09,45,BEVERAGES,6975.0
2017-08-10,45,BEVERAGES,6243.0
2017-08-11,45,BEVERAGES,8983.0
2017-08-12,45,BEVERAGES,8969.0
2017-08-13,45,BEVERAGES,10671.0
2017-08-14,45,BEVERAGES,7639.0
2017-08-15,45,BEVERAGES,6805.0
2017-08-02,45,BOOKS,0.0
2017-08-03,45,BOOKS,0.0
2017-08-04,45,BOOKS,0.0
2017-08-05,45,BOOKS,0.0
2017-08-06,45,BOOKS,0.0
2017-08-07,45,BOOKS,0.0
2017-08-08,45,BOOKS,0.0
2017-08-09,45,BOOKS,0.0
2017-08-10,45,BOOKS,0.0
2017-08-11,45,BOOKS,0.0
2017-08-12,45,BOOKS,0.0
2017-08-13,45,BOOKS,0.0
2017-08-14,45,BOOKS,0.0
2017-08-15,45,BOOKS,0.0
2017-08-02,45,BREAD/BAKERY,1281.645
2017-08-03,45,BREAD/BAKERY,981.389
2017-08-04,45,BREAD/BAKERY,1383.043
2017-08-05,45,BREAD/BAKERY,1507.897
2017-08-06,45,BREAD/BAKERY,1638.026
2017-08-07,45,BREAD/BAKERY,1159.729
2017-08-08,45,BREAD/BAKERY,1072.639
2017-08-09,45,BREAD/BAKERY,1154.667
2017-08-10,45,BREAD/BAKERY,957.481
2017-08-11,45,BREAD/BAKERY,1357.47
2017-08-12,45,BREAD/BAKERY,1252.026
2017-08-13,45,BREAD/BAKERY,1416.474
2017-08-14,45,BREAD/BAKERY,1115.085
2017-08-15,45,BREAD/BAKERY,970.325
2017-08-02,45,CELEBRATION,21.0
2017-08-03,45,CELEBRATION,27.0
2017-08-04,45,CELEBRATION,61.0
2017-08-05,45,CELEBRATION,37.0
2017-08-06,45,CELEBRATION,17.0
2017-08-07,45,CELEBRATION,24.0
2017-08-08,45,CELEBRATION,14.0
2017-08-09,45,CELEBRATION,28.0
2017-08-10,45,CELEBRATION,43.0
2017-08-11,45,CELEBRATION,28.0
2017-08-12,45,CELEBRATION,38.0
2017-08-13,45,CELEBRATION,23.0
2017-08-14,45,CELEBRATION,13.0
2017-08-15,45,CELEBRATION,21.0
2017-08-02,45,CLEANING,3520.0
2017-08-03,45,CLEANING,2274.0
2017-08-04,45,CLEANING,2751.0
2017-08-05,45,CLEANING,3183.0
2017-08-06,45,CLEANING,3499.0
2017-08-07,45,CLEANING,2271.0
2017-08-08,45,CLEANING,2003.0
2017-08-09,45,CLEANING,2053.0
2017-08-10,45,CLEANING,1683.0
2017-08-11,45,CLEANING,2473.0
2017-08-12,45,CLEANING,2371.0
2017-08-13,45,CLEANING,2894.0
2017-08-14,45,CLEANING,2173.0
2017-08-15,45,CLEANING,2071.0
2017-08-02,45,DAIRY,2286.0
2017-08-03,45,DAIRY,1822.0
2017-08-04,45,DAIRY,2298.0
2017-08-05,45,DAIRY,2753.0
2017-08-06,45,DAIRY,3163.0
2017-08-07,45,DAIRY,2220.0
2017-08-08,45,DAIRY,1786.0
2017-08-09,45,DAIRY,1919.0
2017-08-10,45,DAIRY,1608.0
2017-08-11,45,DAIRY,2497.0
2017-08-12,45,DAIRY,2248.0
2017-08-13,45,DAIRY,2615.0
2017-08-14,45,DAIRY,1960.0
2017-08-15,45,DAIRY,1837.0
2017-08-02,45,DELI,733.857
2017-08-03,45,DELI,630.193
2017-08-04,45,DELI,854.114
2017-08-05,45,DELI,1032.091
2017-08-06,45,DELI,1090.068
2017-08-07,45,DELI,683.932
2017-08-08,45,DELI,558.416
2017-08-09,45,DELI,529.525
2017-08-10,45,DELI,519.248
2017-08-11,45,DELI,863.73
2017-08-12,45,DELI,784.226
2017-08-13,45,DELI,844.728
2017-08-14,45,DELI,662.163
2017-08-15,45,DELI,655.843
2017-08-02,45,EGGS,383.0
2017-08-03,45,EGGS,315.0
2017-08-04,45,EGGS,401.0
2017-08-05,45,EGGS,502.0
2017-08-06,45,EGGS,577.0
2017-08-07,45,EGGS,393.0
2017-08-08,45,EGGS,299.0
2017-08-09,45,EGGS,323.0
2017-08-10,45,EGGS,256.0
2017-08-11,45,EGGS,404.0
2017-08-12,45,EGGS,401.0
2017-08-13,45,EGGS,532.0
2017-08-14,45,EGGS,384.0
2017-08-15,45,EGGS,311.0
2017-08-02,45,FROZEN FOODS,346.935
2017-08-03,45,FROZEN FOODS,261.984
2017-08-04,45,FROZEN FOODS,492.456
2017-08-05,45,FROZEN FOODS,487.555
2017-08-06,45,FROZEN FOODS,463.105
2017-08-07,45,FROZEN FOODS,291.074
2017-08-08,45,FROZEN FOODS,207.886
2017-08-09,45,FROZEN FOODS,295.424
2017-08-10,45,FROZEN FOODS,308.281
2017-08-11,45,FROZEN FOODS,483.803
2017-08-12,45,FROZEN FOODS,416.069
2017-08-13,45,FROZEN FOODS,352.088
2017-08-14,45,FROZEN FOODS,277.447
2017-08-15,45,FROZEN FOODS,202.047
2017-08-02,45,GROCERY I,12494.0
2017-08-03,45,GROCERY I,9583.0
2017-08-04,45,GROCERY I,11562.0
2017-08-05,45,GROCERY I,14189.0
2017-08-06,45,GROCERY I,15190.0
2017-08-07,45,GROCERY I,10574.0
2017-08-08,45,GROCERY I,8693.0
2017-08-09,45,GROCERY I,9345.0
2017-08-10,45,GROCERY I,8044.0
2017-08-11,45,GROCERY I,11088.0
2017-08-12,45,GROCERY I,9917.0
2017-08-13,45,GROCERY I,12723.0
2017-08-14,45,GROCERY I,9665.0
2017-08-15,45,GROCERY I,9287.0
2017-08-02,45,GROCERY II,226.0
2017-08-03,45,GROCERY II,119.0
2017-08-04,45,GROCERY II,72.0
2017-08-05,45,GROCERY II,172.0
2017-08-06,45,GROCERY II,113.0
2017-08-07,45,GROCERY II,77.0
2017-08-08,45,GROCERY II,74.0
2017-08-09,45,GROCERY II,96.0
2017-08-10,45,GROCERY II,76.0
2017-08-11,45,GROCERY II,149.0
2017-08-12,45,GROCERY II,106.0
2017-08-13,45,GROCERY II,106.0
2017-08-14,45,GROCERY II,77.0
2017-08-15,45,GROCERY II,79.0
2017-08-02,45,HARDWARE,0.0
2017-08-03,45,HARDWARE,0.0
2017-08-04,45,HARDWARE,1.0
2017-08-05,45,HARDWARE,3.0
2017-08-06,45,HARDWARE,1.0
2017-08-07,45,HARDWARE,1.0
2017-08-08,45,HARDWARE,3.0
2017-08-09,45,HARDWARE,1.0
2017-08-10,45,HARDWARE,2.0
2017-08-11,45,HARDWARE,2.0
2017-08-12,45,HARDWARE,2.0
2017-08-13,45,HARDWARE,5.0
2017-08-14,45,HARDWARE,2.0
2017-08-15,45,HARDWARE,1.0
2017-08-02,45,HOME AND KITCHEN I,66.0
2017-08-03,45,HOME AND KITCHEN I,44.0
2017-08-04,45,HOME AND KITCHEN I,123.0
2017-08-05,45,HOME AND KITCHEN I,96.0
2017-08-06,45,HOME AND KITCHEN I,89.0
2017-08-07,45,HOME AND KITCHEN I,53.0
2017-08-08,45,HOME AND KITCHEN I,58.0
2017-08-09,45,HOME AND KITCHEN I,63.0
2017-08-10,45,HOME AND KITCHEN I,58.0
2017-08-11,45,HOME AND KITCHEN I,132.0
2017-08-12,45,HOME AND KITCHEN I,128.0
2017-08-13,45,HOME AND KITCHEN I,104.0
2017-08-14,45,HOME AND KITCHEN I,44.0
2017-08-15,45,HOME AND KITCHEN I,63.0
2017-08-02,45,HOME AND KITCHEN II,121.0
2017-08-03,45,HOME AND KITCHEN II,68.0
2017-08-04,45,HOME AND KITCHEN II,72.0
2017-08-05,45,HOME AND KITCHEN II,114.0
2017-08-06,45,HOME AND KITCHEN II,87.0
2017-08-07,45,HOME AND KITCHEN II,54.0
2017-08-08,45,HOME AND KITCHEN II,109.0
2017-08-09,45,HOME AND KITCHEN II,79.0
2017-08-10,45,HOME AND KITCHEN II,61.0
2017-08-11,45,HOME AND KITCHEN II,76.0
2017-08-12,45,HOME AND KITCHEN II,127.0
2017-08-13,45,HOME AND KITCHEN II,79.0
2017-08-14,45,HOME AND KITCHEN II,84.0
2017-08-15,45,HOME AND KITCHEN II,83.0
2017-08-02,45,HOME APPLIANCES,3.0
2017-08-03,45,HOME APPLIANCES,2.0
2017-08-04,45,HOME APPLIANCES,2.0
2017-08-05,45,HOME APPLIANCES,0.0
2017-08-06,45,HOME APPLIANCES,1.0
2017-08-07,45,HOME APPLIANCES,2.0
2017-08-08,45,HOME APPLIANCES,0.0
2017-08-09,45,HOME APPLIANCES,0.0
2017-08-10,45,HOME APPLIANCES,0.0
2017-08-11,45,HOME APPLIANCES,1.0
2017-08-12,45,HOME APPLIANCES,2.0
2017-08-13,45,HOME APPLIANCES,1.0
2017-08-14,45,HOME APPLIANCES,1.0
2017-08-15,45,HOME APPLIANCES,0.0
2017-08-02,45,HOME CARE,803.0
2017-08-03,45,HOME CARE,535.0
2017-08-04,45,HOME CARE,604.0
2017-08-05,45,HOME CARE,866.0
2017-08-06,45,HOME CARE,1052.0
2017-08-07,45,HOME CARE,640.0
2017-08-08,45,HOME CARE,461.0
2017-08-09,45,HOME CARE,523.0
2017-08-10,45,HOME CARE,420.0
2017-08-11,45,HOME CARE,626.0
2017-08-12,45,HOME CARE,647.0
2017-08-13,45,HOME CARE,816.0
2017-08-14,45,HOME CARE,563.0
2017-08-15,45,HOME CARE,570.0
2017-08-02,45,LADIESWEAR,13.0
2017-08-03,45,LADIESWEAR,21.0
2017-08-04,45,LADIESWEAR,19.0
2017-08-05,45,LADIESWEAR,53.0
2017-08-06,45,LADIESWEAR,48.0
2017-08-07,45,LADIESWEAR,28.0
2017-08-08,45,LADIESWEAR,13.0
2017-08-09,45,LADIESWEAR,4.0
2017-08-10,45,LADIESWEAR,6.0
2017-08-11,45,LADIESWEAR,25.0
2017-08-12,45,LADIESWEAR,11.0
2017-08-13,45,LADIESWEAR,33.0
2017-08-14,45,LADIESWEAR,22.0
2017-08-15,45,LADIESWEAR,17.0
2017-08-02,45,LAWN AND GARDEN,36.0
2017-08-03,45,LAWN AND GARDEN,40.0
2017-08-04,45,LAWN AND GARDEN,58.0
2017-08-05,45,LAWN AND GARDEN,73.0
2017-08-06,45,LAWN AND GARDEN,55.0
2017-08-07,45,LAWN AND GARDEN,37.0
2017-08-08,45,LAWN AND GARDEN,15.0
2017-08-09,45,LAWN AND GARDEN,35.0
2017-08-10,45,LAWN AND GARDEN,23.0
2017-08-11,45,LAWN AND GARDEN,69.0
2017-08-12,45,LAWN AND GARDEN,37.0
2017-08-13,45,LAWN AND GARDEN,33.0
2017-08-14,45,LAWN AND GARDEN,16.0
2017-08-15,45,LAWN AND GARDEN,35.0
2017-08-02,45,LINGERIE,2.0
2017-08-03,45,LINGERIE,2.0
2017-08-04,45,LINGERIE,6.0
2017-08-05,45,LINGERIE,11.0
2017-08-06,45,LINGERIE,3.0
2017-08-07,45,LINGERIE,6.0
2017-08-08,45,LINGERIE,10.0
2017-08-09,45,LINGERIE,1.0
2017-08-10,45,LINGERIE,1.0
2017-08-11,45,LINGERIE,4.0
2017-08-12,45,LINGERIE,0.0
2017-08-13,45,LINGERIE,10.0
2017-08-14,45,LINGERIE,4.0
2017-08-15,45,LINGERIE,17.0
2017-08-02,45,"LIQUOR,WINE,BEER",223.0
2017-08-03,45,"LIQUOR,WINE,BEER",207.0
2017-08-04,45,"LIQUOR,WINE,BEER",335.0
2017-08-05,45,"LIQUOR,WINE,BEER",397.0
2017-08-06,45,"LIQUOR,WINE,BEER",228.0
2017-08-07,45,"LIQUOR,WINE,BEER",137.0
2017-08-08,45,"LIQUOR,WINE,BEER",130.0
2017-08-09,45,"LIQUOR,WINE,BEER",229.0
2017-08-10,45,"LIQUOR,WINE,BEER",339.0
2017-08-11,45,"LIQUOR,WINE,BEER",470.0
2017-08-12,45,"LIQUOR,WINE,BEER",362.0
2017-08-13,45,"LIQUOR,WINE,BEER",166.0
2017-08-14,45,"LIQUOR,WINE,BEER",118.0
2017-08-15,45,"LIQUOR,WINE,BEER",155.0
2017-08-02,45,MAGAZINES,8.0
2017-08-03,45,MAGAZINES,9.0
2017-08-04,45,MAGAZINES,24.0
2017-08-05,45,MAGAZINES,34.0
2017-08-06,45,MAGAZINES,28.0
2017-08-07,45,MAGAZINES,23.0
2017-08-08,45,MAGAZINES,17.0
2017-08-09,45,MAGAZINES,17.0
2017-08-10,45,MAGAZINES,18.0
2017-08-11,45,MAGAZINES,28.0
2017-08-12,45,MAGAZINES,27.0
2017-08-13,45,MAGAZINES,35.0
2017-08-14,45,MAGAZINES,28.0
2017-08-15,45,MAGAZINES,23.0
2017-08-02,45,MEATS,1072.282
2017-08-03,45,MEATS,1069.543
2017-08-04,45,MEATS,2081.594
2017-08-05,45,MEATS,1501.485
2017-08-06,45,MEATS,1433.8201
2017-08-07,45,MEATS,872.786
2017-08-08,45,MEATS,799.75903
2017-08-09,45,MEATS,874.046
2017-08-10,45,MEATS,895.588
2017-08-11,45,MEATS,2297.823
2017-08-12,45,MEATS,1162.8411
2017-08-13,45,MEATS,1264.096
2017-08-14,45,MEATS,898.523
2017-08-15,45,MEATS,864.86
2017-08-02,45,PERSONAL CARE,952.0
2017-08-03,45,PERSONAL CARE,648.0
2017-08-04,45,PERSONAL CARE,757.0
2017-08-05,45,PERSONAL CARE,1060.0
2017-08-06,45,PERSONAL CARE,1229.0
2017-08-07,45,PERSONAL CARE,703.0
2017-08-08,45,PERSONAL CARE,571.0
2017-08-09,45,PERSONAL CARE,729.0
2017-08-10,45,PERSONAL CARE,467.0
2017-08-11,45,PERSONAL CARE,765.0
2017-08-12,45,PERSONAL CARE,760.0
2017-08-13,45,PERSONAL CARE,938.0
2017-08-14,45,PERSONAL CARE,689.0
2017-08-15,45,PERSONAL CARE,632.0
2017-08-02,45,PET SUPPLIES,27.0
2017-08-03,45,PET SUPPLIES,15.0
2017-08-04,45,PET SUPPLIES,11.0
2017-08-05,45,PET SUPPLIES,36.0
2017-08-06,45,PET SUPPLIES,25.0
2017-08-07,45,PET SUPPLIES,23.0
2017-08-08,45,PET SUPPLIES,21.0
2017-08-09,45,PET SUPPLIES,18.0
2017-08-10,45,PET SUPPLIES,19.0
2017-08-11,45,PET SUPPLIES,53.0
2017-08-12,45,PET SUPPLIES,37.0
2017-08-13,45,PET SUPPLIES,32.0
2017-08-14,45,PET SUPPLIES,23.0
2017-08-15,45,PET SUPPLIES,17.0
2017-08-02,45,PLAYERS AND ELECTRONICS,25.0
2017-08-03,45,PLAYERS AND ELECTRONICS,18.0
2017-08-04,45,PLAYERS AND ELECTRONICS,36.0
2017-08-05,45,PLAYERS AND ELECTRONICS,42.0
2017-08-06,45,PLAYERS AND ELECTRONICS,31.0
2017-08-07,45,PLAYERS AND ELECTRONICS,39.0
2017-08-08,45,PLAYERS AND ELECTRONICS,25.0
2017-08-09,45,PLAYERS AND ELECTRONICS,28.0
2017-08-10,45,PLAYERS AND ELECTRONICS,19.0
2017-08-11,45,PLAYERS AND ELECTRONICS,33.0
2017-08-12,45,PLAYERS AND ELECTRONICS,32.0
2017-08-13,45,PLAYERS AND ELECTRONICS,41.0
2017-08-14,45,PLAYERS AND ELECTRONICS,30.0
2017-08-15,45,PLAYERS AND ELECTRONICS,26.0
2017-08-02,45,POULTRY,1298.3309
2017-08-03,45,POULTRY,981.144
2017-08-04,45,POULTRY,1682.814
2017-08-05,45,POULTRY,1692.949
2017-08-06,45,POULTRY,1825.554
2017-08-07,45,POULTRY,1276.061
2017-08-08,45,POULTRY,1169.626
2017-08-09,45,POULTRY,979.273
2017-08-10,45,POULTRY,925.294
2017-08-11,45,POULTRY,1782.735
2017-08-12,45,POULTRY,1361.544
2017-08-13,45,POULTRY,1489.133
2017-08-14,45,POULTRY,1263.297
2017-08-15,45,POULTRY,1132.536
2017-08-02,45,PREPARED FOODS,283.07
2017-08-03,45,PREPARED FOODS,218.06
2017-08-04,45,PREPARED FOODS,293.333
2017-08-05,45,PREPARED FOODS,315.625
2017-08-06,45,PREPARED FOODS,326.678
2017-08-07,45,PREPARED FOODS,239.159
2017-08-08,45,PREPARED FOODS,194.481
2017-08-09,45,PREPARED FOODS,227.474
2017-08-10,45,PREPARED FOODS,215.702
2017-08-11,45,PREPARED FOODS,318.648
2017-08-12,45,PREPARED FOODS,282.336
2017-08-13,45,PREPARED FOODS,286.27
2017-08-14,45,PREPARED FOODS,248.162
2017-08-15,45,PREPARED FOODS,188.238
2017-08-02,45,PRODUCE,9582.985
2017-08-03,45,PRODUCE,4793.263
2017-08-04,45,PRODUCE,6352.9683
2017-08-05,45,PRODUCE,7535.96
2017-08-06,45,PRODUCE,8227.434
2017-08-07,45,PRODUCE,5458.487
2017-08-08,45,PRODUCE,4887.771
2017-08-09,45,PRODUCE,7743.166
2017-08-10,45,PRODUCE,4806.372
2017-08-11,45,PRODUCE,7112.925
2017-08-12,45,PRODUCE,6242.682
2017-08-13,45,PRODUCE,7621.855
2017-08-14,45,PRODUCE,6380.623
2017-08-15,45,PRODUCE,4973.192
2017-08-02,45,SCHOOL AND OFFICE SUPPLIES,561.0
2017-08-03,45,SCHOOL AND OFFICE SUPPLIES,459.0
2017-08-04,45,SCHOOL AND OFFICE SUPPLIES,566.0
2017-08-05,45,SCHOOL AND OFFICE SUPPLIES,650.0
2017-08-06,45,SCHOOL AND OFFICE SUPPLIES,573.0
2017-08-07,45,SCHOOL AND OFFICE SUPPLIES,595.0
2017-08-08,45,SCHOOL AND OFFICE SUPPLIES,542.0
2017-08-09,45,SCHOOL AND OFFICE SUPPLIES,522.0
2017-08-10,45,SCHOOL AND OFFICE SUPPLIES,235.0
2017-08-11,45,SCHOOL AND OFFICE SUPPLIES,700.0
2017-08-12,45,SCHOOL AND OFFICE SUPPLIES,434.0
2017-08-13,45,SCHOOL AND OFFICE SUPPLIES,747.0
2017-08-14,45,SCHOOL AND OFFICE SUPPLIES,575.0
2017-08-15,45,SCHOOL AND OFFICE SUPPLIES,418.0
2017-08-02,45,SEAFOOD,103.097
2017-08-03,45,SEAFOOD,67.506
2017-08-04,45,SEAFOOD,145.966
2017-08-05,45,SEAFOOD,109.42
2017-08-06,45,SEAFOOD,120.022995
2017-08-07,45,SEAFOOD,94.282
2017-08-08,45,SEAFOOD,64.865
2017-08-09,45,SEAFOOD,79.776
2017-08-10,45,SEAFOOD,45.124
2017-08-11,45,SEAFOOD,135.124
2017-08-12,45,SEAFOOD,92.479004
2017-08-13,45,SEAFOOD,99.755
2017-08-14,45,SEAFOOD,79.414
2017-08-15,45,SEAFOOD,81.885
2017-08-02,46,AUTOMOTIVE,20.0
2017-08-03,46,AUTOMOTIVE,8.0
2017-08-04,46,AUTOMOTIVE,6.0
2017-08-05,46,AUTOMOTIVE,25.0
2017-08-06,46,AUTOMOTIVE,16.0
2017-08-07,46,AUTOMOTIVE,11.0
2017-08-08,46,AUTOMOTIVE,8.0
2017-08-09,46,AUTOMOTIVE,5.0
2017-08-10,46,AUTOMOTIVE,9.0
2017-08-11,46,AUTOMOTIVE,18.0
2017-08-12,46,AUTOMOTIVE,16.0
2017-08-13,46,AUTOMOTIVE,20.0
2017-08-14,46,AUTOMOTIVE,9.0
2017-08-15,46,AUTOMOTIVE,19.0
2017-08-02,46,BABY CARE,0.0
2017-08-03,46,BABY CARE,0.0
2017-08-04,46,BABY CARE,0.0
2017-08-05,46,BABY CARE,0.0
2017-08-06,46,BABY CARE,0.0
2017-08-07,46,BABY CARE,0.0
2017-08-08,46,BABY CARE,0.0
2017-08-09,46,BABY CARE,0.0
2017-08-10,46,BABY CARE,0.0
2017-08-11,46,BABY CARE,0.0
2017-08-12,46,BABY CARE,0.0
2017-08-13,46,BABY CARE,0.0
2017-08-14,46,BABY CARE,0.0
2017-08-15,46,BABY CARE,0.0
2017-08-02,46,BEAUTY,17.0
2017-08-03,46,BEAUTY,20.0
2017-08-04,46,BEAUTY,17.0
2017-08-05,46,BEAUTY,42.0
2017-08-06,46,BEAUTY,32.0
2017-08-07,46,BEAUTY,15.0
2017-08-08,46,BEAUTY,17.0
2017-08-09,46,BEAUTY,16.0
2017-08-10,46,BEAUTY,20.0
2017-08-11,46,BEAUTY,45.0
2017-08-12,46,BEAUTY,27.0
2017-08-13,46,BEAUTY,35.0
2017-08-14,46,BEAUTY,28.0
2017-08-15,46,BEAUTY,23.0
2017-08-02,46,BEVERAGES,5959.0
2017-08-03,46,BEVERAGES,4761.0
2017-08-04,46,BEVERAGES,5329.0
2017-08-05,46,BEVERAGES,8375.0
2017-08-06,46,BEVERAGES,9042.0
2017-08-07,46,BEVERAGES,5346.0
2017-08-08,46,BEVERAGES,4005.0
2017-08-09,46,BEVERAGES,4449.0
2017-08-10,46,BEVERAGES,4306.0
2017-08-11,46,BEVERAGES,6528.0
2017-08-12,46,BEVERAGES,5900.0
2017-08-13,46,BEVERAGES,7096.0
2017-08-14,46,BEVERAGES,4817.0
2017-08-15,46,BEVERAGES,4632.0
2017-08-02,46,BOOKS,1.0
2017-08-03,46,BOOKS,0.0
2017-08-04,46,BOOKS,0.0
2017-08-05,46,BOOKS,0.0
2017-08-06,46,BOOKS,1.0
2017-08-07,46,BOOKS,0.0
2017-08-08,46,BOOKS,0.0
2017-08-09,46,BOOKS,0.0
2017-08-10,46,BOOKS,0.0
2017-08-11,46,BOOKS,0.0
2017-08-12,46,BOOKS,0.0
2017-08-13,46,BOOKS,0.0
2017-08-14,46,BOOKS,0.0
2017-08-15,46,BOOKS,0.0
2017-08-02,46,BREAD/BAKERY,968.0
2017-08-03,46,BREAD/BAKERY,775.0
2017-08-04,46,BREAD/BAKERY,848.0
2017-08-05,46,BREAD/BAKERY,1346.0
2017-08-06,46,BREAD/BAKERY,1257.0
2017-08-07,46,BREAD/BAKERY,813.0
2017-08-08,46,BREAD/BAKERY,778.0
2017-08-09,46,BREAD/BAKERY,732.0
2017-08-10,46,BREAD/BAKERY,720.0
2017-08-11,46,BREAD/BAKERY,1015.0
2017-08-12,46,BREAD/BAKERY,943.0
2017-08-13,46,BREAD/BAKERY,1117.0
2017-08-14,46,BREAD/BAKERY,810.0
2017-08-15,46,BREAD/BAKERY,745.0
2017-08-02,46,CELEBRATION,10.0
2017-08-03,46,CELEBRATION,15.0
2017-08-04,46,CELEBRATION,20.0
2017-08-05,46,CELEBRATION,18.0
2017-08-06,46,CELEBRATION,16.0
2017-08-07,46,CELEBRATION,8.0
2017-08-08,46,CELEBRATION,14.0
2017-08-09,46,CELEBRATION,9.0
2017-08-10,46,CELEBRATION,14.0
2017-08-11,46,CELEBRATION,16.0
2017-08-12,46,CELEBRATION,24.0
2017-08-13,46,CELEBRATION,11.0
2017-08-14,46,CELEBRATION,22.0
2017-08-15,46,CELEBRATION,10.0
2017-08-02,46,CLEANING,2523.0
2017-08-03,46,CLEANING,1988.0
2017-08-04,46,CLEANING,1883.0
2017-08-05,46,CLEANING,3204.0
2017-08-06,46,CLEANING,3153.0
2017-08-07,46,CLEANING,2129.0
2017-08-08,46,CLEANING,1612.0
2017-08-09,46,CLEANING,1561.0
2017-08-10,46,CLEANING,1412.0
2017-08-11,46,CLEANING,2411.0
2017-08-12,46,CLEANING,2209.0
2017-08-13,46,CLEANING,2430.0
2017-08-14,46,CLEANING,1884.0
2017-08-15,46,CLEANING,1699.0
2017-08-02,46,DAIRY,1484.0
2017-08-03,46,DAIRY,1276.0
2017-08-04,46,DAIRY,1415.0
2017-08-05,46,DAIRY,2298.0
2017-08-06,46,DAIRY,2311.0
2017-08-07,46,DAIRY,1422.0
2017-08-08,46,DAIRY,1124.0
2017-08-09,46,DAIRY,1158.0
2017-08-10,46,DAIRY,1082.0
2017-08-11,46,DAIRY,1605.0
2017-08-12,46,DAIRY,1497.0
2017-08-13,46,DAIRY,1837.0
2017-08-14,46,DAIRY,1343.0
2017-08-15,46,DAIRY,1203.0
2017-08-02,46,DELI,869.822
2017-08-03,46,DELI,773.289
2017-08-04,46,DELI,963.42
2017-08-05,46,DELI,1214.341
2017-08-06,46,DELI,1244.211
2017-08-07,46,DELI,777.292
2017-08-08,46,DELI,596.264
2017-08-09,46,DELI,605.886
2017-08-10,46,DELI,494.37
2017-08-11,46,DELI,1019.511
2017-08-12,46,DELI,884.115
2017-08-13,46,DELI,1015.044
2017-08-14,46,DELI,709.371
2017-08-15,46,DELI,645.291
2017-08-02,46,EGGS,135.0
2017-08-03,46,EGGS,116.0
2017-08-04,46,EGGS,111.0
2017-08-05,46,EGGS,242.0
2017-08-06,46,EGGS,253.0
2017-08-07,46,EGGS,156.0
2017-08-08,46,EGGS,124.0
2017-08-09,46,EGGS,106.0
2017-08-10,46,EGGS,98.0
2017-08-11,46,EGGS,167.0
2017-08-12,46,EGGS,163.0
2017-08-13,46,EGGS,200.0
2017-08-14,46,EGGS,149.0
2017-08-15,46,EGGS,100.0
2017-08-02,46,FROZEN FOODS,280.194
2017-08-03,46,FROZEN FOODS,276.134
2017-08-04,46,FROZEN FOODS,248.145
2017-08-05,46,FROZEN FOODS,382.377
2017-08-06,46,FROZEN FOODS,420.0
2017-08-07,46,FROZEN FOODS,302.674
2017-08-08,46,FROZEN FOODS,165.0
2017-08-09,46,FROZEN FOODS,227.0
2017-08-10,46,FROZEN FOODS,171.479
2017-08-11,46,FROZEN FOODS,412.629
2017-08-12,46,FROZEN FOODS,255.577
2017-08-13,46,FROZEN FOODS,318.343
2017-08-14,46,FROZEN FOODS,198.246
2017-08-15,46,FROZEN FOODS,217.0
2017-08-02,46,GROCERY I,10701.0
2017-08-03,46,GROCERY I,8086.0
2017-08-04,46,GROCERY I,8728.0
2017-08-05,46,GROCERY I,13244.0
2017-08-06,46,GROCERY I,14233.0
2017-08-07,46,GROCERY I,9189.0
2017-08-08,46,GROCERY I,6828.0
2017-08-09,46,GROCERY I,6995.0
2017-08-10,46,GROCERY I,6352.0
2017-08-11,46,GROCERY I,9934.0
2017-08-12,46,GROCERY I,9218.0
2017-08-13,46,GROCERY I,10557.0
2017-08-14,46,GROCERY I,7570.0
2017-08-15,46,GROCERY I,7222.0
2017-08-02,46,GROCERY II,38.0
2017-08-03,46,GROCERY II,36.0
2017-08-04,46,GROCERY II,37.0
2017-08-05,46,GROCERY II,68.0
2017-08-06,46,GROCERY II,56.0
2017-08-07,46,GROCERY II,60.0
2017-08-08,46,GROCERY II,47.0
2017-08-09,46,GROCERY II,19.0
2017-08-10,46,GROCERY II,31.0
2017-08-11,46,GROCERY II,37.0
2017-08-12,46,GROCERY II,62.0
2017-08-13,46,GROCERY II,73.0
2017-08-14,46,GROCERY II,35.0
2017-08-15,46,GROCERY II,47.0
2017-08-02,46,HARDWARE,1.0
2017-08-03,46,HARDWARE,1.0
2017-08-04,46,HARDWARE,2.0
2017-08-05,46,HARDWARE,4.0
2017-08-06,46,HARDWARE,5.0
2017-08-07,46,HARDWARE,5.0
2017-08-08,46,HARDWARE,3.0
2017-08-09,46,HARDWARE,1.0
2017-08-10,46,HARDWARE,0.0
2017-08-11,46,HARDWARE,4.0
2017-08-12,46,HARDWARE,12.0
2017-08-13,46,HARDWARE,8.0
2017-08-14,46,HARDWARE,5.0
2017-08-15,46,HARDWARE,3.0
2017-08-02,46,HOME AND KITCHEN I,43.0
2017-08-03,46,HOME AND KITCHEN I,13.0
2017-08-04,46,HOME AND KITCHEN I,22.0
2017-08-05,46,HOME AND KITCHEN I,63.0
2017-08-06,46,HOME AND KITCHEN I,74.0
2017-08-07,46,HOME AND KITCHEN I,50.0
2017-08-08,46,HOME AND KITCHEN I,47.0
2017-08-09,46,HOME AND KITCHEN I,29.0
2017-08-10,46,HOME AND KITCHEN I,53.0
2017-08-11,46,HOME AND KITCHEN I,159.0
2017-08-12,46,HOME AND KITCHEN I,56.0
2017-08-13,46,HOME AND KITCHEN I,75.0
2017-08-14,46,HOME AND KITCHEN I,32.0
2017-08-15,46,HOME AND KITCHEN I,64.0
2017-08-02,46,HOME AND KITCHEN II,23.0
2017-08-03,46,HOME AND KITCHEN II,22.0
2017-08-04,46,HOME AND KITCHEN II,25.0
2017-08-05,46,HOME AND KITCHEN II,29.0
2017-08-06,46,HOME AND KITCHEN II,32.0
2017-08-07,46,HOME AND KITCHEN II,25.0
2017-08-08,46,HOME AND KITCHEN II,28.0
2017-08-09,46,HOME AND KITCHEN II,25.0
2017-08-10,46,HOME AND KITCHEN II,29.0
2017-08-11,46,HOME AND KITCHEN II,26.0
2017-08-12,46,HOME AND KITCHEN II,25.0
2017-08-13,46,HOME AND KITCHEN II,43.0
2017-08-14,46,HOME AND KITCHEN II,22.0
2017-08-15,46,HOME AND KITCHEN II,22.0
2017-08-02,46,HOME APPLIANCES,0.0
2017-08-03,46,HOME APPLIANCES,1.0
2017-08-04,46,HOME APPLIANCES,0.0
2017-08-05,46,HOME APPLIANCES,0.0
2017-08-06,46,HOME APPLIANCES,0.0
2017-08-07,46,HOME APPLIANCES,1.0
2017-08-08,46,HOME APPLIANCES,1.0
2017-08-09,46,HOME APPLIANCES,1.0
2017-08-10,46,HOME APPLIANCES,1.0
2017-08-11,46,HOME APPLIANCES,0.0
2017-08-12,46,HOME APPLIANCES,2.0
2017-08-13,46,HOME APPLIANCES,0.0
2017-08-14,46,HOME APPLIANCES,1.0
2017-08-15,46,HOME APPLIANCES,0.0
2017-08-02,46,HOME CARE,688.0
2017-08-03,46,HOME CARE,509.0
2017-08-04,46,HOME CARE,552.0
2017-08-05,46,HOME CARE,930.0
2017-08-06,46,HOME CARE,931.0
2017-08-07,46,HOME CARE,585.0
2017-08-08,46,HOME CARE,489.0
2017-08-09,46,HOME CARE,452.0
2017-08-10,46,HOME CARE,378.0
2017-08-11,46,HOME CARE,620.0
2017-08-12,46,HOME CARE,653.0
2017-08-13,46,HOME CARE,747.0
2017-08-14,46,HOME CARE,534.0
2017-08-15,46,HOME CARE,519.0
2017-08-02,46,LADIESWEAR,19.0
2017-08-03,46,LADIESWEAR,17.0
2017-08-04,46,LADIESWEAR,19.0
2017-08-05,46,LADIESWEAR,50.0
2017-08-06,46,LADIESWEAR,67.0
2017-08-07,46,LADIESWEAR,17.0
2017-08-08,46,LADIESWEAR,27.0
2017-08-09,46,LADIESWEAR,12.0
2017-08-10,46,LADIESWEAR,16.0
2017-08-11,46,LADIESWEAR,30.0
2017-08-12,46,LADIESWEAR,44.0
2017-08-13,46,LADIESWEAR,39.0
2017-08-14,46,LADIESWEAR,30.0
2017-08-15,46,LADIESWEAR,27.0
2017-08-02,46,LAWN AND GARDEN,24.0
2017-08-03,46,LAWN AND GARDEN,13.0
2017-08-04,46,LAWN AND GARDEN,33.0
2017-08-05,46,LAWN AND GARDEN,32.0
2017-08-06,46,LAWN AND GARDEN,28.0
2017-08-07,46,LAWN AND GARDEN,15.0
2017-08-08,46,LAWN AND GARDEN,14.0
2017-08-09,46,LAWN AND GARDEN,22.0
2017-08-10,46,LAWN AND GARDEN,15.0
2017-08-11,46,LAWN AND GARDEN,51.0
2017-08-12,46,LAWN AND GARDEN,43.0
2017-08-13,46,LAWN AND GARDEN,40.0
2017-08-14,46,LAWN AND GARDEN,13.0
2017-08-15,46,LAWN AND GARDEN,25.0
2017-08-02,46,LINGERIE,11.0
2017-08-03,46,LINGERIE,6.0
2017-08-04,46,LINGERIE,4.0
2017-08-05,46,LINGERIE,17.0
2017-08-06,46,LINGERIE,24.0
2017-08-07,46,LINGERIE,12.0
2017-08-08,46,LINGERIE,3.0
2017-08-09,46,LINGERIE,3.0
2017-08-10,46,LINGERIE,14.0
2017-08-11,46,LINGERIE,10.0
2017-08-12,46,LINGERIE,12.0
2017-08-13,46,LINGERIE,17.0
2017-08-14,46,LINGERIE,7.0
2017-08-15,46,LINGERIE,8.0
2017-08-02,46,"LIQUOR,WINE,BEER",110.0
2017-08-03,46,"LIQUOR,WINE,BEER",155.0
2017-08-04,46,"LIQUOR,WINE,BEER",157.0
2017-08-05,46,"LIQUOR,WINE,BEER",232.0
2017-08-06,46,"LIQUOR,WINE,BEER",128.0
2017-08-07,46,"LIQUOR,WINE,BEER",89.0
2017-08-08,46,"LIQUOR,WINE,BEER",86.0
2017-08-09,46,"LIQUOR,WINE,BEER",100.0
2017-08-10,46,"LIQUOR,WINE,BEER",124.0
2017-08-11,46,"LIQUOR,WINE,BEER",246.0
2017-08-12,46,"LIQUOR,WINE,BEER",225.0
2017-08-13,46,"LIQUOR,WINE,BEER",112.0
2017-08-14,46,"LIQUOR,WINE,BEER",88.0
2017-08-15,46,"LIQUOR,WINE,BEER",84.0
2017-08-02,46,MAGAZINES,10.0
2017-08-03,46,MAGAZINES,4.0
2017-08-04,46,MAGAZINES,7.0
2017-08-05,46,MAGAZINES,13.0
2017-08-06,46,MAGAZINES,8.0
2017-08-07,46,MAGAZINES,12.0
2017-08-08,46,MAGAZINES,10.0
2017-08-09,46,MAGAZINES,7.0
2017-08-10,46,MAGAZINES,12.0
2017-08-11,46,MAGAZINES,19.0
2017-08-12,46,MAGAZINES,16.0
2017-08-13,46,MAGAZINES,20.0
2017-08-14,46,MAGAZINES,19.0
2017-08-15,46,MAGAZINES,18.0
2017-08-02,46,MEATS,1089.899
2017-08-03,46,MEATS,939.543
2017-08-04,46,MEATS,1955.371
2017-08-05,46,MEATS,1245.202
2017-08-06,46,MEATS,1180.4921
2017-08-07,46,MEATS,937.238
2017-08-08,46,MEATS,828.047
2017-08-09,46,MEATS,959.615
2017-08-10,46,MEATS,592.348
2017-08-11,46,MEATS,1880.324
2017-08-12,46,MEATS,957.547
2017-08-13,46,MEATS,958.745
2017-08-14,46,MEATS,1015.205
2017-08-15,46,MEATS,972.00397
2017-08-02,46,PERSONAL CARE,835.0
2017-08-03,46,PERSONAL CARE,676.0
2017-08-04,46,PERSONAL CARE,705.0
2017-08-05,46,PERSONAL CARE,1230.0
2017-08-06,46,PERSONAL CARE,1312.0
2017-08-07,46,PERSONAL CARE,703.0
2017-08-08,46,PERSONAL CARE,609.0
2017-08-09,46,PERSONAL CARE,587.0
2017-08-10,46,PERSONAL CARE,488.0
2017-08-11,46,PERSONAL CARE,826.0
2017-08-12,46,PERSONAL CARE,774.0
2017-08-13,46,PERSONAL CARE,995.0
2017-08-14,46,PERSONAL CARE,644.0
2017-08-15,46,PERSONAL CARE,692.0
2017-08-02,46,PET SUPPLIES,20.0
2017-08-03,46,PET SUPPLIES,31.0
2017-08-04,46,PET SUPPLIES,17.0
2017-08-05,46,PET SUPPLIES,48.0
2017-08-06,46,PET SUPPLIES,35.0
2017-08-07,46,PET SUPPLIES,14.0
2017-08-08,46,PET SUPPLIES,24.0
2017-08-09,46,PET SUPPLIES,16.0
2017-08-10,46,PET SUPPLIES,13.0
2017-08-11,46,PET SUPPLIES,34.0
2017-08-12,46,PET SUPPLIES,30.0
2017-08-13,46,PET SUPPLIES,37.0
2017-08-14,46,PET SUPPLIES,16.0
2017-08-15,46,PET SUPPLIES,23.0
2017-08-02,46,PLAYERS AND ELECTRONICS,46.0
2017-08-03,46,PLAYERS AND ELECTRONICS,28.0
2017-08-04,46,PLAYERS AND ELECTRONICS,41.0
2017-08-05,46,PLAYERS AND ELECTRONICS,71.0
2017-08-06,46,PLAYERS AND ELECTRONICS,80.0
2017-08-07,46,PLAYERS AND ELECTRONICS,41.0
2017-08-08,46,PLAYERS AND ELECTRONICS,36.0
2017-08-09,46,PLAYERS AND ELECTRONICS,40.0
2017-08-10,46,PLAYERS AND ELECTRONICS,34.0
2017-08-11,46,PLAYERS AND ELECTRONICS,49.0
2017-08-12,46,PLAYERS AND ELECTRONICS,53.0
2017-08-13,46,PLAYERS AND ELECTRONICS,57.0
2017-08-14,46,PLAYERS AND ELECTRONICS,29.0
2017-08-15,46,PLAYERS AND ELECTRONICS,45.0
2017-08-02,46,POULTRY,834.703
2017-08-03,46,POULTRY,727.921
2017-08-04,46,POULTRY,980.256
2017-08-05,46,POULTRY,1274.647
2017-08-06,46,POULTRY,1230.438
2017-08-07,46,POULTRY,713.332
2017-08-08,46,POULTRY,553.895
2017-08-09,46,POULTRY,617.435
2017-08-10,46,POULTRY,530.253
2017-08-11,46,POULTRY,1005.745
2017-08-12,46,POULTRY,833.863
2017-08-13,46,POULTRY,946.357
2017-08-14,46,POULTRY,773.189
2017-08-15,46,POULTRY,631.656
2017-08-02,46,PREPARED FOODS,138.535
2017-08-03,46,PREPARED FOODS,122.129
2017-08-04,46,PREPARED FOODS,152.433
2017-08-05,46,PREPARED FOODS,187.802
2017-08-06,46,PREPARED FOODS,163.061
2017-08-07,46,PREPARED FOODS,139.495
2017-08-08,46,PREPARED FOODS,110.316
2017-08-09,46,PREPARED FOODS,144.72101
2017-08-10,46,PREPARED FOODS,108.162
2017-08-11,46,PREPARED FOODS,198.099
2017-08-12,46,PREPARED FOODS,165.772
2017-08-13,46,PREPARED FOODS,145.888
2017-08-14,46,PREPARED FOODS,95.211
2017-08-15,46,PREPARED FOODS,95.588
2017-08-02,46,PRODUCE,3941.392
2017-08-03,46,PRODUCE,2268.118
2017-08-04,46,PRODUCE,2601.391
2017-08-05,46,PRODUCE,4030.567
2017-08-06,46,PRODUCE,4388.965
2017-08-07,46,PRODUCE,2754.599
2017-08-08,46,PRODUCE,2116.52
2017-08-09,46,PRODUCE,2940.584
2017-08-10,46,PRODUCE,1884.945
2017-08-11,46,PRODUCE,3204.442
2017-08-12,46,PRODUCE,3006.773
2017-08-13,46,PRODUCE,3519.123
2017-08-14,46,PRODUCE,2745.622
2017-08-15,46,PRODUCE,2155.659
2017-08-02,46,SCHOOL AND OFFICE SUPPLIES,306.0
2017-08-03,46,SCHOOL AND OFFICE SUPPLIES,347.0
2017-08-04,46,SCHOOL AND OFFICE SUPPLIES,276.0
2017-08-05,46,SCHOOL AND OFFICE SUPPLIES,559.0
2017-08-06,46,SCHOOL AND OFFICE SUPPLIES,506.0
2017-08-07,46,SCHOOL AND OFFICE SUPPLIES,249.0
2017-08-08,46,SCHOOL AND OFFICE SUPPLIES,205.0
2017-08-09,46,SCHOOL AND OFFICE SUPPLIES,271.0
2017-08-10,46,SCHOOL AND OFFICE SUPPLIES,193.0
2017-08-11,46,SCHOOL AND OFFICE SUPPLIES,400.0
2017-08-12,46,SCHOOL AND OFFICE SUPPLIES,478.0
2017-08-13,46,SCHOOL AND OFFICE SUPPLIES,406.0
2017-08-14,46,SCHOOL AND OFFICE SUPPLIES,230.0
2017-08-15,46,SCHOOL AND OFFICE SUPPLIES,353.0
2017-08-02,46,SEAFOOD,47.622
2017-08-03,46,SEAFOOD,53.806
2017-08-04,46,SEAFOOD,55.627
2017-08-05,46,SEAFOOD,89.6
2017-08-06,46,SEAFOOD,97.414
2017-08-07,46,SEAFOOD,47.903
2017-08-08,46,SEAFOOD,34.652
2017-08-09,46,SEAFOOD,36.43
2017-08-10,46,SEAFOOD,35.176003
2017-08-11,46,SEAFOOD,49.924
2017-08-12,46,SEAFOOD,53.406
2017-08-13,46,SEAFOOD,59.898
2017-08-14,46,SEAFOOD,43.762
2017-08-15,46,SEAFOOD,48.217
2017-08-02,47,AUTOMOTIVE,14.0
2017-08-03,47,AUTOMOTIVE,19.0
2017-08-04,47,AUTOMOTIVE,19.0
2017-08-05,47,AUTOMOTIVE,21.0
2017-08-06,47,AUTOMOTIVE,27.0
2017-08-07,47,AUTOMOTIVE,13.0
2017-08-08,47,AUTOMOTIVE,17.0
2017-08-09,47,AUTOMOTIVE,3.0
2017-08-10,47,AUTOMOTIVE,17.0
2017-08-11,47,AUTOMOTIVE,21.0
2017-08-12,47,AUTOMOTIVE,23.0
2017-08-13,47,AUTOMOTIVE,27.0
2017-08-14,47,AUTOMOTIVE,20.0
2017-08-15,47,AUTOMOTIVE,5.0
2017-08-02,47,BABY CARE,0.0
2017-08-03,47,BABY CARE,0.0
2017-08-04,47,BABY CARE,0.0
2017-08-05,47,BABY CARE,0.0
2017-08-06,47,BABY CARE,0.0
2017-08-07,47,BABY CARE,0.0
2017-08-08,47,BABY CARE,0.0
2017-08-09,47,BABY CARE,0.0
2017-08-10,47,BABY CARE,0.0
2017-08-11,47,BABY CARE,0.0
2017-08-12,47,BABY CARE,0.0
2017-08-13,47,BABY CARE,0.0
2017-08-14,47,BABY CARE,0.0
2017-08-15,47,BABY CARE,0.0
2017-08-02,47,BEAUTY,22.0
2017-08-03,47,BEAUTY,24.0
2017-08-04,47,BEAUTY,27.0
2017-08-05,47,BEAUTY,30.0
2017-08-06,47,BEAUTY,38.0
2017-08-07,47,BEAUTY,17.0
2017-08-08,47,BEAUTY,19.0
2017-08-09,47,BEAUTY,23.0
2017-08-10,47,BEAUTY,22.0
2017-08-11,47,BEAUTY,35.0
2017-08-12,47,BEAUTY,28.0
2017-08-13,47,BEAUTY,29.0
2017-08-14,47,BEAUTY,26.0
2017-08-15,47,BEAUTY,28.0
2017-08-02,47,BEVERAGES,9263.0
2017-08-03,47,BEVERAGES,6537.0
2017-08-04,47,BEVERAGES,8525.0
2017-08-05,47,BEVERAGES,14469.0
2017-08-06,47,BEVERAGES,12295.0
2017-08-07,47,BEVERAGES,8272.0
2017-08-08,47,BEVERAGES,6583.0
2017-08-09,47,BEVERAGES,6389.0
2017-08-10,47,BEVERAGES,6281.0
2017-08-11,47,BEVERAGES,8792.0
2017-08-12,47,BEVERAGES,7833.0
2017-08-13,47,BEVERAGES,10279.0
2017-08-14,47,BEVERAGES,7058.0
2017-08-15,47,BEVERAGES,7048.0
2017-08-02,47,BOOKS,0.0
2017-08-03,47,BOOKS,0.0
2017-08-04,47,BOOKS,0.0
2017-08-05,47,BOOKS,0.0
2017-08-06,47,BOOKS,0.0
2017-08-07,47,BOOKS,0.0
2017-08-08,47,BOOKS,0.0
2017-08-09,47,BOOKS,0.0
2017-08-10,47,BOOKS,0.0
2017-08-11,47,BOOKS,0.0
2017-08-12,47,BOOKS,0.0
2017-08-13,47,BOOKS,0.0
2017-08-14,47,BOOKS,0.0
2017-08-15,47,BOOKS,0.0
2017-08-02,47,BREAD/BAKERY,1191.601
2017-08-03,47,BREAD/BAKERY,916.989
2017-08-04,47,BREAD/BAKERY,1414.113
2017-08-05,47,BREAD/BAKERY,1519.203
2017-08-06,47,BREAD/BAKERY,1634.365
2017-08-07,47,BREAD/BAKERY,1281.105
2017-08-08,47,BREAD/BAKERY,1089.915
2017-08-09,47,BREAD/BAKERY,1054.31
2017-08-10,47,BREAD/BAKERY,1002.517
2017-08-11,47,BREAD/BAKERY,1255.752
2017-08-12,47,BREAD/BAKERY,1227.991
2017-08-13,47,BREAD/BAKERY,1360.306
2017-08-14,47,BREAD/BAKERY,1018.968
2017-08-15,47,BREAD/BAKERY,1012.113
2017-08-02,47,CELEBRATION,23.0
2017-08-03,47,CELEBRATION,26.0
2017-08-04,47,CELEBRATION,28.0
2017-08-05,47,CELEBRATION,40.0
2017-08-06,47,CELEBRATION,16.0
2017-08-07,47,CELEBRATION,9.0
2017-08-08,47,CELEBRATION,15.0
2017-08-09,47,CELEBRATION,16.0
2017-08-10,47,CELEBRATION,18.0
2017-08-11,47,CELEBRATION,32.0
2017-08-12,47,CELEBRATION,15.0
2017-08-13,47,CELEBRATION,16.0
2017-08-14,47,CELEBRATION,24.0
2017-08-15,47,CELEBRATION,25.0
2017-08-02,47,CLEANING,2697.0
2017-08-03,47,CLEANING,2136.0
2017-08-04,47,CLEANING,2252.0
2017-08-05,47,CLEANING,3000.0
2017-08-06,47,CLEANING,3041.0
2017-08-07,47,CLEANING,2089.0
2017-08-08,47,CLEANING,1922.0
2017-08-09,47,CLEANING,1883.0
2017-08-10,47,CLEANING,1476.0
2017-08-11,47,CLEANING,2287.0
2017-08-12,47,CLEANING,2081.0
2017-08-13,47,CLEANING,2372.0
2017-08-14,47,CLEANING,1916.0
2017-08-15,47,CLEANING,1894.0
2017-08-02,47,DAIRY,2256.0
2017-08-03,47,DAIRY,1811.0
2017-08-04,47,DAIRY,2051.0
2017-08-05,47,DAIRY,2589.0
2017-08-06,47,DAIRY,2859.0
2017-08-07,47,DAIRY,1922.0
2017-08-08,47,DAIRY,1622.0
2017-08-09,47,DAIRY,1815.0
2017-08-10,47,DAIRY,1474.0
2017-08-11,47,DAIRY,2148.0
2017-08-12,47,DAIRY,2069.0
2017-08-13,47,DAIRY,2244.0
2017-08-14,47,DAIRY,1887.0
2017-08-15,47,DAIRY,1839.0
2017-08-02,47,DELI,659.22
2017-08-03,47,DELI,519.532
2017-08-04,47,DELI,843.852
2017-08-05,47,DELI,910.191
2017-08-06,47,DELI,904.031
2017-08-07,47,DELI,637.281
2017-08-08,47,DELI,500.121
2017-08-09,47,DELI,465.065
2017-08-10,47,DELI,482.198
2017-08-11,47,DELI,839.1
2017-08-12,47,DELI,644.508
2017-08-13,47,DELI,708.298
2017-08-14,47,DELI,583.603
2017-08-15,47,DELI,556.34
2017-08-02,47,EGGS,348.0
2017-08-03,47,EGGS,277.0
2017-08-04,47,EGGS,356.0
2017-08-05,47,EGGS,436.0
2017-08-06,47,EGGS,509.0
2017-08-07,47,EGGS,332.0
2017-08-08,47,EGGS,283.0
2017-08-09,47,EGGS,290.0
2017-08-10,47,EGGS,238.0
2017-08-11,47,EGGS,370.0
2017-08-12,47,EGGS,379.0
2017-08-13,47,EGGS,412.0
2017-08-14,47,EGGS,367.0
2017-08-15,47,EGGS,316.0
2017-08-02,47,FROZEN FOODS,302.75
2017-08-03,47,FROZEN FOODS,201.6
2017-08-04,47,FROZEN FOODS,276.815
2017-08-05,47,FROZEN FOODS,404.429
2017-08-06,47,FROZEN FOODS,314.179
2017-08-07,47,FROZEN FOODS,184.0
2017-08-08,47,FROZEN FOODS,214.121
2017-08-09,47,FROZEN FOODS,219.274
2017-08-10,47,FROZEN FOODS,198.921
2017-08-11,47,FROZEN FOODS,316.886
2017-08-12,47,FROZEN FOODS,281.331
2017-08-13,47,FROZEN FOODS,268.84
2017-08-14,47,FROZEN FOODS,186.0
2017-08-15,47,FROZEN FOODS,195.419
2017-08-02,47,GROCERY I,12263.0
2017-08-03,47,GROCERY I,9898.0
2017-08-04,47,GROCERY I,10026.0
2017-08-05,47,GROCERY I,12937.0
2017-08-06,47,GROCERY I,13166.0
2017-08-07,47,GROCERY I,8845.0
2017-08-08,47,GROCERY I,7973.0
2017-08-09,47,GROCERY I,8580.0
2017-08-10,47,GROCERY I,8029.0
2017-08-11,47,GROCERY I,10297.0
2017-08-12,47,GROCERY I,9258.0
2017-08-13,47,GROCERY I,10110.0
2017-08-14,47,GROCERY I,8946.0
2017-08-15,47,GROCERY I,9389.0
2017-08-02,47,GROCERY II,45.0
2017-08-03,47,GROCERY II,59.0
2017-08-04,47,GROCERY II,93.0
2017-08-05,47,GROCERY II,64.0
2017-08-06,47,GROCERY II,64.0
2017-08-07,47,GROCERY II,52.0
2017-08-08,47,GROCERY II,55.0
2017-08-09,47,GROCERY II,38.0
2017-08-10,47,GROCERY II,44.0
2017-08-11,47,GROCERY II,74.0
2017-08-12,47,GROCERY II,42.0
2017-08-13,47,GROCERY II,35.0
2017-08-14,47,GROCERY II,36.0
2017-08-15,47,GROCERY II,32.0
2017-08-02,47,HARDWARE,0.0
2017-08-03,47,HARDWARE,3.0
2017-08-04,47,HARDWARE,1.0
2017-08-05,47,HARDWARE,5.0
2017-08-06,47,HARDWARE,3.0
2017-08-07,47,HARDWARE,3.0
2017-08-08,47,HARDWARE,0.0
2017-08-09,47,HARDWARE,1.0
2017-08-10,47,HARDWARE,2.0
2017-08-11,47,HARDWARE,6.0
2017-08-12,47,HARDWARE,0.0
2017-08-13,47,HARDWARE,2.0
2017-08-14,47,HARDWARE,0.0
2017-08-15,47,HARDWARE,0.0
2017-08-02,47,HOME AND KITCHEN I,84.0
2017-08-03,47,HOME AND KITCHEN I,47.0
2017-08-04,47,HOME AND KITCHEN I,41.0
2017-08-05,47,HOME AND KITCHEN I,97.0
2017-08-06,47,HOME AND KITCHEN I,80.0
2017-08-07,47,HOME AND KITCHEN I,77.0
2017-08-08,47,HOME AND KITCHEN I,64.0
2017-08-09,47,HOME AND KITCHEN I,62.0
2017-08-10,47,HOME AND KITCHEN I,164.0
2017-08-11,47,HOME AND KITCHEN I,87.0
2017-08-12,47,HOME AND KITCHEN I,89.0
2017-08-13,47,HOME AND KITCHEN I,71.0
2017-08-14,47,HOME AND KITCHEN I,67.0
2017-08-15,47,HOME AND KITCHEN I,130.0
2017-08-02,47,HOME AND KITCHEN II,80.0
2017-08-03,47,HOME AND KITCHEN II,88.0
2017-08-04,47,HOME AND KITCHEN II,117.0
2017-08-05,47,HOME AND KITCHEN II,121.0
2017-08-06,47,HOME AND KITCHEN II,98.0
2017-08-07,47,HOME AND KITCHEN II,88.0
2017-08-08,47,HOME AND KITCHEN II,58.0
2017-08-09,47,HOME AND KITCHEN II,58.0
2017-08-10,47,HOME AND KITCHEN II,51.0
2017-08-11,47,HOME AND KITCHEN II,86.0
2017-08-12,47,HOME AND KITCHEN II,68.0
2017-08-13,47,HOME AND KITCHEN II,51.0
2017-08-14,47,HOME AND KITCHEN II,67.0
2017-08-15,47,HOME AND KITCHEN II,58.0
2017-08-02,47,HOME APPLIANCES,0.0
2017-08-03,47,HOME APPLIANCES,0.0
2017-08-04,47,HOME APPLIANCES,1.0
2017-08-05,47,HOME APPLIANCES,2.0
2017-08-06,47,HOME APPLIANCES,4.0
2017-08-07,47,HOME APPLIANCES,1.0
2017-08-08,47,HOME APPLIANCES,5.0
2017-08-09,47,HOME APPLIANCES,1.0
2017-08-10,47,HOME APPLIANCES,0.0
2017-08-11,47,HOME APPLIANCES,2.0
2017-08-12,47,HOME APPLIANCES,2.0
2017-08-13,47,HOME APPLIANCES,0.0
2017-08-14,47,HOME APPLIANCES,1.0
2017-08-15,47,HOME APPLIANCES,0.0
2017-08-02,47,HOME CARE,659.0
2017-08-03,47,HOME CARE,567.0
2017-08-04,47,HOME CARE,561.0
2017-08-05,47,HOME CARE,818.0
2017-08-06,47,HOME CARE,877.0
2017-08-07,47,HOME CARE,553.0
2017-08-08,47,HOME CARE,455.0
2017-08-09,47,HOME CARE,485.0
2017-08-10,47,HOME CARE,408.0
2017-08-11,47,HOME CARE,581.0
2017-08-12,47,HOME CARE,570.0
2017-08-13,47,HOME CARE,653.0
2017-08-14,47,HOME CARE,531.0
2017-08-15,47,HOME CARE,538.0
2017-08-02,47,LADIESWEAR,29.0
2017-08-03,47,LADIESWEAR,35.0
2017-08-04,47,LADIESWEAR,36.0
2017-08-05,47,LADIESWEAR,46.0
2017-08-06,47,LADIESWEAR,64.0
2017-08-07,47,LADIESWEAR,17.0
2017-08-08,47,LADIESWEAR,20.0
2017-08-09,47,LADIESWEAR,25.0
2017-08-10,47,LADIESWEAR,19.0
2017-08-11,47,LADIESWEAR,14.0
2017-08-12,47,LADIESWEAR,22.0
2017-08-13,47,LADIESWEAR,34.0
2017-08-14,47,LADIESWEAR,11.0
2017-08-15,47,LADIESWEAR,8.0
2017-08-02,47,LAWN AND GARDEN,22.0
2017-08-03,47,LAWN AND GARDEN,27.0
2017-08-04,47,LAWN AND GARDEN,47.0
2017-08-05,47,LAWN AND GARDEN,31.0
2017-08-06,47,LAWN AND GARDEN,36.0
2017-08-07,47,LAWN AND GARDEN,32.0
2017-08-08,47,LAWN AND GARDEN,17.0
2017-08-09,47,LAWN AND GARDEN,28.0
2017-08-10,47,LAWN AND GARDEN,35.0
2017-08-11,47,LAWN AND GARDEN,66.0
2017-08-12,47,LAWN AND GARDEN,36.0
2017-08-13,47,LAWN AND GARDEN,21.0
2017-08-14,47,LAWN AND GARDEN,35.0
2017-08-15,47,LAWN AND GARDEN,34.0
2017-08-02,47,LINGERIE,13.0
2017-08-03,47,LINGERIE,1.0
2017-08-04,47,LINGERIE,6.0
2017-08-05,47,LINGERIE,1.0
2017-08-06,47,LINGERIE,3.0
2017-08-07,47,LINGERIE,2.0
2017-08-08,47,LINGERIE,2.0
2017-08-09,47,LINGERIE,3.0
2017-08-10,47,LINGERIE,5.0
2017-08-11,47,LINGERIE,4.0
2017-08-12,47,LINGERIE,7.0
2017-08-13,47,LINGERIE,11.0
2017-08-14,47,LINGERIE,12.0
2017-08-15,47,LINGERIE,75.0
2017-08-02,47,"LIQUOR,WINE,BEER",229.0
2017-08-03,47,"LIQUOR,WINE,BEER",188.0
2017-08-04,47,"LIQUOR,WINE,BEER",337.0
2017-08-05,47,"LIQUOR,WINE,BEER",338.0
2017-08-06,47,"LIQUOR,WINE,BEER",160.0
2017-08-07,47,"LIQUOR,WINE,BEER",115.0
2017-08-08,47,"LIQUOR,WINE,BEER",149.0
2017-08-09,47,"LIQUOR,WINE,BEER",174.0
2017-08-10,47,"LIQUOR,WINE,BEER",267.0
2017-08-11,47,"LIQUOR,WINE,BEER",461.0
2017-08-12,47,"LIQUOR,WINE,BEER",338.0
2017-08-13,47,"LIQUOR,WINE,BEER",175.0
2017-08-14,47,"LIQUOR,WINE,BEER",138.0
2017-08-15,47,"LIQUOR,WINE,BEER",162.0
2017-08-02,47,MAGAZINES,10.0
2017-08-03,47,MAGAZINES,10.0
2017-08-04,47,MAGAZINES,9.0
2017-08-05,47,MAGAZINES,24.0
2017-08-06,47,MAGAZINES,31.0
2017-08-07,47,MAGAZINES,17.0
2017-08-08,47,MAGAZINES,14.0
2017-08-09,47,MAGAZINES,12.0
2017-08-10,47,MAGAZINES,17.0
2017-08-11,47,MAGAZINES,28.0
2017-08-12,47,MAGAZINES,19.0
2017-08-13,47,MAGAZINES,21.0
2017-08-14,47,MAGAZINES,18.0
2017-08-15,47,MAGAZINES,18.0
2017-08-02,47,MEATS,839.871
2017-08-03,47,MEATS,829.55
2017-08-04,47,MEATS,1961.98
2017-08-05,47,MEATS,1036.58
2017-08-06,47,MEATS,1171.538
2017-08-07,47,MEATS,739.836
2017-08-08,47,MEATS,777.726
2017-08-09,47,MEATS,735.374
2017-08-10,47,MEATS,759.595
2017-08-11,47,MEATS,1355.95
2017-08-12,47,MEATS,949.932
2017-08-13,47,MEATS,847.856
2017-08-14,47,MEATS,851.962
2017-08-15,47,MEATS,767.419
2017-08-02,47,PERSONAL CARE,774.0
2017-08-03,47,PERSONAL CARE,738.0
2017-08-04,47,PERSONAL CARE,685.0
2017-08-05,47,PERSONAL CARE,1074.0
2017-08-06,47,PERSONAL CARE,1131.0
2017-08-07,47,PERSONAL CARE,746.0
2017-08-08,47,PERSONAL CARE,570.0
2017-08-09,47,PERSONAL CARE,586.0
2017-08-10,47,PERSONAL CARE,486.0
2017-08-11,47,PERSONAL CARE,786.0
2017-08-12,47,PERSONAL CARE,743.0
2017-08-13,47,PERSONAL CARE,832.0
2017-08-14,47,PERSONAL CARE,636.0
2017-08-15,47,PERSONAL CARE,681.0
2017-08-02,47,PET SUPPLIES,17.0
2017-08-03,47,PET SUPPLIES,21.0
2017-08-04,47,PET SUPPLIES,18.0
2017-08-05,47,PET SUPPLIES,42.0
2017-08-06,47,PET SUPPLIES,47.0
2017-08-07,47,PET SUPPLIES,14.0
2017-08-08,47,PET SUPPLIES,20.0
2017-08-09,47,PET SUPPLIES,26.0
2017-08-10,47,PET SUPPLIES,9.0
2017-08-11,47,PET SUPPLIES,23.0
2017-08-12,47,PET SUPPLIES,42.0
2017-08-13,47,PET SUPPLIES,30.0
2017-08-14,47,PET SUPPLIES,17.0
2017-08-15,47,PET SUPPLIES,18.0
2017-08-02,47,PLAYERS AND ELECTRONICS,36.0
2017-08-03,47,PLAYERS AND ELECTRONICS,32.0
2017-08-04,47,PLAYERS AND ELECTRONICS,31.0
2017-08-05,47,PLAYERS AND ELECTRONICS,46.0
2017-08-06,47,PLAYERS AND ELECTRONICS,54.0
2017-08-07,47,PLAYERS AND ELECTRONICS,17.0
2017-08-08,47,PLAYERS AND ELECTRONICS,23.0
2017-08-09,47,PLAYERS AND ELECTRONICS,32.0
2017-08-10,47,PLAYERS AND ELECTRONICS,34.0
2017-08-11,47,PLAYERS AND ELECTRONICS,33.0
2017-08-12,47,PLAYERS AND ELECTRONICS,34.0
2017-08-13,47,PLAYERS AND ELECTRONICS,39.0
2017-08-14,47,PLAYERS AND ELECTRONICS,13.0
2017-08-15,47,PLAYERS AND ELECTRONICS,24.0
2017-08-02,47,POULTRY,1132.237
2017-08-03,47,POULTRY,1129.765
2017-08-04,47,POULTRY,1526.321
2017-08-05,47,POULTRY,1368.197
2017-08-06,47,POULTRY,1548.108
2017-08-07,47,POULTRY,1409.778
2017-08-08,47,POULTRY,914.094
2017-08-09,47,POULTRY,817.339
2017-08-10,47,POULTRY,743.893
2017-08-11,47,POULTRY,1449.797
2017-08-12,47,POULTRY,1121.684
2017-08-13,47,POULTRY,1117.365
2017-08-14,47,POULTRY,1105.994
2017-08-15,47,POULTRY,960.4
2017-08-02,47,PREPARED FOODS,190.718
2017-08-03,47,PREPARED FOODS,197.427
2017-08-04,47,PREPARED FOODS,198.025
2017-08-05,47,PREPARED FOODS,304.268
2017-08-06,47,PREPARED FOODS,295.9
2017-08-07,47,PREPARED FOODS,264.213
2017-08-08,47,PREPARED FOODS,187.399
2017-08-09,47,PREPARED FOODS,208.85
2017-08-10,47,PREPARED FOODS,165.696
2017-08-11,47,PREPARED FOODS,259.29102
2017-08-12,47,PREPARED FOODS,242.139
2017-08-13,47,PREPARED FOODS,230.82
2017-08-14,47,PREPARED FOODS,247.694
2017-08-15,47,PREPARED FOODS,277.028
2017-08-02,47,PRODUCE,7494.183
2017-08-03,47,PRODUCE,4632.04
2017-08-04,47,PRODUCE,5192.685
2017-08-05,47,PRODUCE,6437.607
2017-08-06,47,PRODUCE,8054.336
2017-08-07,47,PRODUCE,5100.563
2017-08-08,47,PRODUCE,4307.821
2017-08-09,47,PRODUCE,6733.922
2017-08-10,47,PRODUCE,3705.037
2017-08-11,47,PRODUCE,5680.758
2017-08-12,47,PRODUCE,5581.772
2017-08-13,47,PRODUCE,6404.38
2017-08-14,47,PRODUCE,5660.061
2017-08-15,47,PRODUCE,5146.252
2017-08-02,47,SCHOOL AND OFFICE SUPPLIES,587.0
2017-08-03,47,SCHOOL AND OFFICE SUPPLIES,471.0
2017-08-04,47,SCHOOL AND OFFICE SUPPLIES,516.0
2017-08-05,47,SCHOOL AND OFFICE SUPPLIES,757.0
2017-08-06,47,SCHOOL AND OFFICE SUPPLIES,1332.0
2017-08-07,47,SCHOOL AND OFFICE SUPPLIES,551.0
2017-08-08,47,SCHOOL AND OFFICE SUPPLIES,428.0
2017-08-09,47,SCHOOL AND OFFICE SUPPLIES,339.0
2017-08-10,47,SCHOOL AND OFFICE SUPPLIES,228.0
2017-08-11,47,SCHOOL AND OFFICE SUPPLIES,590.0
2017-08-12,47,SCHOOL AND OFFICE SUPPLIES,557.0
2017-08-13,47,SCHOOL AND OFFICE SUPPLIES,478.0
2017-08-14,47,SCHOOL AND OFFICE SUPPLIES,265.0
2017-08-15,47,SCHOOL AND OFFICE SUPPLIES,351.0
2017-08-02,47,SEAFOOD,61.887
2017-08-03,47,SEAFOOD,61.252
2017-08-04,47,SEAFOOD,92.574
2017-08-05,47,SEAFOOD,84.529
2017-08-06,47,SEAFOOD,97.4
2017-08-07,47,SEAFOOD,65.89
2017-08-08,47,SEAFOOD,65.205
2017-08-09,47,SEAFOOD,66.463
2017-08-10,47,SEAFOOD,42.085
2017-08-11,47,SEAFOOD,92.123
2017-08-12,47,SEAFOOD,81.053
2017-08-13,47,SEAFOOD,73.879
2017-08-14,47,SEAFOOD,68.986
2017-08-15,47,SEAFOOD,65.72
2017-08-02,48,AUTOMOTIVE,15.0
2017-08-03,48,AUTOMOTIVE,10.0
2017-08-04,48,AUTOMOTIVE,11.0
2017-08-05,48,AUTOMOTIVE,10.0
2017-08-06,48,AUTOMOTIVE,19.0
2017-08-07,48,AUTOMOTIVE,17.0
2017-08-08,48,AUTOMOTIVE,17.0
2017-08-09,48,AUTOMOTIVE,8.0
2017-08-10,48,AUTOMOTIVE,8.0
2017-08-11,48,AUTOMOTIVE,14.0
2017-08-12,48,AUTOMOTIVE,19.0
2017-08-13,48,AUTOMOTIVE,23.0
2017-08-14,48,AUTOMOTIVE,11.0
2017-08-15,48,AUTOMOTIVE,6.0
2017-08-02,48,BABY CARE,0.0
2017-08-03,48,BABY CARE,0.0
2017-08-04,48,BABY CARE,0.0
2017-08-05,48,BABY CARE,0.0
2017-08-06,48,BABY CARE,0.0
2017-08-07,48,BABY CARE,0.0
2017-08-08,48,BABY CARE,0.0
2017-08-09,48,BABY CARE,0.0
2017-08-10,48,BABY CARE,0.0
2017-08-11,48,BABY CARE,0.0
2017-08-12,48,BABY CARE,0.0
2017-08-13,48,BABY CARE,0.0
2017-08-14,48,BABY CARE,0.0
2017-08-15,48,BABY CARE,0.0
2017-08-02,48,BEAUTY,24.0
2017-08-03,48,BEAUTY,34.0
2017-08-04,48,BEAUTY,18.0
2017-08-05,48,BEAUTY,45.0
2017-08-06,48,BEAUTY,46.0
2017-08-07,48,BEAUTY,17.0
2017-08-08,48,BEAUTY,27.0
2017-08-09,48,BEAUTY,20.0
2017-08-10,48,BEAUTY,21.0
2017-08-11,48,BEAUTY,25.0
2017-08-12,48,BEAUTY,32.0
2017-08-13,48,BEAUTY,38.0
2017-08-14,48,BEAUTY,22.0
2017-08-15,48,BEAUTY,18.0
2017-08-02,48,BEVERAGES,5101.0
2017-08-03,48,BEVERAGES,4010.0
2017-08-04,48,BEVERAGES,4531.0
2017-08-05,48,BEVERAGES,6805.0
2017-08-06,48,BEVERAGES,8403.0
2017-08-07,48,BEVERAGES,4327.0
2017-08-08,48,BEVERAGES,3604.0
2017-08-09,48,BEVERAGES,3214.0
2017-08-10,48,BEVERAGES,3370.0
2017-08-11,48,BEVERAGES,4907.0
2017-08-12,48,BEVERAGES,4702.0
2017-08-13,48,BEVERAGES,5967.0
2017-08-14,48,BEVERAGES,3798.0
2017-08-15,48,BEVERAGES,3330.0
2017-08-02,48,BOOKS,0.0
2017-08-03,48,BOOKS,0.0
2017-08-04,48,BOOKS,0.0
2017-08-05,48,BOOKS,0.0
2017-08-06,48,BOOKS,0.0
2017-08-07,48,BOOKS,0.0
2017-08-08,48,BOOKS,0.0
2017-08-09,48,BOOKS,0.0
2017-08-10,48,BOOKS,0.0
2017-08-11,48,BOOKS,0.0
2017-08-12,48,BOOKS,0.0
2017-08-13,48,BOOKS,0.0
2017-08-14,48,BOOKS,0.0
2017-08-15,48,BOOKS,0.0
2017-08-02,48,BREAD/BAKERY,779.0
2017-08-03,48,BREAD/BAKERY,805.0
2017-08-04,48,BREAD/BAKERY,872.0
2017-08-05,48,BREAD/BAKERY,1170.0
2017-08-06,48,BREAD/BAKERY,1417.0
2017-08-07,48,BREAD/BAKERY,823.0
2017-08-08,48,BREAD/BAKERY,666.0
2017-08-09,48,BREAD/BAKERY,640.0
2017-08-10,48,BREAD/BAKERY,631.0
2017-08-11,48,BREAD/BAKERY,941.0
2017-08-12,48,BREAD/BAKERY,961.0
2017-08-13,48,BREAD/BAKERY,1074.0
2017-08-14,48,BREAD/BAKERY,818.0
2017-08-15,48,BREAD/BAKERY,679.0
2017-08-02,48,CELEBRATION,19.0
2017-08-03,48,CELEBRATION,11.0
2017-08-04,48,CELEBRATION,9.0
2017-08-05,48,CELEBRATION,18.0
2017-08-06,48,CELEBRATION,21.0
2017-08-07,48,CELEBRATION,12.0
2017-08-08,48,CELEBRATION,13.0
2017-08-09,48,CELEBRATION,11.0
2017-08-10,48,CELEBRATION,23.0
2017-08-11,48,CELEBRATION,21.0
2017-08-12,48,CELEBRATION,17.0
2017-08-13,48,CELEBRATION,15.0
2017-08-14,48,CELEBRATION,41.0
2017-08-15,48,CELEBRATION,10.0
2017-08-02,48,CLEANING,2900.0
2017-08-03,48,CLEANING,1875.0
2017-08-04,48,CLEANING,1833.0
2017-08-05,48,CLEANING,2980.0
2017-08-06,48,CLEANING,3266.0
2017-08-07,48,CLEANING,1940.0
2017-08-08,48,CLEANING,1664.0
2017-08-09,48,CLEANING,1385.0
2017-08-10,48,CLEANING,1264.0
2017-08-11,48,CLEANING,1997.0
2017-08-12,48,CLEANING,1998.0
2017-08-13,48,CLEANING,2305.0
2017-08-14,48,CLEANING,1658.0
2017-08-15,48,CLEANING,1590.0
2017-08-02,48,DAIRY,1398.0
2017-08-03,48,DAIRY,1157.0
2017-08-04,48,DAIRY,1190.0
2017-08-05,48,DAIRY,1682.0
2017-08-06,48,DAIRY,2134.0
2017-08-07,48,DAIRY,1252.0
2017-08-08,48,DAIRY,1015.0
2017-08-09,48,DAIRY,780.0
2017-08-10,48,DAIRY,839.0
2017-08-11,48,DAIRY,1377.0
2017-08-12,48,DAIRY,1364.0
2017-08-13,48,DAIRY,1606.0
2017-08-14,48,DAIRY,1072.0
2017-08-15,48,DAIRY,971.0
2017-08-02,48,DELI,694.072
2017-08-03,48,DELI,616.584
2017-08-04,48,DELI,762.186
2017-08-05,48,DELI,904.662
2017-08-06,48,DELI,1081.835
2017-08-07,48,DELI,659.758
2017-08-08,48,DELI,475.508
2017-08-09,48,DELI,439.927
2017-08-10,48,DELI,506.738
2017-08-11,48,DELI,787.178
2017-08-12,48,DELI,651.343
2017-08-13,48,DELI,839.227
2017-08-14,48,DELI,547.021
2017-08-15,48,DELI,470.311
2017-08-02,48,EGGS,137.0
2017-08-03,48,EGGS,90.0
2017-08-04,48,EGGS,115.0
2017-08-05,48,EGGS,188.0
2017-08-06,48,EGGS,256.0
2017-08-07,48,EGGS,111.0
2017-08-08,48,EGGS,89.0
2017-08-09,48,EGGS,72.0
2017-08-10,48,EGGS,58.0
2017-08-11,48,EGGS,122.0
2017-08-12,48,EGGS,122.0
2017-08-13,48,EGGS,161.0
2017-08-14,48,EGGS,116.0
2017-08-15,48,EGGS,81.0
2017-08-02,48,FROZEN FOODS,144.817
2017-08-03,48,FROZEN FOODS,185.916
2017-08-04,48,FROZEN FOODS,189.465
2017-08-05,48,FROZEN FOODS,373.417
2017-08-06,48,FROZEN FOODS,351.432
2017-08-07,48,FROZEN FOODS,156.29
2017-08-08,48,FROZEN FOODS,150.147
2017-08-09,48,FROZEN FOODS,178.494
2017-08-10,48,FROZEN FOODS,157.747
2017-08-11,48,FROZEN FOODS,313.134
2017-08-12,48,FROZEN FOODS,237.202
2017-08-13,48,FROZEN FOODS,276.326
2017-08-14,48,FROZEN FOODS,173.313
2017-08-15,48,FROZEN FOODS,122.0
2017-08-02,48,GROCERY I,9945.0
2017-08-03,48,GROCERY I,8031.0
2017-08-04,48,GROCERY I,7975.0
2017-08-05,48,GROCERY I,11786.0
2017-08-06,48,GROCERY I,14062.0
2017-08-07,48,GROCERY I,8040.0
2017-08-08,48,GROCERY I,6443.0
2017-08-09,48,GROCERY I,5635.0
2017-08-10,48,GROCERY I,5522.0
2017-08-11,48,GROCERY I,8547.0
2017-08-12,48,GROCERY I,8306.0
2017-08-13,48,GROCERY I,9423.0
2017-08-14,48,GROCERY I,6712.0
2017-08-15,48,GROCERY I,6119.0
2017-08-02,48,GROCERY II,36.0
2017-08-03,48,GROCERY II,40.0
2017-08-04,48,GROCERY II,47.0
2017-08-05,48,GROCERY II,67.0
2017-08-06,48,GROCERY II,74.0
2017-08-07,48,GROCERY II,21.0
2017-08-08,48,GROCERY II,56.0
2017-08-09,48,GROCERY II,15.0
2017-08-10,48,GROCERY II,57.0
2017-08-11,48,GROCERY II,56.0
2017-08-12,48,GROCERY II,55.0
2017-08-13,48,GROCERY II,58.0
2017-08-14,48,GROCERY II,41.0
2017-08-15,48,GROCERY II,23.0
2017-08-02,48,HARDWARE,0.0
2017-08-03,48,HARDWARE,0.0
2017-08-04,48,HARDWARE,1.0
2017-08-05,48,HARDWARE,1.0
2017-08-06,48,HARDWARE,1.0
2017-08-07,48,HARDWARE,0.0
2017-08-08,48,HARDWARE,0.0
2017-08-09,48,HARDWARE,0.0
2017-08-10,48,HARDWARE,0.0
2017-08-11,48,HARDWARE,0.0
2017-08-12,48,HARDWARE,0.0
2017-08-13,48,HARDWARE,1.0
2017-08-14,48,HARDWARE,0.0
2017-08-15,48,HARDWARE,0.0
2017-08-02,48,HOME AND KITCHEN I,33.0
2017-08-03,48,HOME AND KITCHEN I,34.0
2017-08-04,48,HOME AND KITCHEN I,39.0
2017-08-05,48,HOME AND KITCHEN I,28.0
2017-08-06,48,HOME AND KITCHEN I,46.0
2017-08-07,48,HOME AND KITCHEN I,31.0
2017-08-08,48,HOME AND KITCHEN I,16.0
2017-08-09,48,HOME AND KITCHEN I,17.0
2017-08-10,48,HOME AND KITCHEN I,47.0
2017-08-11,48,HOME AND KITCHEN I,27.0
2017-08-12,48,HOME AND KITCHEN I,52.0
2017-08-13,48,HOME AND KITCHEN I,55.0
2017-08-14,48,HOME AND KITCHEN I,14.0
2017-08-15,48,HOME AND KITCHEN I,42.0
2017-08-02,48,HOME AND KITCHEN II,41.0
2017-08-03,48,HOME AND KITCHEN II,36.0
2017-08-04,48,HOME AND KITCHEN II,39.0
2017-08-05,48,HOME AND KITCHEN II,38.0
2017-08-06,48,HOME AND KITCHEN II,44.0
2017-08-07,48,HOME AND KITCHEN II,360.0
2017-08-08,48,HOME AND KITCHEN II,39.0
2017-08-09,48,HOME AND KITCHEN II,55.0
2017-08-10,48,HOME AND KITCHEN II,13.0
2017-08-11,48,HOME AND KITCHEN II,39.0
2017-08-12,48,HOME AND KITCHEN II,30.0
2017-08-13,48,HOME AND KITCHEN II,22.0
2017-08-14,48,HOME AND KITCHEN II,26.0
2017-08-15,48,HOME AND KITCHEN II,16.0
2017-08-02,48,HOME APPLIANCES,2.0
2017-08-03,48,HOME APPLIANCES,0.0
2017-08-04,48,HOME APPLIANCES,0.0
2017-08-05,48,HOME APPLIANCES,0.0
2017-08-06,48,HOME APPLIANCES,1.0
2017-08-07,48,HOME APPLIANCES,1.0
2017-08-08,48,HOME APPLIANCES,0.0
2017-08-09,48,HOME APPLIANCES,0.0
2017-08-10,48,HOME APPLIANCES,0.0
2017-08-11,48,HOME APPLIANCES,0.0
2017-08-12,48,HOME APPLIANCES,0.0
2017-08-13,48,HOME APPLIANCES,0.0
2017-08-14,48,HOME APPLIANCES,0.0
2017-08-15,48,HOME APPLIANCES,0.0
2017-08-02,48,HOME CARE,868.0
2017-08-03,48,HOME CARE,458.0
2017-08-04,48,HOME CARE,463.0
2017-08-05,48,HOME CARE,801.0
2017-08-06,48,HOME CARE,1003.0
2017-08-07,48,HOME CARE,549.0
2017-08-08,48,HOME CARE,429.0
2017-08-09,48,HOME CARE,384.0
2017-08-10,48,HOME CARE,362.0
2017-08-11,48,HOME CARE,556.0
2017-08-12,48,HOME CARE,571.0
2017-08-13,48,HOME CARE,650.0
2017-08-14,48,HOME CARE,409.0
2017-08-15,48,HOME CARE,427.0
2017-08-02,48,LADIESWEAR,21.0
2017-08-03,48,LADIESWEAR,20.0
2017-08-04,48,LADIESWEAR,20.0
2017-08-05,48,LADIESWEAR,34.0
2017-08-06,48,LADIESWEAR,42.0
2017-08-07,48,LADIESWEAR,15.0
2017-08-08,48,LADIESWEAR,11.0
2017-08-09,48,LADIESWEAR,17.0
2017-08-10,48,LADIESWEAR,12.0
2017-08-11,48,LADIESWEAR,19.0
2017-08-12,48,LADIESWEAR,38.0
2017-08-13,48,LADIESWEAR,37.0
2017-08-14,48,LADIESWEAR,8.0
2017-08-15,48,LADIESWEAR,34.0
2017-08-02,48,LAWN AND GARDEN,15.0
2017-08-03,48,LAWN AND GARDEN,7.0
2017-08-04,48,LAWN AND GARDEN,15.0
2017-08-05,48,LAWN AND GARDEN,10.0
2017-08-06,48,LAWN AND GARDEN,33.0
2017-08-07,48,LAWN AND GARDEN,20.0
2017-08-08,48,LAWN AND GARDEN,5.0
2017-08-09,48,LAWN AND GARDEN,20.0
2017-08-10,48,LAWN AND GARDEN,14.0
2017-08-11,48,LAWN AND GARDEN,15.0
2017-08-12,48,LAWN AND GARDEN,15.0
2017-08-13,48,LAWN AND GARDEN,23.0
2017-08-14,48,LAWN AND GARDEN,5.0
2017-08-15,48,LAWN AND GARDEN,7.0
2017-08-02,48,LINGERIE,9.0
2017-08-03,48,LINGERIE,6.0
2017-08-04,48,LINGERIE,0.0
2017-08-05,48,LINGERIE,3.0
2017-08-06,48,LINGERIE,4.0
2017-08-07,48,LINGERIE,0.0
2017-08-08,48,LINGERIE,2.0
2017-08-09,48,LINGERIE,0.0
2017-08-10,48,LINGERIE,7.0
2017-08-11,48,LINGERIE,6.0
2017-08-12,48,LINGERIE,5.0
2017-08-13,48,LINGERIE,11.0
2017-08-14,48,LINGERIE,1.0
2017-08-15,48,LINGERIE,0.0
2017-08-02,48,"LIQUOR,WINE,BEER",99.0
2017-08-03,48,"LIQUOR,WINE,BEER",104.0
2017-08-04,48,"LIQUOR,WINE,BEER",147.0
2017-08-05,48,"LIQUOR,WINE,BEER",257.0
2017-08-06,48,"LIQUOR,WINE,BEER",107.0
2017-08-07,48,"LIQUOR,WINE,BEER",97.0
2017-08-08,48,"LIQUOR,WINE,BEER",85.0
2017-08-09,48,"LIQUOR,WINE,BEER",70.0
2017-08-10,48,"LIQUOR,WINE,BEER",214.0
2017-08-11,48,"LIQUOR,WINE,BEER",284.0
2017-08-12,48,"LIQUOR,WINE,BEER",191.0
2017-08-13,48,"LIQUOR,WINE,BEER",97.0
2017-08-14,48,"LIQUOR,WINE,BEER",71.0
2017-08-15,48,"LIQUOR,WINE,BEER",73.0
2017-08-02,48,MAGAZINES,3.0
2017-08-03,48,MAGAZINES,3.0
2017-08-04,48,MAGAZINES,4.0
2017-08-05,48,MAGAZINES,10.0
2017-08-06,48,MAGAZINES,18.0
2017-08-07,48,MAGAZINES,7.0
2017-08-08,48,MAGAZINES,6.0
2017-08-09,48,MAGAZINES,2.0
2017-08-10,48,MAGAZINES,3.0
2017-08-11,48,MAGAZINES,11.0
2017-08-12,48,MAGAZINES,13.0
2017-08-13,48,MAGAZINES,11.0
2017-08-14,48,MAGAZINES,6.0
2017-08-15,48,MAGAZINES,9.0
2017-08-02,48,MEATS,882.211
2017-08-03,48,MEATS,790.671
2017-08-04,48,MEATS,1299.142
2017-08-05,48,MEATS,1147.092
2017-08-06,48,MEATS,1341.971
2017-08-07,48,MEATS,856.6
2017-08-08,48,MEATS,818.239
2017-08-09,48,MEATS,602.357
2017-08-10,48,MEATS,619.865
2017-08-11,48,MEATS,1592.291
2017-08-12,48,MEATS,844.178
2017-08-13,48,MEATS,961.62
2017-08-14,48,MEATS,749.178
2017-08-15,48,MEATS,669.91
2017-08-02,48,PERSONAL CARE,1687.0
2017-08-03,48,PERSONAL CARE,649.0
2017-08-04,48,PERSONAL CARE,922.0
2017-08-05,48,PERSONAL CARE,1195.0
2017-08-06,48,PERSONAL CARE,1479.0
2017-08-07,48,PERSONAL CARE,756.0
2017-08-08,48,PERSONAL CARE,600.0
2017-08-09,48,PERSONAL CARE,501.0
2017-08-10,48,PERSONAL CARE,471.0
2017-08-11,48,PERSONAL CARE,761.0
2017-08-12,48,PERSONAL CARE,828.0
2017-08-13,48,PERSONAL CARE,1015.0
2017-08-14,48,PERSONAL CARE,657.0
2017-08-15,48,PERSONAL CARE,560.0
2017-08-02,48,PET SUPPLIES,8.0
2017-08-03,48,PET SUPPLIES,12.0
2017-08-04,48,PET SUPPLIES,14.0
2017-08-05,48,PET SUPPLIES,23.0
2017-08-06,48,PET SUPPLIES,33.0
2017-08-07,48,PET SUPPLIES,15.0
2017-08-08,48,PET SUPPLIES,23.0
2017-08-09,48,PET SUPPLIES,21.0
2017-08-10,48,PET SUPPLIES,13.0
2017-08-11,48,PET SUPPLIES,25.0
2017-08-12,48,PET SUPPLIES,25.0
2017-08-13,48,PET SUPPLIES,37.0
2017-08-14,48,PET SUPPLIES,18.0
2017-08-15,48,PET SUPPLIES,16.0
2017-08-02,48,PLAYERS AND ELECTRONICS,35.0
2017-08-03,48,PLAYERS AND ELECTRONICS,20.0
2017-08-04,48,PLAYERS AND ELECTRONICS,25.0
2017-08-05,48,PLAYERS AND ELECTRONICS,37.0
2017-08-06,48,PLAYERS AND ELECTRONICS,37.0
2017-08-07,48,PLAYERS AND ELECTRONICS,20.0
2017-08-08,48,PLAYERS AND ELECTRONICS,25.0
2017-08-09,48,PLAYERS AND ELECTRONICS,21.0
2017-08-10,48,PLAYERS AND ELECTRONICS,25.0
2017-08-11,48,PLAYERS AND ELECTRONICS,29.0
2017-08-12,48,PLAYERS AND ELECTRONICS,37.0
2017-08-13,48,PLAYERS AND ELECTRONICS,31.0
2017-08-14,48,PLAYERS AND ELECTRONICS,21.0
2017-08-15,48,PLAYERS AND ELECTRONICS,15.0
2017-08-02,48,POULTRY,908.718
2017-08-03,48,POULTRY,697.95703
2017-08-04,48,POULTRY,1297.631
2017-08-05,48,POULTRY,1216.503
2017-08-06,48,POULTRY,1425.936
2017-08-07,48,POULTRY,781.85004
2017-08-08,48,POULTRY,688.733
2017-08-09,48,POULTRY,625.742
2017-08-10,48,POULTRY,611.637
2017-08-11,48,POULTRY,1050.864
2017-08-12,48,POULTRY,833.251
2017-08-13,48,POULTRY,979.221
2017-08-14,48,POULTRY,904.546
2017-08-15,48,POULTRY,670.679
2017-08-02,48,PREPARED FOODS,68.805
2017-08-03,48,PREPARED FOODS,82.28
2017-08-04,48,PREPARED FOODS,65.885
2017-08-05,48,PREPARED FOODS,145.552
2017-08-06,48,PREPARED FOODS,135.627
2017-08-07,48,PREPARED FOODS,86.099
2017-08-08,48,PREPARED FOODS,77.525
2017-08-09,48,PREPARED FOODS,73.112
2017-08-10,48,PREPARED FOODS,78.996
2017-08-11,48,PREPARED FOODS,149.759
2017-08-12,48,PREPARED FOODS,124.282
2017-08-13,48,PREPARED FOODS,103.252
2017-08-14,48,PREPARED FOODS,91.669
2017-08-15,48,PREPARED FOODS,80.586
2017-08-02,48,PRODUCE,3002.257
2017-08-03,48,PRODUCE,1643.866
2017-08-04,48,PRODUCE,1702.744
2017-08-05,48,PRODUCE,2791.436
2017-08-06,48,PRODUCE,3431.823
2017-08-07,48,PRODUCE,1984.165
2017-08-08,48,PRODUCE,1455.132
2017-08-09,48,PRODUCE,1985.897
2017-08-10,48,PRODUCE,1297.083
2017-08-11,48,PRODUCE,2218.712
2017-08-12,48,PRODUCE,2185.398
2017-08-13,48,PRODUCE,2856.344
2017-08-14,48,PRODUCE,1810.299
2017-08-15,48,PRODUCE,1438.812
2017-08-02,48,SCHOOL AND OFFICE SUPPLIES,245.0
2017-08-03,48,SCHOOL AND OFFICE SUPPLIES,319.0
2017-08-04,48,SCHOOL AND OFFICE SUPPLIES,487.0
2017-08-05,48,SCHOOL AND OFFICE SUPPLIES,569.0
2017-08-06,48,SCHOOL AND OFFICE SUPPLIES,720.0
2017-08-07,48,SCHOOL AND OFFICE SUPPLIES,474.0
2017-08-08,48,SCHOOL AND OFFICE SUPPLIES,504.0
2017-08-09,48,SCHOOL AND OFFICE SUPPLIES,516.0
2017-08-10,48,SCHOOL AND OFFICE SUPPLIES,578.0
2017-08-11,48,SCHOOL AND OFFICE SUPPLIES,440.0
2017-08-12,48,SCHOOL AND OFFICE SUPPLIES,461.0
2017-08-13,48,SCHOOL AND OFFICE SUPPLIES,453.0
2017-08-14,48,SCHOOL AND OFFICE SUPPLIES,325.0
2017-08-15,48,SCHOOL AND OFFICE SUPPLIES,197.0
2017-08-02,48,SEAFOOD,27.075
2017-08-03,48,SEAFOOD,22.123
2017-08-04,48,SEAFOOD,29.79
2017-08-05,48,SEAFOOD,48.202
2017-08-06,48,SEAFOOD,32.02
2017-08-07,48,SEAFOOD,13.126
2017-08-08,48,SEAFOOD,22.45
2017-08-09,48,SEAFOOD,18.722
2017-08-10,48,SEAFOOD,15.932
2017-08-11,48,SEAFOOD,34.453
2017-08-12,48,SEAFOOD,32.198
2017-08-13,48,SEAFOOD,36.005
2017-08-14,48,SEAFOOD,20.321
2017-08-15,48,SEAFOOD,19.752
2017-08-02,49,AUTOMOTIVE,13.0
2017-08-03,49,AUTOMOTIVE,18.0
2017-08-04,49,AUTOMOTIVE,16.0
2017-08-05,49,AUTOMOTIVE,12.0
2017-08-06,49,AUTOMOTIVE,20.0
2017-08-07,49,AUTOMOTIVE,12.0
2017-08-08,49,AUTOMOTIVE,9.0
2017-08-09,49,AUTOMOTIVE,8.0
2017-08-10,49,AUTOMOTIVE,10.0
2017-08-11,49,AUTOMOTIVE,23.0
2017-08-12,49,AUTOMOTIVE,8.0
2017-08-13,49,AUTOMOTIVE,14.0
2017-08-14,49,AUTOMOTIVE,4.0
2017-08-15,49,AUTOMOTIVE,11.0
2017-08-02,49,BABY CARE,0.0
2017-08-03,49,BABY CARE,0.0
2017-08-04,49,BABY CARE,0.0
2017-08-05,49,BABY CARE,0.0
2017-08-06,49,BABY CARE,0.0
2017-08-07,49,BABY CARE,0.0
2017-08-08,49,BABY CARE,0.0
2017-08-09,49,BABY CARE,0.0
2017-08-10,49,BABY CARE,0.0
2017-08-11,49,BABY CARE,0.0
2017-08-12,49,BABY CARE,0.0
2017-08-13,49,BABY CARE,0.0
2017-08-14,49,BABY CARE,0.0
2017-08-15,49,BABY CARE,0.0
2017-08-02,49,BEAUTY,17.0
2017-08-03,49,BEAUTY,9.0
2017-08-04,49,BEAUTY,9.0
2017-08-05,49,BEAUTY,18.0
2017-08-06,49,BEAUTY,24.0
2017-08-07,49,BEAUTY,12.0
2017-08-08,49,BEAUTY,12.0
2017-08-09,49,BEAUTY,7.0
2017-08-10,49,BEAUTY,7.0
2017-08-11,49,BEAUTY,11.0
2017-08-12,49,BEAUTY,9.0
2017-08-13,49,BEAUTY,22.0
2017-08-14,49,BEAUTY,17.0
2017-08-15,49,BEAUTY,26.0
2017-08-02,49,BEVERAGES,7150.0
2017-08-03,49,BEVERAGES,4943.0
2017-08-04,49,BEVERAGES,6842.0
2017-08-05,49,BEVERAGES,7494.0
2017-08-06,49,BEVERAGES,8989.0
2017-08-07,49,BEVERAGES,6733.0
2017-08-08,49,BEVERAGES,5470.0
2017-08-09,49,BEVERAGES,5562.0
2017-08-10,49,BEVERAGES,5531.0
2017-08-11,49,BEVERAGES,6696.0
2017-08-12,49,BEVERAGES,6667.0
2017-08-13,49,BEVERAGES,7178.0
2017-08-14,49,BEVERAGES,6154.0
2017-08-15,49,BEVERAGES,5820.0
2017-08-02,49,BOOKS,0.0
2017-08-03,49,BOOKS,0.0
2017-08-04,49,BOOKS,0.0
2017-08-05,49,BOOKS,0.0
2017-08-06,49,BOOKS,0.0
2017-08-07,49,BOOKS,0.0
2017-08-08,49,BOOKS,0.0
2017-08-09,49,BOOKS,0.0
2017-08-10,49,BOOKS,0.0
2017-08-11,49,BOOKS,0.0
2017-08-12,49,BOOKS,0.0
2017-08-13,49,BOOKS,0.0
2017-08-14,49,BOOKS,0.0
2017-08-15,49,BOOKS,0.0
2017-08-02,49,BREAD/BAKERY,1132.423
2017-08-03,49,BREAD/BAKERY,812.459
2017-08-04,49,BREAD/BAKERY,1364.5859
2017-08-05,49,BREAD/BAKERY,1142.184
2017-08-06,49,BREAD/BAKERY,1472.724
2017-08-07,49,BREAD/BAKERY,1318.703
2017-08-08,49,BREAD/BAKERY,1174.233
2017-08-09,49,BREAD/BAKERY,1237.521
2017-08-10,49,BREAD/BAKERY,1043.679
2017-08-11,49,BREAD/BAKERY,1323.13
2017-08-12,49,BREAD/BAKERY,1131.045
2017-08-13,49,BREAD/BAKERY,1189.882
2017-08-14,49,BREAD/BAKERY,1144.527
2017-08-15,49,BREAD/BAKERY,1019.124
2017-08-02,49,CELEBRATION,24.0
2017-08-03,49,CELEBRATION,18.0
2017-08-04,49,CELEBRATION,36.0
2017-08-05,49,CELEBRATION,30.0
2017-08-06,49,CELEBRATION,20.0
2017-08-07,49,CELEBRATION,20.0
2017-08-08,49,CELEBRATION,55.0
2017-08-09,49,CELEBRATION,15.0
2017-08-10,49,CELEBRATION,36.0
2017-08-11,49,CELEBRATION,31.0
2017-08-12,49,CELEBRATION,21.0
2017-08-13,49,CELEBRATION,13.0
2017-08-14,49,CELEBRATION,31.0
2017-08-15,49,CELEBRATION,23.0
2017-08-02,49,CLEANING,2501.0
2017-08-03,49,CLEANING,1645.0
2017-08-04,49,CLEANING,1913.0
2017-08-05,49,CLEANING,1929.0
2017-08-06,49,CLEANING,2258.0
2017-08-07,49,CLEANING,1812.0
2017-08-08,49,CLEANING,1592.0
2017-08-09,49,CLEANING,1717.0
2017-08-10,49,CLEANING,1386.0
2017-08-11,49,CLEANING,1624.0
2017-08-12,49,CLEANING,1666.0
2017-08-13,49,CLEANING,1903.0
2017-08-14,49,CLEANING,1774.0
2017-08-15,49,CLEANING,1765.0
2017-08-02,49,DAIRY,2335.0
2017-08-03,49,DAIRY,1541.0
2017-08-04,49,DAIRY,2231.0
2017-08-05,49,DAIRY,2214.0
2017-08-06,49,DAIRY,2684.0
2017-08-07,49,DAIRY,2273.0
2017-08-08,49,DAIRY,1734.0
2017-08-09,49,DAIRY,1962.0
2017-08-10,49,DAIRY,1800.0
2017-08-11,49,DAIRY,2241.0
2017-08-12,49,DAIRY,2005.0
2017-08-13,49,DAIRY,2257.0
2017-08-14,49,DAIRY,2190.0
2017-08-15,49,DAIRY,1832.0
2017-08-02,49,DELI,446.068
2017-08-03,49,DELI,367.963
2017-08-04,49,DELI,538.395
2017-08-05,49,DELI,533.753
2017-08-06,49,DELI,672.719
2017-08-07,49,DELI,495.256
2017-08-08,49,DELI,347.227
2017-08-09,49,DELI,361.739
2017-08-10,49,DELI,292.935
2017-08-11,49,DELI,505.335
2017-08-12,49,DELI,417.34
2017-08-13,49,DELI,469.891
2017-08-14,49,DELI,385.858
2017-08-15,49,DELI,376.486
2017-08-02,49,EGGS,466.0
2017-08-03,49,EGGS,349.0
2017-08-04,49,EGGS,505.0
2017-08-05,49,EGGS,490.0
2017-08-06,49,EGGS,603.0
2017-08-07,49,EGGS,492.0
2017-08-08,49,EGGS,413.0
2017-08-09,49,EGGS,419.0
2017-08-10,49,EGGS,374.0
2017-08-11,49,EGGS,498.0
2017-08-12,49,EGGS,433.0
2017-08-13,49,EGGS,542.0
2017-08-14,49,EGGS,467.0
2017-08-15,49,EGGS,418.0
2017-08-02,49,FROZEN FOODS,355.0
2017-08-03,49,FROZEN FOODS,314.071
2017-08-04,49,FROZEN FOODS,419.408
2017-08-05,49,FROZEN FOODS,319.393
2017-08-06,49,FROZEN FOODS,406.147
2017-08-07,49,FROZEN FOODS,325.534
2017-08-08,49,FROZEN FOODS,255.0
2017-08-09,49,FROZEN FOODS,294.136
2017-08-10,49,FROZEN FOODS,265.696
2017-08-11,49,FROZEN FOODS,428.885
2017-08-12,49,FROZEN FOODS,336.897
2017-08-13,49,FROZEN FOODS,343.044
2017-08-14,49,FROZEN FOODS,286.0
2017-08-15,49,FROZEN FOODS,274.0
2017-08-02,49,GROCERY I,9044.0
2017-08-03,49,GROCERY I,6277.0
2017-08-04,49,GROCERY I,8144.0
2017-08-05,49,GROCERY I,8410.0
2017-08-06,49,GROCERY I,9866.0
2017-08-07,49,GROCERY I,8129.0
2017-08-08,49,GROCERY I,6386.0
2017-08-09,49,GROCERY I,6965.0
2017-08-10,49,GROCERY I,5811.0
2017-08-11,49,GROCERY I,7680.0
2017-08-12,49,GROCERY I,7030.0
2017-08-13,49,GROCERY I,7655.0
2017-08-14,49,GROCERY I,7366.0
2017-08-15,49,GROCERY I,7001.0
2017-08-02,49,GROCERY II,113.0
2017-08-03,49,GROCERY II,66.0
2017-08-04,49,GROCERY II,73.0
2017-08-05,49,GROCERY II,61.0
2017-08-06,49,GROCERY II,74.0
2017-08-07,49,GROCERY II,66.0
2017-08-08,49,GROCERY II,61.0
2017-08-09,49,GROCERY II,56.0
2017-08-10,49,GROCERY II,54.0
2017-08-11,49,GROCERY II,78.0
2017-08-12,49,GROCERY II,77.0
2017-08-13,49,GROCERY II,79.0
2017-08-14,49,GROCERY II,97.0
2017-08-15,49,GROCERY II,95.0
2017-08-02,49,HARDWARE,1.0
2017-08-03,49,HARDWARE,4.0
2017-08-04,49,HARDWARE,1.0
2017-08-05,49,HARDWARE,0.0
2017-08-06,49,HARDWARE,3.0
2017-08-07,49,HARDWARE,1.0
2017-08-08,49,HARDWARE,0.0
2017-08-09,49,HARDWARE,0.0
2017-08-10,49,HARDWARE,3.0
2017-08-11,49,HARDWARE,1.0
2017-08-12,49,HARDWARE,5.0
2017-08-13,49,HARDWARE,0.0
2017-08-14,49,HARDWARE,1.0
2017-08-15,49,HARDWARE,1.0
2017-08-02,49,HOME AND KITCHEN I,53.0
2017-08-03,49,HOME AND KITCHEN I,67.0
2017-08-04,49,HOME AND KITCHEN I,49.0
2017-08-05,49,HOME AND KITCHEN I,56.0
2017-08-06,49,HOME AND KITCHEN I,112.0
2017-08-07,49,HOME AND KITCHEN I,39.0
2017-08-08,49,HOME AND KITCHEN I,34.0
2017-08-09,49,HOME AND KITCHEN I,56.0
2017-08-10,49,HOME AND KITCHEN I,58.0
2017-08-11,49,HOME AND KITCHEN I,69.0
2017-08-12,49,HOME AND KITCHEN I,42.0
2017-08-13,49,HOME AND KITCHEN I,57.0
2017-08-14,49,HOME AND KITCHEN I,81.0
2017-08-15,49,HOME AND KITCHEN I,38.0
2017-08-02,49,HOME AND KITCHEN II,61.0
2017-08-03,49,HOME AND KITCHEN II,42.0
2017-08-04,49,HOME AND KITCHEN II,288.0
2017-08-05,49,HOME AND KITCHEN II,68.0
2017-08-06,49,HOME AND KITCHEN II,48.0
2017-08-07,49,HOME AND KITCHEN II,50.0
2017-08-08,49,HOME AND KITCHEN II,50.0
2017-08-09,49,HOME AND KITCHEN II,36.0
2017-08-10,49,HOME AND KITCHEN II,47.0
2017-08-11,49,HOME AND KITCHEN II,48.0
2017-08-12,49,HOME AND KITCHEN II,55.0
2017-08-13,49,HOME AND KITCHEN II,63.0
2017-08-14,49,HOME AND KITCHEN II,54.0
2017-08-15,49,HOME AND KITCHEN II,50.0
2017-08-02,49,HOME APPLIANCES,1.0
2017-08-03,49,HOME APPLIANCES,1.0
2017-08-04,49,HOME APPLIANCES,0.0
2017-08-05,49,HOME APPLIANCES,0.0
2017-08-06,49,HOME APPLIANCES,1.0
2017-08-07,49,HOME APPLIANCES,1.0
2017-08-08,49,HOME APPLIANCES,1.0
2017-08-09,49,HOME APPLIANCES,2.0
2017-08-10,49,HOME APPLIANCES,2.0
2017-08-11,49,HOME APPLIANCES,0.0
2017-08-12,49,HOME APPLIANCES,0.0
2017-08-13,49,HOME APPLIANCES,0.0
2017-08-14,49,HOME APPLIANCES,0.0
2017-08-15,49,HOME APPLIANCES,0.0
2017-08-02,49,HOME CARE,591.0
2017-08-03,49,HOME CARE,366.0
2017-08-04,49,HOME CARE,443.0
2017-08-05,49,HOME CARE,542.0
2017-08-06,49,HOME CARE,671.0
2017-08-07,49,HOME CARE,472.0
2017-08-08,49,HOME CARE,420.0
2017-08-09,49,HOME CARE,360.0
2017-08-10,49,HOME CARE,309.0
2017-08-11,49,HOME CARE,406.0
2017-08-12,49,HOME CARE,451.0
2017-08-13,49,HOME CARE,509.0
2017-08-14,49,HOME CARE,440.0
2017-08-15,49,HOME CARE,473.0
2017-08-02,49,LADIESWEAR,22.0
2017-08-03,49,LADIESWEAR,13.0
2017-08-04,49,LADIESWEAR,17.0
2017-08-05,49,LADIESWEAR,21.0
2017-08-06,49,LADIESWEAR,18.0
2017-08-07,49,LADIESWEAR,14.0
2017-08-08,49,LADIESWEAR,14.0
2017-08-09,49,LADIESWEAR,10.0
2017-08-10,49,LADIESWEAR,8.0
2017-08-11,49,LADIESWEAR,11.0
2017-08-12,49,LADIESWEAR,10.0
2017-08-13,49,LADIESWEAR,23.0
2017-08-14,49,LADIESWEAR,10.0
2017-08-15,49,LADIESWEAR,10.0
2017-08-02,49,LAWN AND GARDEN,27.0
2017-08-03,49,LAWN AND GARDEN,21.0
2017-08-04,49,LAWN AND GARDEN,62.0
2017-08-05,49,LAWN AND GARDEN,34.0
2017-08-06,49,LAWN AND GARDEN,26.0
2017-08-07,49,LAWN AND GARDEN,25.0
2017-08-08,49,LAWN AND GARDEN,8.0
2017-08-09,49,LAWN AND GARDEN,58.0
2017-08-10,49,LAWN AND GARDEN,30.0
2017-08-11,49,LAWN AND GARDEN,49.0
2017-08-12,49,LAWN AND GARDEN,32.0
2017-08-13,49,LAWN AND GARDEN,35.0
2017-08-14,49,LAWN AND GARDEN,41.0
2017-08-15,49,LAWN AND GARDEN,16.0
2017-08-02,49,LINGERIE,18.0
2017-08-03,49,LINGERIE,8.0
2017-08-04,49,LINGERIE,12.0
2017-08-05,49,LINGERIE,3.0
2017-08-06,49,LINGERIE,7.0
2017-08-07,49,LINGERIE,9.0
2017-08-08,49,LINGERIE,16.0
2017-08-09,49,LINGERIE,10.0
2017-08-10,49,LINGERIE,11.0
2017-08-11,49,LINGERIE,8.0
2017-08-12,49,LINGERIE,5.0
2017-08-13,49,LINGERIE,12.0
2017-08-14,49,LINGERIE,9.0
2017-08-15,49,LINGERIE,7.0
2017-08-02,49,"LIQUOR,WINE,BEER",224.0
2017-08-03,49,"LIQUOR,WINE,BEER",201.0
2017-08-04,49,"LIQUOR,WINE,BEER",358.0
2017-08-05,49,"LIQUOR,WINE,BEER",386.0
2017-08-06,49,"LIQUOR,WINE,BEER",223.0
2017-08-07,49,"LIQUOR,WINE,BEER",119.0
2017-08-08,49,"LIQUOR,WINE,BEER",147.0
2017-08-09,49,"LIQUOR,WINE,BEER",175.0
2017-08-10,49,"LIQUOR,WINE,BEER",365.0
2017-08-11,49,"LIQUOR,WINE,BEER",495.0
2017-08-12,49,"LIQUOR,WINE,BEER",380.0
2017-08-13,49,"LIQUOR,WINE,BEER",241.0
2017-08-14,49,"LIQUOR,WINE,BEER",145.0
2017-08-15,49,"LIQUOR,WINE,BEER",153.0
2017-08-02,49,MAGAZINES,15.0
2017-08-03,49,MAGAZINES,6.0
2017-08-04,49,MAGAZINES,11.0
2017-08-05,49,MAGAZINES,17.0
2017-08-06,49,MAGAZINES,40.0
2017-08-07,49,MAGAZINES,41.0
2017-08-08,49,MAGAZINES,27.0
2017-08-09,49,MAGAZINES,20.0
2017-08-10,49,MAGAZINES,13.0
2017-08-11,49,MAGAZINES,22.0
2017-08-12,49,MAGAZINES,20.0
2017-08-13,49,MAGAZINES,22.0
2017-08-14,49,MAGAZINES,23.0
2017-08-15,49,MAGAZINES,20.0
2017-08-02,49,MEATS,731.152
2017-08-03,49,MEATS,658.874
2017-08-04,49,MEATS,1488.945
2017-08-05,49,MEATS,893.0
2017-08-06,49,MEATS,916.634
2017-08-07,49,MEATS,766.485
2017-08-08,49,MEATS,574.52
2017-08-09,49,MEATS,616.141
2017-08-10,49,MEATS,714.826
2017-08-11,49,MEATS,1349.165
2017-08-12,49,MEATS,788.915
2017-08-13,49,MEATS,753.352
2017-08-14,49,MEATS,814.506
2017-08-15,49,MEATS,767.027
2017-08-02,49,PERSONAL CARE,634.0
2017-08-03,49,PERSONAL CARE,464.0
2017-08-04,49,PERSONAL CARE,524.0
2017-08-05,49,PERSONAL CARE,661.0
2017-08-06,49,PERSONAL CARE,838.0
2017-08-07,49,PERSONAL CARE,859.0
2017-08-08,49,PERSONAL CARE,427.0
2017-08-09,49,PERSONAL CARE,428.0
2017-08-10,49,PERSONAL CARE,339.0
2017-08-11,49,PERSONAL CARE,496.0
2017-08-12,49,PERSONAL CARE,576.0
2017-08-13,49,PERSONAL CARE,588.0
2017-08-14,49,PERSONAL CARE,502.0
2017-08-15,49,PERSONAL CARE,493.0
2017-08-02,49,PET SUPPLIES,12.0
2017-08-03,49,PET SUPPLIES,19.0
2017-08-04,49,PET SUPPLIES,12.0
2017-08-05,49,PET SUPPLIES,27.0
2017-08-06,49,PET SUPPLIES,24.0
2017-08-07,49,PET SUPPLIES,15.0
2017-08-08,49,PET SUPPLIES,18.0
2017-08-09,49,PET SUPPLIES,7.0
2017-08-10,49,PET SUPPLIES,18.0
2017-08-11,49,PET SUPPLIES,17.0
2017-08-12,49,PET SUPPLIES,26.0
2017-08-13,49,PET SUPPLIES,33.0
2017-08-14,49,PET SUPPLIES,27.0
2017-08-15,49,PET SUPPLIES,11.0
2017-08-02,49,PLAYERS AND ELECTRONICS,37.0
2017-08-03,49,PLAYERS AND ELECTRONICS,25.0
2017-08-04,49,PLAYERS AND ELECTRONICS,29.0
2017-08-05,49,PLAYERS AND ELECTRONICS,27.0
2017-08-06,49,PLAYERS AND ELECTRONICS,48.0
2017-08-07,49,PLAYERS AND ELECTRONICS,39.0
2017-08-08,49,PLAYERS AND ELECTRONICS,18.0
2017-08-09,49,PLAYERS AND ELECTRONICS,21.0
2017-08-10,49,PLAYERS AND ELECTRONICS,27.0
2017-08-11,49,PLAYERS AND ELECTRONICS,31.0
2017-08-12,49,PLAYERS AND ELECTRONICS,56.0
2017-08-13,49,PLAYERS AND ELECTRONICS,32.0
2017-08-14,49,PLAYERS AND ELECTRONICS,30.0
2017-08-15,49,PLAYERS AND ELECTRONICS,30.0
2017-08-02,49,POULTRY,1014.602
2017-08-03,49,POULTRY,807.237
2017-08-04,49,POULTRY,1513.603
2017-08-05,49,POULTRY,1107.222
2017-08-06,49,POULTRY,1307.6691
2017-08-07,49,POULTRY,1057.98
2017-08-08,49,POULTRY,784.15497
2017-08-09,49,POULTRY,819.36
2017-08-10,49,POULTRY,673.765
2017-08-11,49,POULTRY,1290.441
2017-08-12,49,POULTRY,889.85004
2017-08-13,49,POULTRY,999.316
2017-08-14,49,POULTRY,1026.21
2017-08-15,49,POULTRY,926.492
2017-08-02,49,PREPARED FOODS,259.268
2017-08-03,49,PREPARED FOODS,168.339
2017-08-04,49,PREPARED FOODS,253.493
2017-08-05,49,PREPARED FOODS,215.057
2017-08-06,49,PREPARED FOODS,263.303
2017-08-07,49,PREPARED FOODS,209.826
2017-08-08,49,PREPARED FOODS,155.075
2017-08-09,49,PREPARED FOODS,213.571
2017-08-10,49,PREPARED FOODS,168.075
2017-08-11,49,PREPARED FOODS,291.781
2017-08-12,49,PREPARED FOODS,192.412
2017-08-13,49,PREPARED FOODS,189.643
2017-08-14,49,PREPARED FOODS,241.769
2017-08-15,49,PREPARED FOODS,207.888
2017-08-02,49,PRODUCE,10732.584
2017-08-03,49,PRODUCE,5354.495
2017-08-04,49,PRODUCE,7120.316
2017-08-05,49,PRODUCE,6922.8022
2017-08-06,49,PRODUCE,9181.79
2017-08-07,49,PRODUCE,7755.2188
2017-08-08,49,PRODUCE,5824.326
2017-08-09,49,PRODUCE,9147.198
2017-08-10,49,PRODUCE,5753.989
2017-08-11,49,PRODUCE,6888.917
2017-08-12,49,PRODUCE,7059.721
2017-08-13,49,PRODUCE,7489.186
2017-08-14,49,PRODUCE,7483.304
2017-08-15,49,PRODUCE,6316.367
2017-08-02,49,SCHOOL AND OFFICE SUPPLIES,408.0
2017-08-03,49,SCHOOL AND OFFICE SUPPLIES,247.0
2017-08-04,49,SCHOOL AND OFFICE SUPPLIES,362.0
2017-08-05,49,SCHOOL AND OFFICE SUPPLIES,428.0
2017-08-06,49,SCHOOL AND OFFICE SUPPLIES,356.0
2017-08-07,49,SCHOOL AND OFFICE SUPPLIES,322.0
2017-08-08,49,SCHOOL AND OFFICE SUPPLIES,375.0
2017-08-09,49,SCHOOL AND OFFICE SUPPLIES,263.0
2017-08-10,49,SCHOOL AND OFFICE SUPPLIES,164.0
2017-08-11,49,SCHOOL AND OFFICE SUPPLIES,265.0
2017-08-12,49,SCHOOL AND OFFICE SUPPLIES,259.0
2017-08-13,49,SCHOOL AND OFFICE SUPPLIES,194.0
2017-08-14,49,SCHOOL AND OFFICE SUPPLIES,304.0
2017-08-15,49,SCHOOL AND OFFICE SUPPLIES,192.0
2017-08-02,49,SEAFOOD,78.918
2017-08-03,49,SEAFOOD,85.242004
2017-08-04,49,SEAFOOD,120.781006
2017-08-05,49,SEAFOOD,60.65
2017-08-06,49,SEAFOOD,88.317
2017-08-07,49,SEAFOOD,85.074
2017-08-08,49,SEAFOOD,78.187
2017-08-09,49,SEAFOOD,79.022
2017-08-10,49,SEAFOOD,55.971
2017-08-11,49,SEAFOOD,99.916
2017-08-12,49,SEAFOOD,72.866
2017-08-13,49,SEAFOOD,78.171
2017-08-14,49,SEAFOOD,79.832
2017-08-15,49,SEAFOOD,56.842003
2017-08-02,50,AUTOMOTIVE,24.0
2017-08-03,50,AUTOMOTIVE,10.0
2017-08-04,50,AUTOMOTIVE,20.0
2017-08-05,50,AUTOMOTIVE,11.0
2017-08-06,50,AUTOMOTIVE,7.0
2017-08-07,50,AUTOMOTIVE,4.0
2017-08-08,50,AUTOMOTIVE,25.0
2017-08-09,50,AUTOMOTIVE,8.0
2017-08-10,50,AUTOMOTIVE,12.0
2017-08-11,50,AUTOMOTIVE,14.0
2017-08-12,50,AUTOMOTIVE,14.0
2017-08-13,50,AUTOMOTIVE,19.0
2017-08-14,50,AUTOMOTIVE,6.0
2017-08-15,50,AUTOMOTIVE,11.0
2017-08-02,50,BABY CARE,0.0
2017-08-03,50,BABY CARE,0.0
2017-08-04,50,BABY CARE,0.0
2017-08-05,50,BABY CARE,0.0
2017-08-06,50,BABY CARE,0.0
2017-08-07,50,BABY CARE,0.0
2017-08-08,50,BABY CARE,0.0
2017-08-09,50,BABY CARE,0.0
2017-08-10,50,BABY CARE,0.0
2017-08-11,50,BABY CARE,0.0
2017-08-12,50,BABY CARE,0.0
2017-08-13,50,BABY CARE,0.0
2017-08-14,50,BABY CARE,0.0
2017-08-15,50,BABY CARE,0.0
2017-08-02,50,BEAUTY,9.0
2017-08-03,50,BEAUTY,8.0
2017-08-04,50,BEAUTY,9.0
2017-08-05,50,BEAUTY,29.0
2017-08-06,50,BEAUTY,23.0
2017-08-07,50,BEAUTY,13.0
2017-08-08,50,BEAUTY,12.0
2017-08-09,50,BEAUTY,19.0
2017-08-10,50,BEAUTY,15.0
2017-08-11,50,BEAUTY,13.0
2017-08-12,50,BEAUTY,15.0
2017-08-13,50,BEAUTY,22.0
2017-08-14,50,BEAUTY,15.0
2017-08-15,50,BEAUTY,16.0
2017-08-02,50,BEVERAGES,5042.0
2017-08-03,50,BEVERAGES,3777.0
2017-08-04,50,BEVERAGES,3698.0
2017-08-05,50,BEVERAGES,6153.0
2017-08-06,50,BEVERAGES,5546.0
2017-08-07,50,BEVERAGES,4011.0
2017-08-08,50,BEVERAGES,3564.0
2017-08-09,50,BEVERAGES,3517.0
2017-08-10,50,BEVERAGES,3863.0
2017-08-11,50,BEVERAGES,4264.0
2017-08-12,50,BEVERAGES,4295.0
2017-08-13,50,BEVERAGES,4600.0
2017-08-14,50,BEVERAGES,3914.0
2017-08-15,50,BEVERAGES,3661.0
2017-08-02,50,BOOKS,0.0
2017-08-03,50,BOOKS,0.0
2017-08-04,50,BOOKS,0.0
2017-08-05,50,BOOKS,0.0
2017-08-06,50,BOOKS,0.0
2017-08-07,50,BOOKS,0.0
2017-08-08,50,BOOKS,0.0
2017-08-09,50,BOOKS,0.0
2017-08-10,50,BOOKS,0.0
2017-08-11,50,BOOKS,0.0
2017-08-12,50,BOOKS,0.0
2017-08-13,50,BOOKS,0.0
2017-08-14,50,BOOKS,0.0
2017-08-15,50,BOOKS,0.0
2017-08-02,50,BREAD/BAKERY,653.981
2017-08-03,50,BREAD/BAKERY,600.177
2017-08-04,50,BREAD/BAKERY,665.158
2017-08-05,50,BREAD/BAKERY,878.421
2017-08-06,50,BREAD/BAKERY,711.515
2017-08-07,50,BREAD/BAKERY,661.432
2017-08-08,50,BREAD/BAKERY,483.132
2017-08-09,50,BREAD/BAKERY,607.662
2017-08-10,50,BREAD/BAKERY,488.327
2017-08-11,50,BREAD/BAKERY,677.468
2017-08-12,50,BREAD/BAKERY,500.757
2017-08-13,50,BREAD/BAKERY,531.092
2017-08-14,50,BREAD/BAKERY,547.679
2017-08-15,50,BREAD/BAKERY,466.13
2017-08-02,50,CELEBRATION,21.0
2017-08-03,50,CELEBRATION,16.0
2017-08-04,50,CELEBRATION,33.0
2017-08-05,50,CELEBRATION,57.0
2017-08-06,50,CELEBRATION,60.0
2017-08-07,50,CELEBRATION,21.0
2017-08-08,50,CELEBRATION,31.0
2017-08-09,50,CELEBRATION,33.0
2017-08-10,50,CELEBRATION,70.0
2017-08-11,50,CELEBRATION,36.0
2017-08-12,50,CELEBRATION,37.0
2017-08-13,50,CELEBRATION,26.0
2017-08-14,50,CELEBRATION,26.0
2017-08-15,50,CELEBRATION,45.0
2017-08-02,50,CLEANING,2109.0
2017-08-03,50,CLEANING,1469.0
2017-08-04,50,CLEANING,1362.0
2017-08-05,50,CLEANING,2240.0
2017-08-06,50,CLEANING,2146.0
2017-08-07,50,CLEANING,1684.0
2017-08-08,50,CLEANING,1245.0
2017-08-09,50,CLEANING,1268.0
2017-08-10,50,CLEANING,1248.0
2017-08-11,50,CLEANING,1741.0
2017-08-12,50,CLEANING,1541.0
2017-08-13,50,CLEANING,1755.0
2017-08-14,50,CLEANING,1379.0
2017-08-15,50,CLEANING,1322.0
2017-08-02,50,DAIRY,1149.0
2017-08-03,50,DAIRY,1037.0
2017-08-04,50,DAIRY,914.0
2017-08-05,50,DAIRY,1399.0
2017-08-06,50,DAIRY,1464.0
2017-08-07,50,DAIRY,1065.0
2017-08-08,50,DAIRY,957.0
2017-08-09,50,DAIRY,946.0
2017-08-10,50,DAIRY,896.0
2017-08-11,50,DAIRY,1208.0
2017-08-12,50,DAIRY,1087.0
2017-08-13,50,DAIRY,1144.0
2017-08-14,50,DAIRY,1088.0
2017-08-15,50,DAIRY,1018.0
2017-08-02,50,DELI,466.62
2017-08-03,50,DELI,463.415
2017-08-04,50,DELI,536.1
2017-08-05,50,DELI,625.019
2017-08-06,50,DELI,571.413
2017-08-07,50,DELI,486.85
2017-08-08,50,DELI,356.56
2017-08-09,50,DELI,460.226
2017-08-10,50,DELI,398.553
2017-08-11,50,DELI,541.979
2017-08-12,50,DELI,459.709
2017-08-13,50,DELI,453.101
2017-08-14,50,DELI,365.374
2017-08-15,50,DELI,429.619
2017-08-02,50,EGGS,116.0
2017-08-03,50,EGGS,96.0
2017-08-04,50,EGGS,96.0
2017-08-05,50,EGGS,153.0
2017-08-06,50,EGGS,157.0
2017-08-07,50,EGGS,101.0
2017-08-08,50,EGGS,91.0
2017-08-09,50,EGGS,101.0
2017-08-10,50,EGGS,89.0
2017-08-11,50,EGGS,117.0
2017-08-12,50,EGGS,121.0
2017-08-13,50,EGGS,113.0
2017-08-14,50,EGGS,119.0
2017-08-15,50,EGGS,87.0
2017-08-02,50,FROZEN FOODS,160.28
2017-08-03,50,FROZEN FOODS,197.565
2017-08-04,50,FROZEN FOODS,193.0
2017-08-05,50,FROZEN FOODS,213.426
2017-08-06,50,FROZEN FOODS,181.271
2017-08-07,50,FROZEN FOODS,116.071
2017-08-08,50,FROZEN FOODS,91.183
2017-08-09,50,FROZEN FOODS,131.468
2017-08-10,50,FROZEN FOODS,234.244
2017-08-11,50,FROZEN FOODS,146.25
2017-08-12,50,FROZEN FOODS,186.0
2017-08-13,50,FROZEN FOODS,119.0
2017-08-14,50,FROZEN FOODS,189.494
2017-08-15,50,FROZEN FOODS,95.520004
2017-08-02,50,GROCERY I,7970.0
2017-08-03,50,GROCERY I,6194.0
2017-08-04,50,GROCERY I,6040.0
2017-08-05,50,GROCERY I,9006.0
2017-08-06,50,GROCERY I,8360.0
2017-08-07,50,GROCERY I,6896.0
2017-08-08,50,GROCERY I,5666.0
2017-08-09,50,GROCERY I,5665.0
2017-08-10,50,GROCERY I,5727.0
2017-08-11,50,GROCERY I,6808.0
2017-08-12,50,GROCERY I,6202.0
2017-08-13,50,GROCERY I,7178.0
2017-08-14,50,GROCERY I,6041.0
2017-08-15,50,GROCERY I,5647.0
2017-08-02,50,GROCERY II,84.0
2017-08-03,50,GROCERY II,83.0
2017-08-04,50,GROCERY II,61.0
2017-08-05,50,GROCERY II,117.0
2017-08-06,50,GROCERY II,65.0
2017-08-07,50,GROCERY II,82.0
2017-08-08,50,GROCERY II,77.0
2017-08-09,50,GROCERY II,52.0
2017-08-10,50,GROCERY II,56.0
2017-08-11,50,GROCERY II,76.0
2017-08-12,50,GROCERY II,58.0
2017-08-13,50,GROCERY II,64.0
2017-08-14,50,GROCERY II,62.0
2017-08-15,50,GROCERY II,68.0
2017-08-02,50,HARDWARE,0.0
2017-08-03,50,HARDWARE,1.0
2017-08-04,50,HARDWARE,1.0
2017-08-05,50,HARDWARE,0.0
2017-08-06,50,HARDWARE,4.0
2017-08-07,50,HARDWARE,0.0
2017-08-08,50,HARDWARE,1.0
2017-08-09,50,HARDWARE,3.0
2017-08-10,50,HARDWARE,1.0
2017-08-11,50,HARDWARE,1.0
2017-08-12,50,HARDWARE,5.0
2017-08-13,50,HARDWARE,2.0
2017-08-14,50,HARDWARE,1.0
2017-08-15,50,HARDWARE,4.0
2017-08-02,50,HOME AND KITCHEN I,74.0
2017-08-03,50,HOME AND KITCHEN I,65.0
2017-08-04,50,HOME AND KITCHEN I,82.0
2017-08-05,50,HOME AND KITCHEN I,62.0
2017-08-06,50,HOME AND KITCHEN I,87.0
2017-08-07,50,HOME AND KITCHEN I,47.0
2017-08-08,50,HOME AND KITCHEN I,46.0
2017-08-09,50,HOME AND KITCHEN I,56.0
2017-08-10,50,HOME AND KITCHEN I,90.0
2017-08-11,50,HOME AND KITCHEN I,62.0
2017-08-12,50,HOME AND KITCHEN I,76.0
2017-08-13,50,HOME AND KITCHEN I,53.0
2017-08-14,50,HOME AND KITCHEN I,111.0
2017-08-15,50,HOME AND KITCHEN I,34.0
2017-08-02,50,HOME AND KITCHEN II,34.0
2017-08-03,50,HOME AND KITCHEN II,55.0
2017-08-04,50,HOME AND KITCHEN II,32.0
2017-08-05,50,HOME AND KITCHEN II,29.0
2017-08-06,50,HOME AND KITCHEN II,37.0
2017-08-07,50,HOME AND KITCHEN II,22.0
2017-08-08,50,HOME AND KITCHEN II,13.0
2017-08-09,50,HOME AND KITCHEN II,15.0
2017-08-10,50,HOME AND KITCHEN II,24.0
2017-08-11,50,HOME AND KITCHEN II,43.0
2017-08-12,50,HOME AND KITCHEN II,58.0
2017-08-13,50,HOME AND KITCHEN II,47.0
2017-08-14,50,HOME AND KITCHEN II,38.0
2017-08-15,50,HOME AND KITCHEN II,19.0
2017-08-02,50,HOME APPLIANCES,1.0
2017-08-03,50,HOME APPLIANCES,0.0
2017-08-04,50,HOME APPLIANCES,0.0
2017-08-05,50,HOME APPLIANCES,0.0
2017-08-06,50,HOME APPLIANCES,0.0
2017-08-07,50,HOME APPLIANCES,0.0
2017-08-08,50,HOME APPLIANCES,0.0
2017-08-09,50,HOME APPLIANCES,0.0
2017-08-10,50,HOME APPLIANCES,0.0
2017-08-11,50,HOME APPLIANCES,0.0
2017-08-12,50,HOME APPLIANCES,0.0
2017-08-13,50,HOME APPLIANCES,0.0
2017-08-14,50,HOME APPLIANCES,0.0
2017-08-15,50,HOME APPLIANCES,0.0
2017-08-02,50,HOME CARE,522.0
2017-08-03,50,HOME CARE,312.0
2017-08-04,50,HOME CARE,330.0
2017-08-05,50,HOME CARE,541.0
2017-08-06,50,HOME CARE,490.0
2017-08-07,50,HOME CARE,376.0
2017-08-08,50,HOME CARE,271.0
2017-08-09,50,HOME CARE,319.0
2017-08-10,50,HOME CARE,233.0
2017-08-11,50,HOME CARE,385.0
2017-08-12,50,HOME CARE,391.0
2017-08-13,50,HOME CARE,434.0
2017-08-14,50,HOME CARE,333.0
2017-08-15,50,HOME CARE,303.0
2017-08-02,50,LADIESWEAR,17.0
2017-08-03,50,LADIESWEAR,10.0
2017-08-04,50,LADIESWEAR,2.0
2017-08-05,50,LADIESWEAR,43.0
2017-08-06,50,LADIESWEAR,32.0
2017-08-07,50,LADIESWEAR,15.0
2017-08-08,50,LADIESWEAR,15.0
2017-08-09,50,LADIESWEAR,14.0
2017-08-10,50,LADIESWEAR,11.0
2017-08-11,50,LADIESWEAR,22.0
2017-08-12,50,LADIESWEAR,10.0
2017-08-13,50,LADIESWEAR,9.0
2017-08-14,50,LADIESWEAR,8.0
2017-08-15,50,LADIESWEAR,2.0
2017-08-02,50,LAWN AND GARDEN,18.0
2017-08-03,50,LAWN AND GARDEN,8.0
2017-08-04,50,LAWN AND GARDEN,10.0
2017-08-05,50,LAWN AND GARDEN,13.0
2017-08-06,50,LAWN AND GARDEN,7.0
2017-08-07,50,LAWN AND GARDEN,16.0
2017-08-08,50,LAWN AND GARDEN,7.0
2017-08-09,50,LAWN AND GARDEN,15.0
2017-08-10,50,LAWN AND GARDEN,9.0
2017-08-11,50,LAWN AND GARDEN,10.0
2017-08-12,50,LAWN AND GARDEN,13.0
2017-08-13,50,LAWN AND GARDEN,11.0
2017-08-14,50,LAWN AND GARDEN,12.0
2017-08-15,50,LAWN AND GARDEN,5.0
2017-08-02,50,LINGERIE,3.0
2017-08-03,50,LINGERIE,1.0
2017-08-04,50,LINGERIE,4.0
2017-08-05,50,LINGERIE,10.0
2017-08-06,50,LINGERIE,2.0
2017-08-07,50,LINGERIE,2.0
2017-08-08,50,LINGERIE,10.0
2017-08-09,50,LINGERIE,1.0
2017-08-10,50,LINGERIE,5.0
2017-08-11,50,LINGERIE,9.0
2017-08-12,50,LINGERIE,11.0
2017-08-13,50,LINGERIE,6.0
2017-08-14,50,LINGERIE,1.0
2017-08-15,50,LINGERIE,3.0
2017-08-02,50,"LIQUOR,WINE,BEER",146.0
2017-08-03,50,"LIQUOR,WINE,BEER",137.0
2017-08-04,50,"LIQUOR,WINE,BEER",155.0
2017-08-05,50,"LIQUOR,WINE,BEER",207.0
2017-08-06,50,"LIQUOR,WINE,BEER",66.0
2017-08-07,50,"LIQUOR,WINE,BEER",110.0
2017-08-08,50,"LIQUOR,WINE,BEER",100.0
2017-08-09,50,"LIQUOR,WINE,BEER",101.0
2017-08-10,50,"LIQUOR,WINE,BEER",142.0
2017-08-11,50,"LIQUOR,WINE,BEER",227.0
2017-08-12,50,"LIQUOR,WINE,BEER",188.0
2017-08-13,50,"LIQUOR,WINE,BEER",160.0
2017-08-14,50,"LIQUOR,WINE,BEER",112.0
2017-08-15,50,"LIQUOR,WINE,BEER",85.0
2017-08-02,50,MAGAZINES,7.0
2017-08-03,50,MAGAZINES,6.0
2017-08-04,50,MAGAZINES,3.0
2017-08-05,50,MAGAZINES,15.0
2017-08-06,50,MAGAZINES,11.0
2017-08-07,50,MAGAZINES,19.0
2017-08-08,50,MAGAZINES,8.0
2017-08-09,50,MAGAZINES,11.0
2017-08-10,50,MAGAZINES,8.0
2017-08-11,50,MAGAZINES,9.0
2017-08-12,50,MAGAZINES,15.0
2017-08-13,50,MAGAZINES,17.0
2017-08-14,50,MAGAZINES,18.0
2017-08-15,50,MAGAZINES,13.0
2017-08-02,50,MEATS,664.761
2017-08-03,50,MEATS,480.387
2017-08-04,50,MEATS,746.963
2017-08-05,50,MEATS,782.834
2017-08-06,50,MEATS,572.551
2017-08-07,50,MEATS,549.92
2017-08-08,50,MEATS,611.176
2017-08-09,50,MEATS,518.742
2017-08-10,50,MEATS,553.829
2017-08-11,50,MEATS,840.249
2017-08-12,50,MEATS,495.966
2017-08-13,50,MEATS,544.037
2017-08-14,50,MEATS,502.453
2017-08-15,50,MEATS,425.802
2017-08-02,50,PERSONAL CARE,558.0
2017-08-03,50,PERSONAL CARE,484.0
2017-08-04,50,PERSONAL CARE,532.0
2017-08-05,50,PERSONAL CARE,781.0
2017-08-06,50,PERSONAL CARE,695.0
2017-08-07,50,PERSONAL CARE,599.0
2017-08-08,50,PERSONAL CARE,513.0
2017-08-09,50,PERSONAL CARE,478.0
2017-08-10,50,PERSONAL CARE,453.0
2017-08-11,50,PERSONAL CARE,537.0
2017-08-12,50,PERSONAL CARE,551.0
2017-08-13,50,PERSONAL CARE,647.0
2017-08-14,50,PERSONAL CARE,526.0
2017-08-15,50,PERSONAL CARE,396.0
2017-08-02,50,PET SUPPLIES,12.0
2017-08-03,50,PET SUPPLIES,14.0
2017-08-04,50,PET SUPPLIES,13.0
2017-08-05,50,PET SUPPLIES,30.0
2017-08-06,50,PET SUPPLIES,22.0
2017-08-07,50,PET SUPPLIES,11.0
2017-08-08,50,PET SUPPLIES,12.0
2017-08-09,50,PET SUPPLIES,6.0
2017-08-10,50,PET SUPPLIES,9.0
2017-08-11,50,PET SUPPLIES,15.0
2017-08-12,50,PET SUPPLIES,13.0
2017-08-13,50,PET SUPPLIES,21.0
2017-08-14,50,PET SUPPLIES,18.0
2017-08-15,50,PET SUPPLIES,9.0
2017-08-02,50,PLAYERS AND ELECTRONICS,22.0
2017-08-03,50,PLAYERS AND ELECTRONICS,16.0
2017-08-04,50,PLAYERS AND ELECTRONICS,16.0
2017-08-05,50,PLAYERS AND ELECTRONICS,35.0
2017-08-06,50,PLAYERS AND ELECTRONICS,36.0
2017-08-07,50,PLAYERS AND ELECTRONICS,31.0
2017-08-08,50,PLAYERS AND ELECTRONICS,15.0
2017-08-09,50,PLAYERS AND ELECTRONICS,26.0
2017-08-10,50,PLAYERS AND ELECTRONICS,24.0
2017-08-11,50,PLAYERS AND ELECTRONICS,20.0
2017-08-12,50,PLAYERS AND ELECTRONICS,33.0
2017-08-13,50,PLAYERS AND ELECTRONICS,32.0
2017-08-14,50,PLAYERS AND ELECTRONICS,18.0
2017-08-15,50,PLAYERS AND ELECTRONICS,22.0
2017-08-02,50,POULTRY,437.753
2017-08-03,50,POULTRY,359.068
2017-08-04,50,POULTRY,473.289
2017-08-05,50,POULTRY,449.127
2017-08-06,50,POULTRY,506.132
2017-08-07,50,POULTRY,463.749
2017-08-08,50,POULTRY,255.893
2017-08-09,50,POULTRY,365.353
2017-08-10,50,POULTRY,298.216
2017-08-11,50,POULTRY,601.423
2017-08-12,50,POULTRY,392.521
2017-08-13,50,POULTRY,447.345
2017-08-14,50,POULTRY,426.174
2017-08-15,50,POULTRY,356.51
2017-08-02,50,PREPARED FOODS,83.063
2017-08-03,50,PREPARED FOODS,79.81
2017-08-04,50,PREPARED FOODS,76.126
2017-08-05,50,PREPARED FOODS,101.576996
2017-08-06,50,PREPARED FOODS,83.153
2017-08-07,50,PREPARED FOODS,97.468
2017-08-08,50,PREPARED FOODS,78.382
2017-08-09,50,PREPARED FOODS,99.714005
2017-08-10,50,PREPARED FOODS,115.298004
2017-08-11,50,PREPARED FOODS,126.951004
2017-08-12,50,PREPARED FOODS,77.255
2017-08-13,50,PREPARED FOODS,91.013
2017-08-14,50,PREPARED FOODS,75.712
2017-08-15,50,PREPARED FOODS,73.852
2017-08-02,50,PRODUCE,3089.275
2017-08-03,50,PRODUCE,1824.267
2017-08-04,50,PRODUCE,1975.328
2017-08-05,50,PRODUCE,2479.75
2017-08-06,50,PRODUCE,2525.507
2017-08-07,50,PRODUCE,2254.031
2017-08-08,50,PRODUCE,1752.072
2017-08-09,50,PRODUCE,2254.508
2017-08-10,50,PRODUCE,1865.766
2017-08-11,50,PRODUCE,2428.399
2017-08-12,50,PRODUCE,2184.949
2017-08-13,50,PRODUCE,2186.118
2017-08-14,50,PRODUCE,2186.986
2017-08-15,50,PRODUCE,2027.374
2017-08-02,50,SCHOOL AND OFFICE SUPPLIES,500.0
2017-08-03,50,SCHOOL AND OFFICE SUPPLIES,352.0
2017-08-04,50,SCHOOL AND OFFICE SUPPLIES,518.0
2017-08-05,50,SCHOOL AND OFFICE SUPPLIES,592.0
2017-08-06,50,SCHOOL AND OFFICE SUPPLIES,754.0
2017-08-07,50,SCHOOL AND OFFICE SUPPLIES,339.0
2017-08-08,50,SCHOOL AND OFFICE SUPPLIES,489.0
2017-08-09,50,SCHOOL AND OFFICE SUPPLIES,400.0
2017-08-10,50,SCHOOL AND OFFICE SUPPLIES,285.0
2017-08-11,50,SCHOOL AND OFFICE SUPPLIES,337.0
2017-08-12,50,SCHOOL AND OFFICE SUPPLIES,367.0
2017-08-13,50,SCHOOL AND OFFICE SUPPLIES,448.0
2017-08-14,50,SCHOOL AND OFFICE SUPPLIES,316.0
2017-08-15,50,SCHOOL AND OFFICE SUPPLIES,219.0
2017-08-02,50,SEAFOOD,28.378
2017-08-03,50,SEAFOOD,21.514
2017-08-04,50,SEAFOOD,33.956
2017-08-05,50,SEAFOOD,22.988
2017-08-06,50,SEAFOOD,18.0
2017-08-07,50,SEAFOOD,9.0
2017-08-08,50,SEAFOOD,13.701
2017-08-09,50,SEAFOOD,12.332
2017-08-10,50,SEAFOOD,9.0
2017-08-11,50,SEAFOOD,22.524
2017-08-12,50,SEAFOOD,15.801001
2017-08-13,50,SEAFOOD,41.527
2017-08-14,50,SEAFOOD,12.242
2017-08-15,50,SEAFOOD,15.314
2017-08-02,51,AUTOMOTIVE,10.0
2017-08-03,51,AUTOMOTIVE,5.0
2017-08-04,51,AUTOMOTIVE,15.0
2017-08-05,51,AUTOMOTIVE,8.0
2017-08-06,51,AUTOMOTIVE,10.0
2017-08-07,51,AUTOMOTIVE,9.0
2017-08-08,51,AUTOMOTIVE,3.0
2017-08-09,51,AUTOMOTIVE,6.0
2017-08-10,51,AUTOMOTIVE,9.0
2017-08-11,51,AUTOMOTIVE,6.0
2017-08-12,51,AUTOMOTIVE,7.0
2017-08-13,51,AUTOMOTIVE,6.0
2017-08-14,51,AUTOMOTIVE,8.0
2017-08-15,51,AUTOMOTIVE,11.0
2017-08-02,51,BABY CARE,0.0
2017-08-03,51,BABY CARE,0.0
2017-08-04,51,BABY CARE,0.0
2017-08-05,51,BABY CARE,0.0
2017-08-06,51,BABY CARE,0.0
2017-08-07,51,BABY CARE,0.0
2017-08-08,51,BABY CARE,0.0
2017-08-09,51,BABY CARE,0.0
2017-08-10,51,BABY CARE,0.0
2017-08-11,51,BABY CARE,0.0
2017-08-12,51,BABY CARE,0.0
2017-08-13,51,BABY CARE,0.0
2017-08-14,51,BABY CARE,0.0
2017-08-15,51,BABY CARE,0.0
2017-08-02,51,BEAUTY,5.0
2017-08-03,51,BEAUTY,10.0
2017-08-04,51,BEAUTY,11.0
2017-08-05,51,BEAUTY,10.0
2017-08-06,51,BEAUTY,10.0
2017-08-07,51,BEAUTY,10.0
2017-08-08,51,BEAUTY,6.0
2017-08-09,51,BEAUTY,9.0
2017-08-10,51,BEAUTY,3.0
2017-08-11,51,BEAUTY,6.0
2017-08-12,51,BEAUTY,7.0
2017-08-13,51,BEAUTY,6.0
2017-08-14,51,BEAUTY,3.0
2017-08-15,51,BEAUTY,2.0
2017-08-02,51,BEVERAGES,5040.0
2017-08-03,51,BEVERAGES,3425.0
2017-08-04,51,BEVERAGES,4522.0
2017-08-05,51,BEVERAGES,6134.0
2017-08-06,51,BEVERAGES,6435.0
2017-08-07,51,BEVERAGES,3779.0
2017-08-08,51,BEVERAGES,3269.0
2017-08-09,51,BEVERAGES,4267.0
2017-08-10,51,BEVERAGES,3320.0
2017-08-11,51,BEVERAGES,5356.0
2017-08-12,51,BEVERAGES,4137.0
2017-08-13,51,BEVERAGES,5529.0
2017-08-14,51,BEVERAGES,3888.0
2017-08-15,51,BEVERAGES,3860.0
2017-08-02,51,BOOKS,0.0
2017-08-03,51,BOOKS,0.0
2017-08-04,51,BOOKS,0.0
2017-08-05,51,BOOKS,0.0
2017-08-06,51,BOOKS,0.0
2017-08-07,51,BOOKS,0.0
2017-08-08,51,BOOKS,0.0
2017-08-09,51,BOOKS,0.0
2017-08-10,51,BOOKS,0.0
2017-08-11,51,BOOKS,0.0
2017-08-12,51,BOOKS,0.0
2017-08-13,51,BOOKS,0.0
2017-08-14,51,BOOKS,0.0
2017-08-15,51,BOOKS,0.0
2017-08-02,51,BREAD/BAKERY,958.763
2017-08-03,51,BREAD/BAKERY,703.78
2017-08-04,51,BREAD/BAKERY,894.953
2017-08-05,51,BREAD/BAKERY,1084.004
2017-08-06,51,BREAD/BAKERY,1241.872
2017-08-07,51,BREAD/BAKERY,966.491
2017-08-08,51,BREAD/BAKERY,685.902
2017-08-09,51,BREAD/BAKERY,883.987
2017-08-10,51,BREAD/BAKERY,611.017
2017-08-11,51,BREAD/BAKERY,932.583
2017-08-12,51,BREAD/BAKERY,760.013
2017-08-13,51,BREAD/BAKERY,1067.729
2017-08-14,51,BREAD/BAKERY,847.47
2017-08-15,51,BREAD/BAKERY,704.801
2017-08-02,51,CELEBRATION,13.0
2017-08-03,51,CELEBRATION,10.0
2017-08-04,51,CELEBRATION,19.0
2017-08-05,51,CELEBRATION,11.0
2017-08-06,51,CELEBRATION,7.0
2017-08-07,51,CELEBRATION,5.0
2017-08-08,51,CELEBRATION,13.0
2017-08-09,51,CELEBRATION,12.0
2017-08-10,51,CELEBRATION,12.0
2017-08-11,51,CELEBRATION,16.0
2017-08-12,51,CELEBRATION,12.0
2017-08-13,51,CELEBRATION,5.0
2017-08-14,51,CELEBRATION,11.0
2017-08-15,51,CELEBRATION,16.0
2017-08-02,51,CLEANING,1700.0
2017-08-03,51,CLEANING,1102.0
2017-08-04,51,CLEANING,1506.0
2017-08-05,51,CLEANING,1798.0
2017-08-06,51,CLEANING,1648.0
2017-08-07,51,CLEANING,1352.0
2017-08-08,51,CLEANING,1130.0
2017-08-09,51,CLEANING,1415.0
2017-08-10,51,CLEANING,823.0
2017-08-11,51,CLEANING,1407.0
2017-08-12,51,CLEANING,1221.0
2017-08-13,51,CLEANING,1525.0
2017-08-14,51,CLEANING,1238.0
2017-08-15,51,CLEANING,1357.0
2017-08-02,51,DAIRY,1822.0
2017-08-03,51,DAIRY,1406.0
2017-08-04,51,DAIRY,1694.0
2017-08-05,51,DAIRY,1860.0
2017-08-06,51,DAIRY,2212.0
2017-08-07,51,DAIRY,1599.0
2017-08-08,51,DAIRY,1193.0
2017-08-09,51,DAIRY,1757.0
2017-08-10,51,DAIRY,1127.0
2017-08-11,51,DAIRY,1804.0
2017-08-12,51,DAIRY,1488.0
2017-08-13,51,DAIRY,1875.0
2017-08-14,51,DAIRY,1336.0
2017-08-15,51,DAIRY,1377.0
2017-08-02,51,DELI,285.389
2017-08-03,51,DELI,193.419
2017-08-04,51,DELI,377.377
2017-08-05,51,DELI,295.764
2017-08-06,51,DELI,340.767
2017-08-07,51,DELI,218.019
2017-08-08,51,DELI,182.012
2017-08-09,51,DELI,247.257
2017-08-10,51,DELI,162.062
2017-08-11,51,DELI,394.156
2017-08-12,51,DELI,199.885
2017-08-13,51,DELI,302.512
2017-08-14,51,DELI,223.416
2017-08-15,51,DELI,217.886
2017-08-02,51,EGGS,390.0
2017-08-03,51,EGGS,270.0
2017-08-04,51,EGGS,416.0
2017-08-05,51,EGGS,400.0
2017-08-06,51,EGGS,472.0
2017-08-07,51,EGGS,366.0
2017-08-08,51,EGGS,294.0
2017-08-09,51,EGGS,341.0
2017-08-10,51,EGGS,214.0
2017-08-11,51,EGGS,419.0
2017-08-12,51,EGGS,293.0
2017-08-13,51,EGGS,429.0
2017-08-14,51,EGGS,321.0
2017-08-15,51,EGGS,353.0
2017-08-02,51,FROZEN FOODS,308.685
2017-08-03,51,FROZEN FOODS,184.115
2017-08-04,51,FROZEN FOODS,368.462
2017-08-05,51,FROZEN FOODS,451.419
2017-08-06,51,FROZEN FOODS,220.08
2017-08-07,51,FROZEN FOODS,186.165
2017-08-08,51,FROZEN FOODS,223.986
2017-08-09,51,FROZEN FOODS,195.919
2017-08-10,51,FROZEN FOODS,280.203
2017-08-11,51,FROZEN FOODS,414.811
2017-08-12,51,FROZEN FOODS,307.135
2017-08-13,51,FROZEN FOODS,286.213
2017-08-14,51,FROZEN FOODS,164.0
2017-08-15,51,FROZEN FOODS,208.04
2017-08-02,51,GROCERY I,6160.0
2017-08-03,51,GROCERY I,4091.0
2017-08-04,51,GROCERY I,4886.0
2017-08-05,51,GROCERY I,6125.0
2017-08-06,51,GROCERY I,6858.0
2017-08-07,51,GROCERY I,5206.0
2017-08-08,51,GROCERY I,3922.0
2017-08-09,51,GROCERY I,5243.0
2017-08-10,51,GROCERY I,3340.0
2017-08-11,51,GROCERY I,5483.0
2017-08-12,51,GROCERY I,4249.0
2017-08-13,51,GROCERY I,5942.0
2017-08-14,51,GROCERY I,4227.0
2017-08-15,51,GROCERY I,4756.0
2017-08-02,51,GROCERY II,17.0
2017-08-03,51,GROCERY II,43.0
2017-08-04,51,GROCERY II,48.0
2017-08-05,51,GROCERY II,80.0
2017-08-06,51,GROCERY II,55.0
2017-08-07,51,GROCERY II,68.0
2017-08-08,51,GROCERY II,35.0
2017-08-09,51,GROCERY II,68.0
2017-08-10,51,GROCERY II,29.0
2017-08-11,51,GROCERY II,58.0
2017-08-12,51,GROCERY II,42.0
2017-08-13,51,GROCERY II,44.0
2017-08-14,51,GROCERY II,55.0
2017-08-15,51,GROCERY II,96.0
2017-08-02,51,HARDWARE,2.0
2017-08-03,51,HARDWARE,1.0
2017-08-04,51,HARDWARE,5.0
2017-08-05,51,HARDWARE,2.0
2017-08-06,51,HARDWARE,2.0
2017-08-07,51,HARDWARE,0.0
2017-08-08,51,HARDWARE,3.0
2017-08-09,51,HARDWARE,3.0
2017-08-10,51,HARDWARE,0.0
2017-08-11,51,HARDWARE,2.0
2017-08-12,51,HARDWARE,1.0
2017-08-13,51,HARDWARE,8.0
2017-08-14,51,HARDWARE,0.0
2017-08-15,51,HARDWARE,3.0
2017-08-02,51,HOME AND KITCHEN I,32.0
2017-08-03,51,HOME AND KITCHEN I,12.0
2017-08-04,51,HOME AND KITCHEN I,47.0
2017-08-05,51,HOME AND KITCHEN I,36.0
2017-08-06,51,HOME AND KITCHEN I,40.0
2017-08-07,51,HOME AND KITCHEN I,41.0
2017-08-08,51,HOME AND KITCHEN I,20.0
2017-08-09,51,HOME AND KITCHEN I,60.0
2017-08-10,51,HOME AND KITCHEN I,32.0
2017-08-11,51,HOME AND KITCHEN I,41.0
2017-08-12,51,HOME AND KITCHEN I,87.0
2017-08-13,51,HOME AND KITCHEN I,37.0
2017-08-14,51,HOME AND KITCHEN I,8.0
2017-08-15,51,HOME AND KITCHEN I,32.0
2017-08-02,51,HOME AND KITCHEN II,22.0
2017-08-03,51,HOME AND KITCHEN II,34.0
2017-08-04,51,HOME AND KITCHEN II,28.0
2017-08-05,51,HOME AND KITCHEN II,48.0
2017-08-06,51,HOME AND KITCHEN II,62.0
2017-08-07,51,HOME AND KITCHEN II,23.0
2017-08-08,51,HOME AND KITCHEN II,118.0
2017-08-09,51,HOME AND KITCHEN II,35.0
2017-08-10,51,HOME AND KITCHEN II,19.0
2017-08-11,51,HOME AND KITCHEN II,33.0
2017-08-12,51,HOME AND KITCHEN II,30.0
2017-08-13,51,HOME AND KITCHEN II,53.0
2017-08-14,51,HOME AND KITCHEN II,105.0
2017-08-15,51,HOME AND KITCHEN II,24.0
2017-08-02,51,HOME APPLIANCES,0.0
2017-08-03,51,HOME APPLIANCES,1.0
2017-08-04,51,HOME APPLIANCES,3.0
2017-08-05,51,HOME APPLIANCES,0.0
2017-08-06,51,HOME APPLIANCES,0.0
2017-08-07,51,HOME APPLIANCES,0.0
2017-08-08,51,HOME APPLIANCES,1.0
2017-08-09,51,HOME APPLIANCES,0.0
2017-08-10,51,HOME APPLIANCES,0.0
2017-08-11,51,HOME APPLIANCES,0.0
2017-08-12,51,HOME APPLIANCES,0.0
2017-08-13,51,HOME APPLIANCES,0.0
2017-08-14,51,HOME APPLIANCES,0.0
2017-08-15,51,HOME APPLIANCES,0.0
2017-08-02,51,HOME CARE,361.0
2017-08-03,51,HOME CARE,247.0
2017-08-04,51,HOME CARE,281.0
2017-08-05,51,HOME CARE,410.0
2017-08-06,51,HOME CARE,375.0
2017-08-07,51,HOME CARE,268.0
2017-08-08,51,HOME CARE,239.0
2017-08-09,51,HOME CARE,291.0
2017-08-10,51,HOME CARE,180.0
2017-08-11,51,HOME CARE,333.0
2017-08-12,51,HOME CARE,276.0
2017-08-13,51,HOME CARE,358.0
2017-08-14,51,HOME CARE,227.0
2017-08-15,51,HOME CARE,277.0
2017-08-02,51,LADIESWEAR,1.0
2017-08-03,51,LADIESWEAR,2.0
2017-08-04,51,LADIESWEAR,1.0
2017-08-05,51,LADIESWEAR,3.0
2017-08-06,51,LADIESWEAR,14.0
2017-08-07,51,LADIESWEAR,3.0
2017-08-08,51,LADIESWEAR,3.0
2017-08-09,51,LADIESWEAR,0.0
2017-08-10,51,LADIESWEAR,1.0
2017-08-11,51,LADIESWEAR,2.0
2017-08-12,51,LADIESWEAR,2.0
2017-08-13,51,LADIESWEAR,11.0
2017-08-14,51,LADIESWEAR,0.0
2017-08-15,51,LADIESWEAR,6.0
2017-08-02,51,LAWN AND GARDEN,50.0
2017-08-03,51,LAWN AND GARDEN,65.0
2017-08-04,51,LAWN AND GARDEN,68.0
2017-08-05,51,LAWN AND GARDEN,70.0
2017-08-06,51,LAWN AND GARDEN,38.0
2017-08-07,51,LAWN AND GARDEN,26.0
2017-08-08,51,LAWN AND GARDEN,40.0
2017-08-09,51,LAWN AND GARDEN,47.0
2017-08-10,51,LAWN AND GARDEN,57.0
2017-08-11,51,LAWN AND GARDEN,73.0
2017-08-12,51,LAWN AND GARDEN,53.0
2017-08-13,51,LAWN AND GARDEN,41.0
2017-08-14,51,LAWN AND GARDEN,41.0
2017-08-15,51,LAWN AND GARDEN,52.0
2017-08-02,51,LINGERIE,5.0
2017-08-03,51,LINGERIE,7.0
2017-08-04,51,LINGERIE,4.0
2017-08-05,51,LINGERIE,4.0
2017-08-06,51,LINGERIE,5.0
2017-08-07,51,LINGERIE,3.0
2017-08-08,51,LINGERIE,4.0
2017-08-09,51,LINGERIE,8.0
2017-08-10,51,LINGERIE,2.0
2017-08-11,51,LINGERIE,12.0
2017-08-12,51,LINGERIE,4.0
2017-08-13,51,LINGERIE,4.0
2017-08-14,51,LINGERIE,2.0
2017-08-15,51,LINGERIE,6.0
2017-08-02,51,"LIQUOR,WINE,BEER",144.0
2017-08-03,51,"LIQUOR,WINE,BEER",122.0
2017-08-04,51,"LIQUOR,WINE,BEER",245.0
2017-08-05,51,"LIQUOR,WINE,BEER",248.0
2017-08-06,51,"LIQUOR,WINE,BEER",136.0
2017-08-07,51,"LIQUOR,WINE,BEER",72.0
2017-08-08,51,"LIQUOR,WINE,BEER",72.0
2017-08-09,51,"LIQUOR,WINE,BEER",156.0
2017-08-10,51,"LIQUOR,WINE,BEER",186.0
2017-08-11,51,"LIQUOR,WINE,BEER",384.0
2017-08-12,51,"LIQUOR,WINE,BEER",304.0
2017-08-13,51,"LIQUOR,WINE,BEER",164.0
2017-08-14,51,"LIQUOR,WINE,BEER",60.0
2017-08-15,51,"LIQUOR,WINE,BEER",78.0
2017-08-02,51,MAGAZINES,7.0
2017-08-03,51,MAGAZINES,9.0
2017-08-04,51,MAGAZINES,8.0
2017-08-05,51,MAGAZINES,5.0
2017-08-06,51,MAGAZINES,10.0
2017-08-07,51,MAGAZINES,15.0
2017-08-08,51,MAGAZINES,9.0
2017-08-09,51,MAGAZINES,11.0
2017-08-10,51,MAGAZINES,11.0
2017-08-11,51,MAGAZINES,17.0
2017-08-12,51,MAGAZINES,15.0
2017-08-13,51,MAGAZINES,22.0
2017-08-14,51,MAGAZINES,14.0
2017-08-15,51,MAGAZINES,13.0
2017-08-02,51,MEATS,680.553
2017-08-03,51,MEATS,446.709
2017-08-04,51,MEATS,1387.214
2017-08-05,51,MEATS,826.288
2017-08-06,51,MEATS,752.042
2017-08-07,51,MEATS,534.93
2017-08-08,51,MEATS,470.878
2017-08-09,51,MEATS,579.05
2017-08-10,51,MEATS,544.498
2017-08-11,51,MEATS,1183.736
2017-08-12,51,MEATS,580.566
2017-08-13,51,MEATS,565.69403
2017-08-14,51,MEATS,528.053
2017-08-15,51,MEATS,567.849
2017-08-02,51,PERSONAL CARE,352.0
2017-08-03,51,PERSONAL CARE,194.0
2017-08-04,51,PERSONAL CARE,285.0
2017-08-05,51,PERSONAL CARE,500.0
2017-08-06,51,PERSONAL CARE,411.0
2017-08-07,51,PERSONAL CARE,281.0
2017-08-08,51,PERSONAL CARE,244.0
2017-08-09,51,PERSONAL CARE,275.0
2017-08-10,51,PERSONAL CARE,140.0
2017-08-11,51,PERSONAL CARE,362.0
2017-08-12,51,PERSONAL CARE,337.0
2017-08-13,51,PERSONAL CARE,383.0
2017-08-14,51,PERSONAL CARE,234.0
2017-08-15,51,PERSONAL CARE,234.0
2017-08-02,51,PET SUPPLIES,29.0
2017-08-03,51,PET SUPPLIES,17.0
2017-08-04,51,PET SUPPLIES,30.0
2017-08-05,51,PET SUPPLIES,15.0
2017-08-06,51,PET SUPPLIES,23.0
2017-08-07,51,PET SUPPLIES,20.0
2017-08-08,51,PET SUPPLIES,15.0
2017-08-09,51,PET SUPPLIES,20.0
2017-08-10,51,PET SUPPLIES,10.0
2017-08-11,51,PET SUPPLIES,37.0
2017-08-12,51,PET SUPPLIES,20.0
2017-08-13,51,PET SUPPLIES,34.0
2017-08-14,51,PET SUPPLIES,21.0
2017-08-15,51,PET SUPPLIES,15.0
2017-08-02,51,PLAYERS AND ELECTRONICS,8.0
2017-08-03,51,PLAYERS AND ELECTRONICS,4.0
2017-08-04,51,PLAYERS AND ELECTRONICS,11.0
2017-08-05,51,PLAYERS AND ELECTRONICS,15.0
2017-08-06,51,PLAYERS AND ELECTRONICS,11.0
2017-08-07,51,PLAYERS AND ELECTRONICS,12.0
2017-08-08,51,PLAYERS AND ELECTRONICS,6.0
2017-08-09,51,PLAYERS AND ELECTRONICS,12.0
2017-08-10,51,PLAYERS AND ELECTRONICS,14.0
2017-08-11,51,PLAYERS AND ELECTRONICS,7.0
2017-08-12,51,PLAYERS AND ELECTRONICS,6.0
2017-08-13,51,PLAYERS AND ELECTRONICS,14.0
2017-08-14,51,PLAYERS AND ELECTRONICS,7.0
2017-08-15,51,PLAYERS AND ELECTRONICS,25.0
2017-08-02,51,POULTRY,804.363
2017-08-03,51,POULTRY,538.654
2017-08-04,51,POULTRY,3535.233
2017-08-05,51,POULTRY,807.824
2017-08-06,51,POULTRY,849.702
2017-08-07,51,POULTRY,689.437
2017-08-08,51,POULTRY,571.272
2017-08-09,51,POULTRY,684.901
2017-08-10,51,POULTRY,468.644
2017-08-11,51,POULTRY,1081.482
2017-08-12,51,POULTRY,557.544
2017-08-13,51,POULTRY,807.091
2017-08-14,51,POULTRY,681.347
2017-08-15,51,POULTRY,686.941
2017-08-02,51,PREPARED FOODS,127.81
2017-08-03,51,PREPARED FOODS,115.261
2017-08-04,51,PREPARED FOODS,152.72
2017-08-05,51,PREPARED FOODS,141.424
2017-08-06,51,PREPARED FOODS,95.0
2017-08-07,51,PREPARED FOODS,114.0
2017-08-08,51,PREPARED FOODS,105.945
2017-08-09,51,PREPARED FOODS,147.079
2017-08-10,51,PREPARED FOODS,109.363
2017-08-11,51,PREPARED FOODS,189.306
2017-08-12,51,PREPARED FOODS,112.321
2017-08-13,51,PREPARED FOODS,160.534
2017-08-14,51,PREPARED FOODS,124.739
2017-08-15,51,PREPARED FOODS,91.976
2017-08-02,51,PRODUCE,9553.308
2017-08-03,51,PRODUCE,4445.228
2017-08-04,51,PRODUCE,5612.906
2017-08-05,51,PRODUCE,6269.454
2017-08-06,51,PRODUCE,6752.078
2017-08-07,51,PRODUCE,5289.663
2017-08-08,51,PRODUCE,4277.165
2017-08-09,51,PRODUCE,8228.568
2017-08-10,51,PRODUCE,3632.796
2017-08-11,51,PRODUCE,5941.01
2017-08-12,51,PRODUCE,4384.728
2017-08-13,51,PRODUCE,5988.546
2017-08-14,51,PRODUCE,4516.358
2017-08-15,51,PRODUCE,5031.19
2017-08-02,51,SCHOOL AND OFFICE SUPPLIES,7.0
2017-08-03,51,SCHOOL AND OFFICE SUPPLIES,4.0
2017-08-04,51,SCHOOL AND OFFICE SUPPLIES,7.0
2017-08-05,51,SCHOOL AND OFFICE SUPPLIES,9.0
2017-08-06,51,SCHOOL AND OFFICE SUPPLIES,6.0
2017-08-07,51,SCHOOL AND OFFICE SUPPLIES,3.0
2017-08-08,51,SCHOOL AND OFFICE SUPPLIES,5.0
2017-08-09,51,SCHOOL AND OFFICE SUPPLIES,1.0
2017-08-10,51,SCHOOL AND OFFICE SUPPLIES,0.0
2017-08-11,51,SCHOOL AND OFFICE SUPPLIES,0.0
2017-08-12,51,SCHOOL AND OFFICE SUPPLIES,1.0
2017-08-13,51,SCHOOL AND OFFICE SUPPLIES,5.0
2017-08-14,51,SCHOOL AND OFFICE SUPPLIES,0.0
2017-08-15,51,SCHOOL AND OFFICE SUPPLIES,0.0
2017-08-02,51,SEAFOOD,43.611
2017-08-03,51,SEAFOOD,49.651
2017-08-04,51,SEAFOOD,96.181
2017-08-05,51,SEAFOOD,65.22
2017-08-06,51,SEAFOOD,49.428
2017-08-07,51,SEAFOOD,42.9
2017-08-08,51,SEAFOOD,35.956
2017-08-09,51,SEAFOOD,51.152
2017-08-10,51,SEAFOOD,26.804
2017-08-11,51,SEAFOOD,74.934
2017-08-12,51,SEAFOOD,38.772
2017-08-13,51,SEAFOOD,39.965
2017-08-14,51,SEAFOOD,41.584
2017-08-15,51,SEAFOOD,52.876
2017-08-02,52,AUTOMOTIVE,19.0
2017-08-03,52,AUTOMOTIVE,19.0
2017-08-04,52,AUTOMOTIVE,9.0
2017-08-05,52,AUTOMOTIVE,15.0
2017-08-06,52,AUTOMOTIVE,24.0
2017-08-07,52,AUTOMOTIVE,5.0
2017-08-08,52,AUTOMOTIVE,8.0
2017-08-09,52,AUTOMOTIVE,11.0
2017-08-10,52,AUTOMOTIVE,7.0
2017-08-11,52,AUTOMOTIVE,17.0
2017-08-12,52,AUTOMOTIVE,13.0
2017-08-13,52,AUTOMOTIVE,21.0
2017-08-14,52,AUTOMOTIVE,5.0
2017-08-15,52,AUTOMOTIVE,2.0
2017-08-02,52,BABY CARE,0.0
2017-08-03,52,BABY CARE,0.0
2017-08-04,52,BABY CARE,0.0
2017-08-05,52,BABY CARE,0.0
2017-08-06,52,BABY CARE,0.0
2017-08-07,52,BABY CARE,0.0
2017-08-08,52,BABY CARE,0.0
2017-08-09,52,BABY CARE,0.0
2017-08-10,52,BABY CARE,0.0
2017-08-11,52,BABY CARE,0.0
2017-08-12,52,BABY CARE,0.0
2017-08-13,52,BABY CARE,0.0
2017-08-14,52,BABY CARE,0.0
2017-08-15,52,BABY CARE,0.0
2017-08-02,52,BEAUTY,12.0
2017-08-03,52,BEAUTY,5.0
2017-08-04,52,BEAUTY,10.0
2017-08-05,52,BEAUTY,14.0
2017-08-06,52,BEAUTY,15.0
2017-08-07,52,BEAUTY,9.0
2017-08-08,52,BEAUTY,14.0
2017-08-09,52,BEAUTY,9.0
2017-08-10,52,BEAUTY,3.0
2017-08-11,52,BEAUTY,13.0
2017-08-12,52,BEAUTY,8.0
2017-08-13,52,BEAUTY,12.0
2017-08-14,52,BEAUTY,9.0
2017-08-15,52,BEAUTY,4.0
2017-08-02,52,BEVERAGES,5237.0
2017-08-03,52,BEVERAGES,3492.0
2017-08-04,52,BEVERAGES,4580.0
2017-08-05,52,BEVERAGES,5313.0
2017-08-06,52,BEVERAGES,5351.0
2017-08-07,52,BEVERAGES,4190.0
2017-08-08,52,BEVERAGES,3308.0
2017-08-09,52,BEVERAGES,4094.0
2017-08-10,52,BEVERAGES,3776.0
2017-08-11,52,BEVERAGES,5644.0
2017-08-12,52,BEVERAGES,4388.0
2017-08-13,52,BEVERAGES,4916.0
2017-08-14,52,BEVERAGES,3920.0
2017-08-15,52,BEVERAGES,3744.0
2017-08-02,52,BOOKS,0.0
2017-08-03,52,BOOKS,0.0
2017-08-04,52,BOOKS,0.0
2017-08-05,52,BOOKS,0.0
2017-08-06,52,BOOKS,0.0
2017-08-07,52,BOOKS,0.0
2017-08-08,52,BOOKS,0.0
2017-08-09,52,BOOKS,0.0
2017-08-10,52,BOOKS,0.0
2017-08-11,52,BOOKS,0.0
2017-08-12,52,BOOKS,0.0
2017-08-13,52,BOOKS,0.0
2017-08-14,52,BOOKS,0.0
2017-08-15,52,BOOKS,0.0
2017-08-02,52,BREAD/BAKERY,932.229
2017-08-03,52,BREAD/BAKERY,706.722
2017-08-04,52,BREAD/BAKERY,1028.229
2017-08-05,52,BREAD/BAKERY,931.976
2017-08-06,52,BREAD/BAKERY,1120.068
2017-08-07,52,BREAD/BAKERY,922.864
2017-08-08,52,BREAD/BAKERY,636.303
2017-08-09,52,BREAD/BAKERY,902.763
2017-08-10,52,BREAD/BAKERY,755.812
2017-08-11,52,BREAD/BAKERY,1213.521
2017-08-12,52,BREAD/BAKERY,914.489
2017-08-13,52,BREAD/BAKERY,1071.987
2017-08-14,52,BREAD/BAKERY,795.737
2017-08-15,52,BREAD/BAKERY,756.481
2017-08-02,52,CELEBRATION,12.0
2017-08-03,52,CELEBRATION,11.0
2017-08-04,52,CELEBRATION,6.0
2017-08-05,52,CELEBRATION,7.0
2017-08-06,52,CELEBRATION,14.0
2017-08-07,52,CELEBRATION,8.0
2017-08-08,52,CELEBRATION,10.0
2017-08-09,52,CELEBRATION,12.0
2017-08-10,52,CELEBRATION,14.0
2017-08-11,52,CELEBRATION,25.0
2017-08-12,52,CELEBRATION,22.0
2017-08-13,52,CELEBRATION,15.0
2017-08-14,52,CELEBRATION,9.0
2017-08-15,52,CELEBRATION,15.0
2017-08-02,52,CLEANING,2091.0
2017-08-03,52,CLEANING,1355.0
2017-08-04,52,CLEANING,1671.0
2017-08-05,52,CLEANING,1880.0
2017-08-06,52,CLEANING,1812.0
2017-08-07,52,CLEANING,1423.0
2017-08-08,52,CLEANING,1165.0
2017-08-09,52,CLEANING,1566.0
2017-08-10,52,CLEANING,1399.0
2017-08-11,52,CLEANING,1940.0
2017-08-12,52,CLEANING,1392.0
2017-08-13,52,CLEANING,1566.0
2017-08-14,52,CLEANING,1251.0
2017-08-15,52,CLEANING,1412.0
2017-08-02,52,DAIRY,1346.0
2017-08-03,52,DAIRY,1019.0
2017-08-04,52,DAIRY,1280.0
2017-08-05,52,DAIRY,1287.0
2017-08-06,52,DAIRY,1586.0
2017-08-07,52,DAIRY,1148.0
2017-08-08,52,DAIRY,994.0
2017-08-09,52,DAIRY,1238.0
2017-08-10,52,DAIRY,1041.0
2017-08-11,52,DAIRY,1517.0
2017-08-12,52,DAIRY,1149.0
2017-08-13,52,DAIRY,1400.0
2017-08-14,52,DAIRY,1062.0
2017-08-15,52,DAIRY,1053.0
2017-08-02,52,DELI,397.738
2017-08-03,52,DELI,347.48
2017-08-04,52,DELI,441.032
2017-08-05,52,DELI,465.23
2017-08-06,52,DELI,470.418
2017-08-07,52,DELI,313.193
2017-08-08,52,DELI,302.439
2017-08-09,52,DELI,299.065
2017-08-10,52,DELI,305.095
2017-08-11,52,DELI,497.079
2017-08-12,52,DELI,381.137
2017-08-13,52,DELI,435.742
2017-08-14,52,DELI,274.628
2017-08-15,52,DELI,298.611
2017-08-02,52,EGGS,252.0
2017-08-03,52,EGGS,169.0
2017-08-04,52,EGGS,221.0
2017-08-05,52,EGGS,214.0
2017-08-06,52,EGGS,305.0
2017-08-07,52,EGGS,239.0
2017-08-08,52,EGGS,170.0
2017-08-09,52,EGGS,256.0
2017-08-10,52,EGGS,188.0
2017-08-11,52,EGGS,287.0
2017-08-12,52,EGGS,223.0
2017-08-13,52,EGGS,281.0
2017-08-14,52,EGGS,221.0
2017-08-15,52,EGGS,177.0
2017-08-02,52,FROZEN FOODS,322.115
2017-08-03,52,FROZEN FOODS,335.506
2017-08-04,52,FROZEN FOODS,511.546
2017-08-05,52,FROZEN FOODS,525.023
2017-08-06,52,FROZEN FOODS,241.766
2017-08-07,52,FROZEN FOODS,254.195
2017-08-08,52,FROZEN FOODS,356.0
2017-08-09,52,FROZEN FOODS,279.8
2017-08-10,52,FROZEN FOODS,392.227
2017-08-11,52,FROZEN FOODS,837.665
2017-08-12,52,FROZEN FOODS,457.555
2017-08-13,52,FROZEN FOODS,283.162
2017-08-14,52,FROZEN FOODS,290.547
2017-08-15,52,FROZEN FOODS,220.0
2017-08-02,52,GROCERY I,7195.0
2017-08-03,52,GROCERY I,5327.0
2017-08-04,52,GROCERY I,6638.0
2017-08-05,52,GROCERY I,7189.0
2017-08-06,52,GROCERY I,7774.0
2017-08-07,52,GROCERY I,5829.0
2017-08-08,52,GROCERY I,4656.0
2017-08-09,52,GROCERY I,5783.0
2017-08-10,52,GROCERY I,5377.0
2017-08-11,52,GROCERY I,8464.0
2017-08-12,52,GROCERY I,6710.0
2017-08-13,52,GROCERY I,7131.0
2017-08-14,52,GROCERY I,5088.0
2017-08-15,52,GROCERY I,5141.0
2017-08-02,52,GROCERY II,99.0
2017-08-03,52,GROCERY II,58.0
2017-08-04,52,GROCERY II,54.0
2017-08-05,52,GROCERY II,40.0
2017-08-06,52,GROCERY II,87.0
2017-08-07,52,GROCERY II,40.0
2017-08-08,52,GROCERY II,32.0
2017-08-09,52,GROCERY II,31.0
2017-08-10,52,GROCERY II,34.0
2017-08-11,52,GROCERY II,68.0
2017-08-12,52,GROCERY II,41.0
2017-08-13,52,GROCERY II,48.0
2017-08-14,52,GROCERY II,29.0
2017-08-15,52,GROCERY II,30.0
2017-08-02,52,HARDWARE,4.0
2017-08-03,52,HARDWARE,2.0
2017-08-04,52,HARDWARE,2.0
2017-08-05,52,HARDWARE,0.0
2017-08-06,52,HARDWARE,6.0
2017-08-07,52,HARDWARE,3.0
2017-08-08,52,HARDWARE,3.0
2017-08-09,52,HARDWARE,9.0
2017-08-10,52,HARDWARE,2.0
2017-08-11,52,HARDWARE,1.0
2017-08-12,52,HARDWARE,8.0
2017-08-13,52,HARDWARE,1.0
2017-08-14,52,HARDWARE,6.0
2017-08-15,52,HARDWARE,1.0
2017-08-02,52,HOME AND KITCHEN I,53.0
2017-08-03,52,HOME AND KITCHEN I,26.0
2017-08-04,52,HOME AND KITCHEN I,101.0
2017-08-05,52,HOME AND KITCHEN I,64.0
2017-08-06,52,HOME AND KITCHEN I,74.0
2017-08-07,52,HOME AND KITCHEN I,50.0
2017-08-08,52,HOME AND KITCHEN I,75.0
2017-08-09,52,HOME AND KITCHEN I,35.0
2017-08-10,52,HOME AND KITCHEN I,82.0
2017-08-11,52,HOME AND KITCHEN I,84.0
2017-08-12,52,HOME AND KITCHEN I,80.0
2017-08-13,52,HOME AND KITCHEN I,51.0
2017-08-14,52,HOME AND KITCHEN I,45.0
2017-08-15,52,HOME AND KITCHEN I,61.0
2017-08-02,52,HOME AND KITCHEN II,39.0
2017-08-03,52,HOME AND KITCHEN II,28.0
2017-08-04,52,HOME AND KITCHEN II,55.0
2017-08-05,52,HOME AND KITCHEN II,39.0
2017-08-06,52,HOME AND KITCHEN II,111.0
2017-08-07,52,HOME AND KITCHEN II,52.0
2017-08-08,52,HOME AND KITCHEN II,113.0
2017-08-09,52,HOME AND KITCHEN II,48.0
2017-08-10,52,HOME AND KITCHEN II,40.0
2017-08-11,52,HOME AND KITCHEN II,64.0
2017-08-12,52,HOME AND KITCHEN II,44.0
2017-08-13,52,HOME AND KITCHEN II,43.0
2017-08-14,52,HOME AND KITCHEN II,29.0
2017-08-15,52,HOME AND KITCHEN II,54.0
2017-08-02,52,HOME APPLIANCES,1.0
2017-08-03,52,HOME APPLIANCES,0.0
2017-08-04,52,HOME APPLIANCES,0.0
2017-08-05,52,HOME APPLIANCES,1.0
2017-08-06,52,HOME APPLIANCES,2.0
2017-08-07,52,HOME APPLIANCES,0.0
2017-08-08,52,HOME APPLIANCES,0.0
2017-08-09,52,HOME APPLIANCES,0.0
2017-08-10,52,HOME APPLIANCES,0.0
2017-08-11,52,HOME APPLIANCES,0.0
2017-08-12,52,HOME APPLIANCES,0.0
2017-08-13,52,HOME APPLIANCES,0.0
2017-08-14,52,HOME APPLIANCES,0.0
2017-08-15,52,HOME APPLIANCES,0.0
2017-08-02,52,HOME CARE,461.0
2017-08-03,52,HOME CARE,294.0
2017-08-04,52,HOME CARE,372.0
2017-08-05,52,HOME CARE,455.0
2017-08-06,52,HOME CARE,504.0
2017-08-07,52,HOME CARE,316.0
2017-08-08,52,HOME CARE,275.0
2017-08-09,52,HOME CARE,281.0
2017-08-10,52,HOME CARE,271.0
2017-08-11,52,HOME CARE,456.0
2017-08-12,52,HOME CARE,363.0
2017-08-13,52,HOME CARE,423.0
2017-08-14,52,HOME CARE,285.0
2017-08-15,52,HOME CARE,302.0
2017-08-02,52,LADIESWEAR,6.0
2017-08-03,52,LADIESWEAR,11.0
2017-08-04,52,LADIESWEAR,5.0
2017-08-05,52,LADIESWEAR,8.0
2017-08-06,52,LADIESWEAR,17.0
2017-08-07,52,LADIESWEAR,12.0
2017-08-08,52,LADIESWEAR,3.0
2017-08-09,52,LADIESWEAR,5.0
2017-08-10,52,LADIESWEAR,6.0
2017-08-11,52,LADIESWEAR,9.0
2017-08-12,52,LADIESWEAR,14.0
2017-08-13,52,LADIESWEAR,14.0
2017-08-14,52,LADIESWEAR,13.0
2017-08-15,52,LADIESWEAR,7.0
2017-08-02,52,LAWN AND GARDEN,61.0
2017-08-03,52,LAWN AND GARDEN,79.0
2017-08-04,52,LAWN AND GARDEN,65.0
2017-08-05,52,LAWN AND GARDEN,69.0
2017-08-06,52,LAWN AND GARDEN,45.0
2017-08-07,52,LAWN AND GARDEN,41.0
2017-08-08,52,LAWN AND GARDEN,51.0
2017-08-09,52,LAWN AND GARDEN,38.0
2017-08-10,52,LAWN AND GARDEN,35.0
2017-08-11,52,LAWN AND GARDEN,78.0
2017-08-12,52,LAWN AND GARDEN,86.0
2017-08-13,52,LAWN AND GARDEN,59.0
2017-08-14,52,LAWN AND GARDEN,43.0
2017-08-15,52,LAWN AND GARDEN,54.0
2017-08-02,52,LINGERIE,6.0
2017-08-03,52,LINGERIE,6.0
2017-08-04,52,LINGERIE,10.0
2017-08-05,52,LINGERIE,9.0
2017-08-06,52,LINGERIE,11.0
2017-08-07,52,LINGERIE,8.0
2017-08-08,52,LINGERIE,6.0
2017-08-09,52,LINGERIE,19.0
2017-08-10,52,LINGERIE,14.0
2017-08-11,52,LINGERIE,22.0
2017-08-12,52,LINGERIE,13.0
2017-08-13,52,LINGERIE,15.0
2017-08-14,52,LINGERIE,8.0
2017-08-15,52,LINGERIE,6.0
2017-08-02,52,"LIQUOR,WINE,BEER",296.0
2017-08-03,52,"LIQUOR,WINE,BEER",242.0
2017-08-04,52,"LIQUOR,WINE,BEER",333.0
2017-08-05,52,"LIQUOR,WINE,BEER",332.0
2017-08-06,52,"LIQUOR,WINE,BEER",128.0
2017-08-07,52,"LIQUOR,WINE,BEER",179.0
2017-08-08,52,"LIQUOR,WINE,BEER",188.0
2017-08-09,52,"LIQUOR,WINE,BEER",212.0
2017-08-10,52,"LIQUOR,WINE,BEER",299.0
2017-08-11,52,"LIQUOR,WINE,BEER",719.0
2017-08-12,52,"LIQUOR,WINE,BEER",482.0
2017-08-13,52,"LIQUOR,WINE,BEER",181.0
2017-08-14,52,"LIQUOR,WINE,BEER",180.0
2017-08-15,52,"LIQUOR,WINE,BEER",171.0
2017-08-02,52,MAGAZINES,11.0
2017-08-03,52,MAGAZINES,5.0
2017-08-04,52,MAGAZINES,8.0
2017-08-05,52,MAGAZINES,13.0
2017-08-06,52,MAGAZINES,12.0
2017-08-07,52,MAGAZINES,8.0
2017-08-08,52,MAGAZINES,10.0
2017-08-09,52,MAGAZINES,11.0
2017-08-10,52,MAGAZINES,16.0
2017-08-11,52,MAGAZINES,19.0
2017-08-12,52,MAGAZINES,10.0
2017-08-13,52,MAGAZINES,14.0
2017-08-14,52,MAGAZINES,11.0
2017-08-15,52,MAGAZINES,19.0
2017-08-02,52,MEATS,535.515
2017-08-03,52,MEATS,452.91998
2017-08-04,52,MEATS,929.349
2017-08-05,52,MEATS,533.731
2017-08-06,52,MEATS,477.233
2017-08-07,52,MEATS,421.76
2017-08-08,52,MEATS,339.399
2017-08-09,52,MEATS,429.973
2017-08-10,52,MEATS,376.239
2017-08-11,52,MEATS,991.942
2017-08-12,52,MEATS,456.389
2017-08-13,52,MEATS,487.285
2017-08-14,52,MEATS,370.455
2017-08-15,52,MEATS,435.828
2017-08-02,52,PERSONAL CARE,459.0
2017-08-03,52,PERSONAL CARE,280.0
2017-08-04,52,PERSONAL CARE,343.0
2017-08-05,52,PERSONAL CARE,461.0
2017-08-06,52,PERSONAL CARE,607.0
2017-08-07,52,PERSONAL CARE,431.0
2017-08-08,52,PERSONAL CARE,288.0
2017-08-09,52,PERSONAL CARE,332.0
2017-08-10,52,PERSONAL CARE,276.0
2017-08-11,52,PERSONAL CARE,545.0
2017-08-12,52,PERSONAL CARE,380.0
2017-08-13,52,PERSONAL CARE,383.0
2017-08-14,52,PERSONAL CARE,257.0
2017-08-15,52,PERSONAL CARE,278.0
2017-08-02,52,PET SUPPLIES,16.0
2017-08-03,52,PET SUPPLIES,21.0
2017-08-04,52,PET SUPPLIES,24.0
2017-08-05,52,PET SUPPLIES,13.0
2017-08-06,52,PET SUPPLIES,8.0
2017-08-07,52,PET SUPPLIES,12.0
2017-08-08,52,PET SUPPLIES,12.0
2017-08-09,52,PET SUPPLIES,10.0
2017-08-10,52,PET SUPPLIES,14.0
2017-08-11,52,PET SUPPLIES,39.0
2017-08-12,52,PET SUPPLIES,17.0
2017-08-13,52,PET SUPPLIES,12.0
2017-08-14,52,PET SUPPLIES,18.0
2017-08-15,52,PET SUPPLIES,9.0
2017-08-02,52,PLAYERS AND ELECTRONICS,31.0
2017-08-03,52,PLAYERS AND ELECTRONICS,26.0
2017-08-04,52,PLAYERS AND ELECTRONICS,30.0
2017-08-05,52,PLAYERS AND ELECTRONICS,26.0
2017-08-06,52,PLAYERS AND ELECTRONICS,41.0
2017-08-07,52,PLAYERS AND ELECTRONICS,25.0
2017-08-08,52,PLAYERS AND ELECTRONICS,26.0
2017-08-09,52,PLAYERS AND ELECTRONICS,48.0
2017-08-10,52,PLAYERS AND ELECTRONICS,27.0
2017-08-11,52,PLAYERS AND ELECTRONICS,34.0
2017-08-12,52,PLAYERS AND ELECTRONICS,31.0
2017-08-13,52,PLAYERS AND ELECTRONICS,32.0
2017-08-14,52,PLAYERS AND ELECTRONICS,17.0
2017-08-15,52,PLAYERS AND ELECTRONICS,20.0
2017-08-02,52,POULTRY,567.573
2017-08-03,52,POULTRY,419.02
2017-08-04,52,POULTRY,661.928
2017-08-05,52,POULTRY,530.519
2017-08-06,52,POULTRY,640.254
2017-08-07,52,POULTRY,546.41797
2017-08-08,52,POULTRY,354.673
2017-08-09,52,POULTRY,433.775
2017-08-10,52,POULTRY,381.248
2017-08-11,52,POULTRY,775.523
2017-08-12,52,POULTRY,495.055
2017-08-13,52,POULTRY,593.294
2017-08-14,52,POULTRY,376.245
2017-08-15,52,POULTRY,397.34
2017-08-02,52,PREPARED FOODS,144.462
2017-08-03,52,PREPARED FOODS,91.591
2017-08-04,52,PREPARED FOODS,180.553
2017-08-05,52,PREPARED FOODS,124.808
2017-08-06,52,PREPARED FOODS,149.748
2017-08-07,52,PREPARED FOODS,155.015
2017-08-08,52,PREPARED FOODS,102.936
2017-08-09,52,PREPARED FOODS,180.823
2017-08-10,52,PREPARED FOODS,151.925
2017-08-11,52,PREPARED FOODS,191.747
2017-08-12,52,PREPARED FOODS,89.385
2017-08-13,52,PREPARED FOODS,142.568
2017-08-14,52,PREPARED FOODS,128.321
2017-08-15,52,PREPARED FOODS,104.418
2017-08-02,52,PRODUCE,8154.466
2017-08-03,52,PRODUCE,3952.046
2017-08-04,52,PRODUCE,4885.768
2017-08-05,52,PRODUCE,5340.453
2017-08-06,52,PRODUCE,4943.119
2017-08-07,52,PRODUCE,4324.535
2017-08-08,52,PRODUCE,3329.195
2017-08-09,52,PRODUCE,7873.919
2017-08-10,52,PRODUCE,4129.067
2017-08-11,52,PRODUCE,6163.229
2017-08-12,52,PRODUCE,4250.356
2017-08-13,52,PRODUCE,4573.067
2017-08-14,52,PRODUCE,4090.845
2017-08-15,52,PRODUCE,3803.368
2017-08-02,52,SCHOOL AND OFFICE SUPPLIES,3.0
2017-08-03,52,SCHOOL AND OFFICE SUPPLIES,2.0
2017-08-04,52,SCHOOL AND OFFICE SUPPLIES,3.0
2017-08-05,52,SCHOOL AND OFFICE SUPPLIES,2.0
2017-08-06,52,SCHOOL AND OFFICE SUPPLIES,7.0
2017-08-07,52,SCHOOL AND OFFICE SUPPLIES,9.0
2017-08-08,52,SCHOOL AND OFFICE SUPPLIES,8.0
2017-08-09,52,SCHOOL AND OFFICE SUPPLIES,5.0
2017-08-10,52,SCHOOL AND OFFICE SUPPLIES,4.0
2017-08-11,52,SCHOOL AND OFFICE SUPPLIES,4.0
2017-08-12,52,SCHOOL AND OFFICE SUPPLIES,2.0
2017-08-13,52,SCHOOL AND OFFICE SUPPLIES,15.0
2017-08-14,52,SCHOOL AND OFFICE SUPPLIES,1.0
2017-08-15,52,SCHOOL AND OFFICE SUPPLIES,17.0
2017-08-02,52,SEAFOOD,10.962
2017-08-03,52,SEAFOOD,10.174
2017-08-04,52,SEAFOOD,7.708
2017-08-05,52,SEAFOOD,10.731
2017-08-06,52,SEAFOOD,3.959
2017-08-07,52,SEAFOOD,13.0
2017-08-08,52,SEAFOOD,3.0
2017-08-09,52,SEAFOOD,8.0
2017-08-10,52,SEAFOOD,9.0
2017-08-11,52,SEAFOOD,23.0
2017-08-12,52,SEAFOOD,5.0
2017-08-13,52,SEAFOOD,12.0
2017-08-14,52,SEAFOOD,6.5950003
2017-08-15,52,SEAFOOD,7.0
2017-08-02,53,AUTOMOTIVE,11.0
2017-08-03,53,AUTOMOTIVE,1.0
2017-08-04,53,AUTOMOTIVE,10.0
2017-08-05,53,AUTOMOTIVE,15.0
2017-08-06,53,AUTOMOTIVE,20.0
2017-08-07,53,AUTOMOTIVE,6.0
2017-08-08,53,AUTOMOTIVE,7.0
2017-08-09,53,AUTOMOTIVE,10.0
2017-08-10,53,AUTOMOTIVE,3.0
2017-08-11,53,AUTOMOTIVE,6.0
2017-08-12,53,AUTOMOTIVE,6.0
2017-08-13,53,AUTOMOTIVE,20.0
2017-08-14,53,AUTOMOTIVE,2.0
2017-08-15,53,AUTOMOTIVE,9.0
2017-08-02,53,BABY CARE,0.0
2017-08-03,53,BABY CARE,0.0
2017-08-04,53,BABY CARE,0.0
2017-08-05,53,BABY CARE,0.0
2017-08-06,53,BABY CARE,0.0
2017-08-07,53,BABY CARE,0.0
2017-08-08,53,BABY CARE,0.0
2017-08-09,53,BABY CARE,0.0
2017-08-10,53,BABY CARE,0.0
2017-08-11,53,BABY CARE,0.0
2017-08-12,53,BABY CARE,0.0
2017-08-13,53,BABY CARE,0.0
2017-08-14,53,BABY CARE,0.0
2017-08-15,53,BABY CARE,0.0
2017-08-02,53,BEAUTY,1.0
2017-08-03,53,BEAUTY,1.0
2017-08-04,53,BEAUTY,0.0
2017-08-05,53,BEAUTY,9.0
2017-08-06,53,BEAUTY,3.0
2017-08-07,53,BEAUTY,2.0
2017-08-08,53,BEAUTY,3.0
2017-08-09,53,BEAUTY,4.0
2017-08-10,53,BEAUTY,1.0
2017-08-11,53,BEAUTY,1.0
2017-08-12,53,BEAUTY,4.0
2017-08-13,53,BEAUTY,7.0
2017-08-14,53,BEAUTY,1.0
2017-08-15,53,BEAUTY,7.0
2017-08-02,53,BEVERAGES,2566.0
2017-08-03,53,BEVERAGES,1535.0
2017-08-04,53,BEVERAGES,2249.0
2017-08-05,53,BEVERAGES,2533.0
2017-08-06,53,BEVERAGES,3844.0
2017-08-07,53,BEVERAGES,2127.0
2017-08-08,53,BEVERAGES,1533.0
2017-08-09,53,BEVERAGES,1995.0
2017-08-10,53,BEVERAGES,1692.0
2017-08-11,53,BEVERAGES,2281.0
2017-08-12,53,BEVERAGES,2105.0
2017-08-13,53,BEVERAGES,2651.0
2017-08-14,53,BEVERAGES,1624.0
2017-08-15,53,BEVERAGES,1646.0
2017-08-02,53,BOOKS,0.0
2017-08-03,53,BOOKS,0.0
2017-08-04,53,BOOKS,0.0
2017-08-05,53,BOOKS,0.0
2017-08-06,53,BOOKS,0.0
2017-08-07,53,BOOKS,0.0
2017-08-08,53,BOOKS,0.0
2017-08-09,53,BOOKS,0.0
2017-08-10,53,BOOKS,0.0
2017-08-11,53,BOOKS,0.0
2017-08-12,53,BOOKS,0.0
2017-08-13,53,BOOKS,0.0
2017-08-14,53,BOOKS,0.0
2017-08-15,53,BOOKS,0.0
2017-08-02,53,BREAD/BAKERY,533.011
2017-08-03,53,BREAD/BAKERY,459.628
2017-08-04,53,BREAD/BAKERY,458.799
2017-08-05,53,BREAD/BAKERY,504.006
2017-08-06,53,BREAD/BAKERY,681.767
2017-08-07,53,BREAD/BAKERY,498.771
2017-08-08,53,BREAD/BAKERY,417.105
2017-08-09,53,BREAD/BAKERY,452.344
2017-08-10,53,BREAD/BAKERY,351.045
2017-08-11,53,BREAD/BAKERY,528.605
2017-08-12,53,BREAD/BAKERY,535.714
2017-08-13,53,BREAD/BAKERY,606.182
2017-08-14,53,BREAD/BAKERY,401.222
2017-08-15,53,BREAD/BAKERY,380.199
2017-08-02,53,CELEBRATION,9.0
2017-08-03,53,CELEBRATION,16.0
2017-08-04,53,CELEBRATION,6.0
2017-08-05,53,CELEBRATION,19.0
2017-08-06,53,CELEBRATION,15.0
2017-08-07,53,CELEBRATION,15.0
2017-08-08,53,CELEBRATION,5.0
2017-08-09,53,CELEBRATION,6.0
2017-08-10,53,CELEBRATION,15.0
2017-08-11,53,CELEBRATION,4.0
2017-08-12,53,CELEBRATION,10.0
2017-08-13,53,CELEBRATION,10.0
2017-08-14,53,CELEBRATION,1.0
2017-08-15,53,CELEBRATION,4.0
2017-08-02,53,CLEANING,1411.0
2017-08-03,53,CLEANING,676.0
2017-08-04,53,CLEANING,1027.0
2017-08-05,53,CLEANING,1029.0
2017-08-06,53,CLEANING,1343.0
2017-08-07,53,CLEANING,942.0
2017-08-08,53,CLEANING,789.0
2017-08-09,53,CLEANING,864.0
2017-08-10,53,CLEANING,674.0
2017-08-11,53,CLEANING,851.0
2017-08-12,53,CLEANING,984.0
2017-08-13,53,CLEANING,1025.0
2017-08-14,53,CLEANING,699.0
2017-08-15,53,CLEANING,706.0
2017-08-02,53,DAIRY,669.0
2017-08-03,53,DAIRY,388.0
2017-08-04,53,DAIRY,506.0
2017-08-05,53,DAIRY,605.0
2017-08-06,53,DAIRY,781.0
2017-08-07,53,DAIRY,509.0
2017-08-08,53,DAIRY,403.0
2017-08-09,53,DAIRY,411.0
2017-08-10,53,DAIRY,367.0
2017-08-11,53,DAIRY,560.0
2017-08-12,53,DAIRY,603.0
2017-08-13,53,DAIRY,673.0
2017-08-14,53,DAIRY,452.0
2017-08-15,53,DAIRY,431.0
2017-08-02,53,DELI,221.256
2017-08-03,53,DELI,182.685
2017-08-04,53,DELI,223.36
2017-08-05,53,DELI,255.768
2017-08-06,53,DELI,283.011
2017-08-07,53,DELI,214.443
2017-08-08,53,DELI,191.162
2017-08-09,53,DELI,233.178
2017-08-10,53,DELI,209.01399
2017-08-11,53,DELI,242.103
2017-08-12,53,DELI,209.254
2017-08-13,53,DELI,287.34702
2017-08-14,53,DELI,165.198
2017-08-15,53,DELI,186.868
2017-08-02,53,EGGS,106.0
2017-08-03,53,EGGS,69.0
2017-08-04,53,EGGS,89.0
2017-08-05,53,EGGS,97.0
2017-08-06,53,EGGS,150.0
2017-08-07,53,EGGS,92.0
2017-08-08,53,EGGS,83.0
2017-08-09,53,EGGS,104.0
2017-08-10,53,EGGS,70.0
2017-08-11,53,EGGS,96.0
2017-08-12,53,EGGS,98.0
2017-08-13,53,EGGS,126.0
2017-08-14,53,EGGS,82.0
2017-08-15,53,EGGS,74.0
2017-08-02,53,FROZEN FOODS,118.565
2017-08-03,53,FROZEN FOODS,74.0
2017-08-04,53,FROZEN FOODS,178.884
2017-08-05,53,FROZEN FOODS,263.27
2017-08-06,53,FROZEN FOODS,110.0
2017-08-07,53,FROZEN FOODS,140.763
2017-08-08,53,FROZEN FOODS,95.0
2017-08-09,53,FROZEN FOODS,99.0
2017-08-10,53,FROZEN FOODS,160.0
2017-08-11,53,FROZEN FOODS,198.703
2017-08-12,53,FROZEN FOODS,222.0
2017-08-13,53,FROZEN FOODS,101.0
2017-08-14,53,FROZEN FOODS,82.228
2017-08-15,53,FROZEN FOODS,74.0
2017-08-02,53,GROCERY I,3840.0
2017-08-03,53,GROCERY I,2589.0
2017-08-04,53,GROCERY I,2928.0
2017-08-05,53,GROCERY I,3662.0
2017-08-06,53,GROCERY I,4496.0
2017-08-07,53,GROCERY I,3210.0
2017-08-08,53,GROCERY I,2394.0
2017-08-09,53,GROCERY I,2850.0
2017-08-10,53,GROCERY I,2153.0
2017-08-11,53,GROCERY I,3250.0
2017-08-12,53,GROCERY I,3667.0
2017-08-13,53,GROCERY I,3627.0
2017-08-14,53,GROCERY I,2522.0
2017-08-15,53,GROCERY I,2442.0
2017-08-02,53,GROCERY II,14.0
2017-08-03,53,GROCERY II,19.0
2017-08-04,53,GROCERY II,15.0
2017-08-05,53,GROCERY II,22.0
2017-08-06,53,GROCERY II,41.0
2017-08-07,53,GROCERY II,22.0
2017-08-08,53,GROCERY II,7.0
2017-08-09,53,GROCERY II,14.0
2017-08-10,53,GROCERY II,7.0
2017-08-11,53,GROCERY II,14.0
2017-08-12,53,GROCERY II,24.0
2017-08-13,53,GROCERY II,19.0
2017-08-14,53,GROCERY II,10.0
2017-08-15,53,GROCERY II,16.0
2017-08-02,53,HARDWARE,0.0
2017-08-03,53,HARDWARE,1.0
2017-08-04,53,HARDWARE,3.0
2017-08-05,53,HARDWARE,3.0
2017-08-06,53,HARDWARE,2.0
2017-08-07,53,HARDWARE,1.0
2017-08-08,53,HARDWARE,3.0
2017-08-09,53,HARDWARE,4.0
2017-08-10,53,HARDWARE,1.0
2017-08-11,53,HARDWARE,0.0
2017-08-12,53,HARDWARE,1.0
2017-08-13,53,HARDWARE,2.0
2017-08-14,53,HARDWARE,2.0
2017-08-15,53,HARDWARE,1.0
2017-08-02,53,HOME AND KITCHEN I,36.0
2017-08-03,53,HOME AND KITCHEN I,24.0
2017-08-04,53,HOME AND KITCHEN I,24.0
2017-08-05,53,HOME AND KITCHEN I,25.0
2017-08-06,53,HOME AND KITCHEN I,37.0
2017-08-07,53,HOME AND KITCHEN I,45.0
2017-08-08,53,HOME AND KITCHEN I,12.0
2017-08-09,53,HOME AND KITCHEN I,35.0
2017-08-10,53,HOME AND KITCHEN I,60.0
2017-08-11,53,HOME AND KITCHEN I,48.0
2017-08-12,53,HOME AND KITCHEN I,50.0
2017-08-13,53,HOME AND KITCHEN I,39.0
2017-08-14,53,HOME AND KITCHEN I,21.0
2017-08-15,53,HOME AND KITCHEN I,16.0
2017-08-02,53,HOME AND KITCHEN II,19.0
2017-08-03,53,HOME AND KITCHEN II,20.0
2017-08-04,53,HOME AND KITCHEN II,28.0
2017-08-05,53,HOME AND KITCHEN II,18.0
2017-08-06,53,HOME AND KITCHEN II,42.0
2017-08-07,53,HOME AND KITCHEN II,52.0
2017-08-08,53,HOME AND KITCHEN II,12.0
2017-08-09,53,HOME AND KITCHEN II,24.0
2017-08-10,53,HOME AND KITCHEN II,20.0
2017-08-11,53,HOME AND KITCHEN II,12.0
2017-08-12,53,HOME AND KITCHEN II,22.0
2017-08-13,53,HOME AND KITCHEN II,28.0
2017-08-14,53,HOME AND KITCHEN II,11.0
2017-08-15,53,HOME AND KITCHEN II,18.0
2017-08-02,53,HOME APPLIANCES,0.0
2017-08-03,53,HOME APPLIANCES,0.0
2017-08-04,53,HOME APPLIANCES,0.0
2017-08-05,53,HOME APPLIANCES,0.0
2017-08-06,53,HOME APPLIANCES,0.0
2017-08-07,53,HOME APPLIANCES,0.0
2017-08-08,53,HOME APPLIANCES,0.0
2017-08-09,53,HOME APPLIANCES,0.0
2017-08-10,53,HOME APPLIANCES,0.0
2017-08-11,53,HOME APPLIANCES,0.0
2017-08-12,53,HOME APPLIANCES,0.0
2017-08-13,53,HOME APPLIANCES,0.0
2017-08-14,53,HOME APPLIANCES,0.0
2017-08-15,53,HOME APPLIANCES,0.0
2017-08-02,53,HOME CARE,268.0
2017-08-03,53,HOME CARE,148.0
2017-08-04,53,HOME CARE,170.0
2017-08-05,53,HOME CARE,231.0
2017-08-06,53,HOME CARE,297.0
2017-08-07,53,HOME CARE,179.0
2017-08-08,53,HOME CARE,135.0
2017-08-09,53,HOME CARE,155.0
2017-08-10,53,HOME CARE,136.0
2017-08-11,53,HOME CARE,169.0
2017-08-12,53,HOME CARE,200.0
2017-08-13,53,HOME CARE,235.0
2017-08-14,53,HOME CARE,182.0
2017-08-15,53,HOME CARE,156.0
2017-08-02,53,LADIESWEAR,2.0
2017-08-03,53,LADIESWEAR,4.0
2017-08-04,53,LADIESWEAR,2.0
2017-08-05,53,LADIESWEAR,6.0
2017-08-06,53,LADIESWEAR,8.0
2017-08-07,53,LADIESWEAR,2.0
2017-08-08,53,LADIESWEAR,6.0
2017-08-09,53,LADIESWEAR,5.0
2017-08-10,53,LADIESWEAR,1.0
2017-08-11,53,LADIESWEAR,12.0
2017-08-12,53,LADIESWEAR,15.0
2017-08-13,53,LADIESWEAR,19.0
2017-08-14,53,LADIESWEAR,11.0
2017-08-15,53,LADIESWEAR,15.0
2017-08-02,53,LAWN AND GARDEN,16.0
2017-08-03,53,LAWN AND GARDEN,5.0
2017-08-04,53,LAWN AND GARDEN,7.0
2017-08-05,53,LAWN AND GARDEN,15.0
2017-08-06,53,LAWN AND GARDEN,17.0
2017-08-07,53,LAWN AND GARDEN,7.0
2017-08-08,53,LAWN AND GARDEN,13.0
2017-08-09,53,LAWN AND GARDEN,5.0
2017-08-10,53,LAWN AND GARDEN,10.0
2017-08-11,53,LAWN AND GARDEN,31.0
2017-08-12,53,LAWN AND GARDEN,18.0
2017-08-13,53,LAWN AND GARDEN,11.0
2017-08-14,53,LAWN AND GARDEN,10.0
2017-08-15,53,LAWN AND GARDEN,13.0
2017-08-02,53,LINGERIE,8.0
2017-08-03,53,LINGERIE,10.0
2017-08-04,53,LINGERIE,8.0
2017-08-05,53,LINGERIE,8.0
2017-08-06,53,LINGERIE,16.0
2017-08-07,53,LINGERIE,9.0
2017-08-08,53,LINGERIE,4.0
2017-08-09,53,LINGERIE,2.0
2017-08-10,53,LINGERIE,10.0
2017-08-11,53,LINGERIE,8.0
2017-08-12,53,LINGERIE,12.0
2017-08-13,53,LINGERIE,6.0
2017-08-14,53,LINGERIE,6.0
2017-08-15,53,LINGERIE,7.0
2017-08-02,53,"LIQUOR,WINE,BEER",70.0
2017-08-03,53,"LIQUOR,WINE,BEER",61.0
2017-08-04,53,"LIQUOR,WINE,BEER",140.0
2017-08-05,53,"LIQUOR,WINE,BEER",209.0
2017-08-06,53,"LIQUOR,WINE,BEER",94.0
2017-08-07,53,"LIQUOR,WINE,BEER",32.0
2017-08-08,53,"LIQUOR,WINE,BEER",34.0
2017-08-09,53,"LIQUOR,WINE,BEER",48.0
2017-08-10,53,"LIQUOR,WINE,BEER",130.0
2017-08-11,53,"LIQUOR,WINE,BEER",265.0
2017-08-12,53,"LIQUOR,WINE,BEER",248.0
2017-08-13,53,"LIQUOR,WINE,BEER",79.0
2017-08-14,53,"LIQUOR,WINE,BEER",37.0
2017-08-15,53,"LIQUOR,WINE,BEER",29.0
2017-08-02,53,MAGAZINES,1.0
2017-08-03,53,MAGAZINES,0.0
2017-08-04,53,MAGAZINES,1.0
2017-08-05,53,MAGAZINES,5.0
2017-08-06,53,MAGAZINES,6.0
2017-08-07,53,MAGAZINES,3.0
2017-08-08,53,MAGAZINES,3.0
2017-08-09,53,MAGAZINES,5.0
2017-08-10,53,MAGAZINES,7.0
2017-08-11,53,MAGAZINES,4.0
2017-08-12,53,MAGAZINES,3.0
2017-08-13,53,MAGAZINES,17.0
2017-08-14,53,MAGAZINES,3.0
2017-08-15,53,MAGAZINES,5.0
2017-08-02,53,MEATS,291.986
2017-08-03,53,MEATS,223.651
2017-08-04,53,MEATS,523.838
2017-08-05,53,MEATS,348.716
2017-08-06,53,MEATS,332.729
2017-08-07,53,MEATS,290.46
2017-08-08,53,MEATS,214.376
2017-08-09,53,MEATS,291.998
2017-08-10,53,MEATS,195.374
2017-08-11,53,MEATS,557.834
2017-08-12,53,MEATS,353.372
2017-08-13,53,MEATS,303.257
2017-08-14,53,MEATS,195.48
2017-08-15,53,MEATS,185.798
2017-08-02,53,PERSONAL CARE,310.0
2017-08-03,53,PERSONAL CARE,247.0
2017-08-04,53,PERSONAL CARE,182.0
2017-08-05,53,PERSONAL CARE,311.0
2017-08-06,53,PERSONAL CARE,404.0
2017-08-07,53,PERSONAL CARE,235.0
2017-08-08,53,PERSONAL CARE,178.0
2017-08-09,53,PERSONAL CARE,193.0
2017-08-10,53,PERSONAL CARE,152.0
2017-08-11,53,PERSONAL CARE,225.0
2017-08-12,53,PERSONAL CARE,261.0
2017-08-13,53,PERSONAL CARE,263.0
2017-08-14,53,PERSONAL CARE,210.0
2017-08-15,53,PERSONAL CARE,153.0
2017-08-02,53,PET SUPPLIES,5.0
2017-08-03,53,PET SUPPLIES,3.0
2017-08-04,53,PET SUPPLIES,7.0
2017-08-05,53,PET SUPPLIES,3.0
2017-08-06,53,PET SUPPLIES,8.0
2017-08-07,53,PET SUPPLIES,2.0
2017-08-08,53,PET SUPPLIES,2.0
2017-08-09,53,PET SUPPLIES,5.0
2017-08-10,53,PET SUPPLIES,3.0
2017-08-11,53,PET SUPPLIES,3.0
2017-08-12,53,PET SUPPLIES,8.0
2017-08-13,53,PET SUPPLIES,3.0
2017-08-14,53,PET SUPPLIES,7.0
2017-08-15,53,PET SUPPLIES,5.0
2017-08-02,53,PLAYERS AND ELECTRONICS,3.0
2017-08-03,53,PLAYERS AND ELECTRONICS,4.0
2017-08-04,53,PLAYERS AND ELECTRONICS,6.0
2017-08-05,53,PLAYERS AND ELECTRONICS,11.0
2017-08-06,53,PLAYERS AND ELECTRONICS,8.0
2017-08-07,53,PLAYERS AND ELECTRONICS,5.0
2017-08-08,53,PLAYERS AND ELECTRONICS,9.0
2017-08-09,53,PLAYERS AND ELECTRONICS,12.0
2017-08-10,53,PLAYERS AND ELECTRONICS,6.0
2017-08-11,53,PLAYERS AND ELECTRONICS,2.0
2017-08-12,53,PLAYERS AND ELECTRONICS,4.0
2017-08-13,53,PLAYERS AND ELECTRONICS,11.0
2017-08-14,53,PLAYERS AND ELECTRONICS,6.0
2017-08-15,53,PLAYERS AND ELECTRONICS,5.0
2017-08-02,53,POULTRY,204.245
2017-08-03,53,POULTRY,118.303
2017-08-04,53,POULTRY,227.82199
2017-08-05,53,POULTRY,200.429
2017-08-06,53,POULTRY,259.721
2017-08-07,53,POULTRY,198.835
2017-08-08,53,POULTRY,174.604
2017-08-09,53,POULTRY,179.684
2017-08-10,53,POULTRY,117.427
2017-08-11,53,POULTRY,276.109
2017-08-12,53,POULTRY,223.098
2017-08-13,53,POULTRY,272.606
2017-08-14,53,POULTRY,134.377
2017-08-15,53,POULTRY,148.015
2017-08-02,53,PREPARED FOODS,109.555
2017-08-03,53,PREPARED FOODS,21.709
2017-08-04,53,PREPARED FOODS,88.532
2017-08-05,53,PREPARED FOODS,75.562
2017-08-06,53,PREPARED FOODS,78.936
2017-08-07,53,PREPARED FOODS,57.729
2017-08-08,53,PREPARED FOODS,56.321
2017-08-09,53,PREPARED FOODS,121.771
2017-08-10,53,PREPARED FOODS,56.183
2017-08-11,53,PREPARED FOODS,70.213
2017-08-12,53,PREPARED FOODS,80.798
2017-08-13,53,PREPARED FOODS,81.652
2017-08-14,53,PREPARED FOODS,50.028
2017-08-15,53,PREPARED FOODS,37.82
2017-08-02,53,PRODUCE,3401.3599
2017-08-03,53,PRODUCE,1672.216
2017-08-04,53,PRODUCE,1994.623
2017-08-05,53,PRODUCE,2337.001
2017-08-06,53,PRODUCE,2651.625
2017-08-07,53,PRODUCE,2040.994
2017-08-08,53,PRODUCE,1559.848
2017-08-09,53,PRODUCE,2684.282
2017-08-10,53,PRODUCE,1637.204
2017-08-11,53,PRODUCE,2308.84
2017-08-12,53,PRODUCE,2342.9219
2017-08-13,53,PRODUCE,2217.132
2017-08-14,53,PRODUCE,1594.208
2017-08-15,53,PRODUCE,1432.489
2017-08-02,53,SCHOOL AND OFFICE SUPPLIES,0.0
2017-08-03,53,SCHOOL AND OFFICE SUPPLIES,0.0
2017-08-04,53,SCHOOL AND OFFICE SUPPLIES,0.0
2017-08-05,53,SCHOOL AND OFFICE SUPPLIES,0.0
2017-08-06,53,SCHOOL AND OFFICE SUPPLIES,2.0
2017-08-07,53,SCHOOL AND OFFICE SUPPLIES,0.0
2017-08-08,53,SCHOOL AND OFFICE SUPPLIES,0.0
2017-08-09,53,SCHOOL AND OFFICE SUPPLIES,0.0
2017-08-10,53,SCHOOL AND OFFICE SUPPLIES,1.0
2017-08-11,53,SCHOOL AND OFFICE SUPPLIES,1.0
2017-08-12,53,SCHOOL AND OFFICE SUPPLIES,0.0
2017-08-13,53,SCHOOL AND OFFICE SUPPLIES,1.0
2017-08-14,53,SCHOOL AND OFFICE SUPPLIES,0.0
2017-08-15,53,SCHOOL AND OFFICE SUPPLIES,0.0
2017-08-02,53,SEAFOOD,1.0
2017-08-03,53,SEAFOOD,2.0
2017-08-04,53,SEAFOOD,5.0
2017-08-05,53,SEAFOOD,2.0
2017-08-06,53,SEAFOOD,3.0
2017-08-07,53,SEAFOOD,3.0
2017-08-08,53,SEAFOOD,2.0
2017-08-09,53,SEAFOOD,5.0
2017-08-10,53,SEAFOOD,2.0
2017-08-11,53,SEAFOOD,8.0
2017-08-12,53,SEAFOOD,6.0
2017-08-13,53,SEAFOOD,9.0
2017-08-14,53,SEAFOOD,9.0
2017-08-15,53,SEAFOOD,5.0
2017-08-02,54,AUTOMOTIVE,4.0
2017-08-03,54,AUTOMOTIVE,3.0
2017-08-04,54,AUTOMOTIVE,5.0
2017-08-05,54,AUTOMOTIVE,8.0
2017-08-06,54,AUTOMOTIVE,12.0
2017-08-07,54,AUTOMOTIVE,3.0
2017-08-08,54,AUTOMOTIVE,5.0
2017-08-09,54,AUTOMOTIVE,6.0
2017-08-10,54,AUTOMOTIVE,6.0
2017-08-11,54,AUTOMOTIVE,11.0
2017-08-12,54,AUTOMOTIVE,10.0
2017-08-13,54,AUTOMOTIVE,16.0
2017-08-14,54,AUTOMOTIVE,4.0
2017-08-15,54,AUTOMOTIVE,8.0
2017-08-02,54,BABY CARE,0.0
2017-08-03,54,BABY CARE,0.0
2017-08-04,54,BABY CARE,0.0
2017-08-05,54,BABY CARE,0.0
2017-08-06,54,BABY CARE,0.0
2017-08-07,54,BABY CARE,0.0
2017-08-08,54,BABY CARE,0.0
2017-08-09,54,BABY CARE,0.0
2017-08-10,54,BABY CARE,0.0
2017-08-11,54,BABY CARE,0.0
2017-08-12,54,BABY CARE,0.0
2017-08-13,54,BABY CARE,0.0
2017-08-14,54,BABY CARE,0.0
2017-08-15,54,BABY CARE,0.0
2017-08-02,54,BEAUTY,0.0
2017-08-03,54,BEAUTY,2.0
2017-08-04,54,BEAUTY,2.0
2017-08-05,54,BEAUTY,3.0
2017-08-06,54,BEAUTY,3.0
2017-08-07,54,BEAUTY,2.0
2017-08-08,54,BEAUTY,1.0
2017-08-09,54,BEAUTY,0.0
2017-08-10,54,BEAUTY,0.0
2017-08-11,54,BEAUTY,0.0
2017-08-12,54,BEAUTY,0.0
2017-08-13,54,BEAUTY,0.0
2017-08-14,54,BEAUTY,0.0
2017-08-15,54,BEAUTY,0.0
2017-08-02,54,BEVERAGES,3080.0
2017-08-03,54,BEVERAGES,2844.0
2017-08-04,54,BEVERAGES,2979.0
2017-08-05,54,BEVERAGES,2708.0
2017-08-06,54,BEVERAGES,8552.0
2017-08-07,54,BEVERAGES,3662.0
2017-08-08,54,BEVERAGES,5644.0
2017-08-09,54,BEVERAGES,1918.0
2017-08-10,54,BEVERAGES,4686.0
2017-08-11,54,BEVERAGES,3223.0
2017-08-12,54,BEVERAGES,1827.0
2017-08-13,54,BEVERAGES,4824.0
2017-08-14,54,BEVERAGES,5403.0
2017-08-15,54,BEVERAGES,4332.0
2017-08-02,54,BOOKS,0.0
2017-08-03,54,BOOKS,0.0
2017-08-04,54,BOOKS,0.0
2017-08-05,54,BOOKS,0.0
2017-08-06,54,BOOKS,0.0
2017-08-07,54,BOOKS,0.0
2017-08-08,54,BOOKS,0.0
2017-08-09,54,BOOKS,0.0
2017-08-10,54,BOOKS,0.0
2017-08-11,54,BOOKS,0.0
2017-08-12,54,BOOKS,0.0
2017-08-13,54,BOOKS,0.0
2017-08-14,54,BOOKS,0.0
2017-08-15,54,BOOKS,0.0
2017-08-02,54,BREAD/BAKERY,231.0
2017-08-03,54,BREAD/BAKERY,169.0
2017-08-04,54,BREAD/BAKERY,205.0
2017-08-05,54,BREAD/BAKERY,194.0
2017-08-06,54,BREAD/BAKERY,475.0
2017-08-07,54,BREAD/BAKERY,292.0
2017-08-08,54,BREAD/BAKERY,219.0
2017-08-09,54,BREAD/BAKERY,197.0
2017-08-10,54,BREAD/BAKERY,144.0
2017-08-11,54,BREAD/BAKERY,137.0
2017-08-12,54,BREAD/BAKERY,210.0
2017-08-13,54,BREAD/BAKERY,393.0
2017-08-14,54,BREAD/BAKERY,231.0
2017-08-15,54,BREAD/BAKERY,304.0
2017-08-02,54,CELEBRATION,8.0
2017-08-03,54,CELEBRATION,6.0
2017-08-04,54,CELEBRATION,11.0
2017-08-05,54,CELEBRATION,5.0
2017-08-06,54,CELEBRATION,10.0
2017-08-07,54,CELEBRATION,3.0
2017-08-08,54,CELEBRATION,1.0
2017-08-09,54,CELEBRATION,2.0
2017-08-10,54,CELEBRATION,10.0
2017-08-11,54,CELEBRATION,8.0
2017-08-12,54,CELEBRATION,6.0
2017-08-13,54,CELEBRATION,4.0
2017-08-14,54,CELEBRATION,1.0
2017-08-15,54,CELEBRATION,4.0
2017-08-02,54,CLEANING,1110.0
2017-08-03,54,CLEANING,1167.0
2017-08-04,54,CLEANING,964.0
2017-08-05,54,CLEANING,1059.0
2017-08-06,54,CLEANING,1582.0
2017-08-07,54,CLEANING,1038.0
2017-08-08,54,CLEANING,971.0
2017-08-09,54,CLEANING,733.0
2017-08-10,54,CLEANING,720.0
2017-08-11,54,CLEANING,644.0
2017-08-12,54,CLEANING,942.0
2017-08-13,54,CLEANING,1719.0
2017-08-14,54,CLEANING,996.0
2017-08-15,54,CLEANING,1415.0
2017-08-02,54,DAIRY,174.0
2017-08-03,54,DAIRY,191.0
2017-08-04,54,DAIRY,268.0
2017-08-05,54,DAIRY,305.0
2017-08-06,54,DAIRY,403.0
2017-08-07,54,DAIRY,299.0
2017-08-08,54,DAIRY,235.0
2017-08-09,54,DAIRY,307.0
2017-08-10,54,DAIRY,190.0
2017-08-11,54,DAIRY,254.0
2017-08-12,54,DAIRY,215.0
2017-08-13,54,DAIRY,371.0
2017-08-14,54,DAIRY,306.0
2017-08-15,54,DAIRY,261.0
2017-08-02,54,DELI,175.0
2017-08-03,54,DELI,181.0
2017-08-04,54,DELI,398.002
2017-08-05,54,DELI,213.0
2017-08-06,54,DELI,344.0
2017-08-07,54,DELI,220.024
2017-08-08,54,DELI,182.0
2017-08-09,54,DELI,182.0
2017-08-10,54,DELI,152.002
2017-08-11,54,DELI,187.069
2017-08-12,54,DELI,230.008
2017-08-13,54,DELI,305.026
2017-08-14,54,DELI,207.0
2017-08-15,54,DELI,222.026
2017-08-02,54,EGGS,23.0
2017-08-03,54,EGGS,83.0
2017-08-04,54,EGGS,65.0
2017-08-05,54,EGGS,58.0
2017-08-06,54,EGGS,150.0
2017-08-07,54,EGGS,58.0
2017-08-08,54,EGGS,28.0
2017-08-09,54,EGGS,47.0
2017-08-10,54,EGGS,44.0
2017-08-11,54,EGGS,80.0
2017-08-12,54,EGGS,66.0
2017-08-13,54,EGGS,74.0
2017-08-14,54,EGGS,113.0
2017-08-15,54,EGGS,79.0
2017-08-02,54,FROZEN FOODS,35.0
2017-08-03,54,FROZEN FOODS,48.45
2017-08-04,54,FROZEN FOODS,35.0
2017-08-05,54,FROZEN FOODS,53.0
2017-08-06,54,FROZEN FOODS,38.0
2017-08-07,54,FROZEN FOODS,39.0
2017-08-08,54,FROZEN FOODS,28.0
2017-08-09,54,FROZEN FOODS,14.0
2017-08-10,54,FROZEN FOODS,40.31
2017-08-11,54,FROZEN FOODS,27.0
2017-08-12,54,FROZEN FOODS,42.0
2017-08-13,54,FROZEN FOODS,38.0
2017-08-14,54,FROZEN FOODS,25.0
2017-08-15,54,FROZEN FOODS,32.0
2017-08-02,54,GROCERY I,2445.0
2017-08-03,54,GROCERY I,2876.0
2017-08-04,54,GROCERY I,3007.0
2017-08-05,54,GROCERY I,3821.0
2017-08-06,54,GROCERY I,4891.0
2017-08-07,54,GROCERY I,3503.0
2017-08-08,54,GROCERY I,3454.0
2017-08-09,54,GROCERY I,3526.0
2017-08-10,54,GROCERY I,2685.0
2017-08-11,54,GROCERY I,2823.0
2017-08-12,54,GROCERY I,4161.0
2017-08-13,54,GROCERY I,4739.0
2017-08-14,54,GROCERY I,3274.0
2017-08-15,54,GROCERY I,4235.0
2017-08-02,54,GROCERY II,16.0
2017-08-03,54,GROCERY II,4.0
2017-08-04,54,GROCERY II,15.0
2017-08-05,54,GROCERY II,15.0
2017-08-06,54,GROCERY II,6.0
2017-08-07,54,GROCERY II,5.0
2017-08-08,54,GROCERY II,14.0
2017-08-09,54,GROCERY II,5.0
2017-08-10,54,GROCERY II,60.0
2017-08-11,54,GROCERY II,2.0
2017-08-12,54,GROCERY II,8.0
2017-08-13,54,GROCERY II,25.0
2017-08-14,54,GROCERY II,20.0
2017-08-15,54,GROCERY II,13.0
2017-08-02,54,HARDWARE,1.0
2017-08-03,54,HARDWARE,0.0
2017-08-04,54,HARDWARE,0.0
2017-08-05,54,HARDWARE,1.0
2017-08-06,54,HARDWARE,1.0
2017-08-07,54,HARDWARE,2.0
2017-08-08,54,HARDWARE,0.0
2017-08-09,54,HARDWARE,5.0
2017-08-10,54,HARDWARE,0.0
2017-08-11,54,HARDWARE,1.0
2017-08-12,54,HARDWARE,1.0
2017-08-13,54,HARDWARE,1.0
2017-08-14,54,HARDWARE,2.0
2017-08-15,54,HARDWARE,0.0
2017-08-02,54,HOME AND KITCHEN I,12.0
2017-08-03,54,HOME AND KITCHEN I,17.0
2017-08-04,54,HOME AND KITCHEN I,12.0
2017-08-05,54,HOME AND KITCHEN I,38.0
2017-08-06,54,HOME AND KITCHEN I,19.0
2017-08-07,54,HOME AND KITCHEN I,30.0
2017-08-08,54,HOME AND KITCHEN I,16.0
2017-08-09,54,HOME AND KITCHEN I,7.0
2017-08-10,54,HOME AND KITCHEN I,13.0
2017-08-11,54,HOME AND KITCHEN I,10.0
2017-08-12,54,HOME AND KITCHEN I,29.0
2017-08-13,54,HOME AND KITCHEN I,30.0
2017-08-14,54,HOME AND KITCHEN I,47.0
2017-08-15,54,HOME AND KITCHEN I,24.0
2017-08-02,54,HOME AND KITCHEN II,5.0
2017-08-03,54,HOME AND KITCHEN II,13.0
2017-08-04,54,HOME AND KITCHEN II,4.0
2017-08-05,54,HOME AND KITCHEN II,11.0
2017-08-06,54,HOME AND KITCHEN II,9.0
2017-08-07,54,HOME AND KITCHEN II,10.0
2017-08-08,54,HOME AND KITCHEN II,14.0
2017-08-09,54,HOME AND KITCHEN II,7.0
2017-08-10,54,HOME AND KITCHEN II,5.0
2017-08-11,54,HOME AND KITCHEN II,6.0
2017-08-12,54,HOME AND KITCHEN II,6.0
2017-08-13,54,HOME AND KITCHEN II,13.0
2017-08-14,54,HOME AND KITCHEN II,15.0
2017-08-15,54,HOME AND KITCHEN II,19.0
2017-08-02,54,HOME APPLIANCES,0.0
2017-08-03,54,HOME APPLIANCES,0.0
2017-08-04,54,HOME APPLIANCES,0.0
2017-08-05,54,HOME APPLIANCES,0.0
2017-08-06,54,HOME APPLIANCES,0.0
2017-08-07,54,HOME APPLIANCES,0.0
2017-08-08,54,HOME APPLIANCES,0.0
2017-08-09,54,HOME APPLIANCES,0.0
2017-08-10,54,HOME APPLIANCES,1.0
2017-08-11,54,HOME APPLIANCES,0.0
2017-08-12,54,HOME APPLIANCES,0.0
2017-08-13,54,HOME APPLIANCES,0.0
2017-08-14,54,HOME APPLIANCES,0.0
2017-08-15,54,HOME APPLIANCES,0.0
2017-08-02,54,HOME CARE,176.0
2017-08-03,54,HOME CARE,189.0
2017-08-04,54,HOME CARE,193.0
2017-08-05,54,HOME CARE,232.0
2017-08-06,54,HOME CARE,349.0
2017-08-07,54,HOME CARE,237.0
2017-08-08,54,HOME CARE,181.0
2017-08-09,54,HOME CARE,172.0
2017-08-10,54,HOME CARE,170.0
2017-08-11,54,HOME CARE,163.0
2017-08-12,54,HOME CARE,234.0
2017-08-13,54,HOME CARE,306.0
2017-08-14,54,HOME CARE,175.0
2017-08-15,54,HOME CARE,202.0
2017-08-02,54,LADIESWEAR,0.0
2017-08-03,54,LADIESWEAR,0.0
2017-08-04,54,LADIESWEAR,0.0
2017-08-05,54,LADIESWEAR,0.0
2017-08-06,54,LADIESWEAR,0.0
2017-08-07,54,LADIESWEAR,0.0
2017-08-08,54,LADIESWEAR,0.0
2017-08-09,54,LADIESWEAR,0.0
2017-08-10,54,LADIESWEAR,0.0
2017-08-11,54,LADIESWEAR,0.0
2017-08-12,54,LADIESWEAR,0.0
2017-08-13,54,LADIESWEAR,0.0
2017-08-14,54,LADIESWEAR,0.0
2017-08-15,54,LADIESWEAR,0.0
2017-08-02,54,LAWN AND GARDEN,0.0
2017-08-03,54,LAWN AND GARDEN,0.0
2017-08-04,54,LAWN AND GARDEN,0.0
2017-08-05,54,LAWN AND GARDEN,0.0
2017-08-06,54,LAWN AND GARDEN,0.0
2017-08-07,54,LAWN AND GARDEN,0.0
2017-08-08,54,LAWN AND GARDEN,0.0
2017-08-09,54,LAWN AND GARDEN,0.0
2017-08-10,54,LAWN AND GARDEN,0.0
2017-08-11,54,LAWN AND GARDEN,0.0
2017-08-12,54,LAWN AND GARDEN,0.0
2017-08-13,54,LAWN AND GARDEN,0.0
2017-08-14,54,LAWN AND GARDEN,0.0
2017-08-15,54,LAWN AND GARDEN,0.0
2017-08-02,54,LINGERIE,8.0
2017-08-03,54,LINGERIE,3.0
2017-08-04,54,LINGERIE,4.0
2017-08-05,54,LINGERIE,7.0
2017-08-06,54,LINGERIE,3.0
2017-08-07,54,LINGERIE,1.0
2017-08-08,54,LINGERIE,4.0
2017-08-09,54,LINGERIE,2.0
2017-08-10,54,LINGERIE,2.0
2017-08-11,54,LINGERIE,6.0
2017-08-12,54,LINGERIE,17.0
2017-08-13,54,LINGERIE,6.0
2017-08-14,54,LINGERIE,2.0
2017-08-15,54,LINGERIE,4.0
2017-08-02,54,"LIQUOR,WINE,BEER",6.0
2017-08-03,54,"LIQUOR,WINE,BEER",10.0
2017-08-04,54,"LIQUOR,WINE,BEER",30.0
2017-08-05,54,"LIQUOR,WINE,BEER",52.0
2017-08-06,54,"LIQUOR,WINE,BEER",11.0
2017-08-07,54,"LIQUOR,WINE,BEER",24.0
2017-08-08,54,"LIQUOR,WINE,BEER",10.0
2017-08-09,54,"LIQUOR,WINE,BEER",20.0
2017-08-10,54,"LIQUOR,WINE,BEER",14.0
2017-08-11,54,"LIQUOR,WINE,BEER",45.0
2017-08-12,54,"LIQUOR,WINE,BEER",38.0
2017-08-13,54,"LIQUOR,WINE,BEER",17.0
2017-08-14,54,"LIQUOR,WINE,BEER",7.0
2017-08-15,54,"LIQUOR,WINE,BEER",210.0
2017-08-02,54,MAGAZINES,0.0
2017-08-03,54,MAGAZINES,2.0
2017-08-04,54,MAGAZINES,0.0
2017-08-05,54,MAGAZINES,2.0
2017-08-06,54,MAGAZINES,1.0
2017-08-07,54,MAGAZINES,1.0
2017-08-08,54,MAGAZINES,0.0
2017-08-09,54,MAGAZINES,2.0
2017-08-10,54,MAGAZINES,1.0
2017-08-11,54,MAGAZINES,0.0
2017-08-12,54,MAGAZINES,1.0
2017-08-13,54,MAGAZINES,3.0
2017-08-14,54,MAGAZINES,1.0
2017-08-15,54,MAGAZINES,2.0
2017-08-02,54,MEATS,47.201
2017-08-03,54,MEATS,52.146
2017-08-04,54,MEATS,33.853
2017-08-05,54,MEATS,62.896
2017-08-06,54,MEATS,73.182
2017-08-07,54,MEATS,66.706
2017-08-08,54,MEATS,36.997
2017-08-09,54,MEATS,46.564
2017-08-10,54,MEATS,52.716
2017-08-11,54,MEATS,50.756
2017-08-12,54,MEATS,53.079002
2017-08-13,54,MEATS,67.435
2017-08-14,54,MEATS,64.224
2017-08-15,54,MEATS,57.842
2017-08-02,54,PERSONAL CARE,185.0
2017-08-03,54,PERSONAL CARE,145.0
2017-08-04,54,PERSONAL CARE,171.0
2017-08-05,54,PERSONAL CARE,174.0
2017-08-06,54,PERSONAL CARE,282.0
2017-08-07,54,PERSONAL CARE,205.0
2017-08-08,54,PERSONAL CARE,158.0
2017-08-09,54,PERSONAL CARE,141.0
2017-08-10,54,PERSONAL CARE,151.0
2017-08-11,54,PERSONAL CARE,155.0
2017-08-12,54,PERSONAL CARE,169.0
2017-08-13,54,PERSONAL CARE,244.0
2017-08-14,54,PERSONAL CARE,200.0
2017-08-15,54,PERSONAL CARE,169.0
2017-08-02,54,PET SUPPLIES,0.0
2017-08-03,54,PET SUPPLIES,0.0
2017-08-04,54,PET SUPPLIES,0.0
2017-08-05,54,PET SUPPLIES,0.0
2017-08-06,54,PET SUPPLIES,0.0
2017-08-07,54,PET SUPPLIES,0.0
2017-08-08,54,PET SUPPLIES,0.0
2017-08-09,54,PET SUPPLIES,0.0
2017-08-10,54,PET SUPPLIES,0.0
2017-08-11,54,PET SUPPLIES,0.0
2017-08-12,54,PET SUPPLIES,0.0
2017-08-13,54,PET SUPPLIES,0.0
2017-08-14,54,PET SUPPLIES,0.0
2017-08-15,54,PET SUPPLIES,0.0
2017-08-02,54,PLAYERS AND ELECTRONICS,0.0
2017-08-03,54,PLAYERS AND ELECTRONICS,6.0
2017-08-04,54,PLAYERS AND ELECTRONICS,9.0
2017-08-05,54,PLAYERS AND ELECTRONICS,4.0
2017-08-06,54,PLAYERS AND ELECTRONICS,1.0
2017-08-07,54,PLAYERS AND ELECTRONICS,1.0
2017-08-08,54,PLAYERS AND ELECTRONICS,3.0
2017-08-09,54,PLAYERS AND ELECTRONICS,3.0
2017-08-10,54,PLAYERS AND ELECTRONICS,0.0
2017-08-11,54,PLAYERS AND ELECTRONICS,0.0
2017-08-12,54,PLAYERS AND ELECTRONICS,4.0
2017-08-13,54,PLAYERS AND ELECTRONICS,2.0
2017-08-14,54,PLAYERS AND ELECTRONICS,1.0
2017-08-15,54,PLAYERS AND ELECTRONICS,2.0
2017-08-02,54,POULTRY,32.556
2017-08-03,54,POULTRY,62.094
2017-08-04,54,POULTRY,68.277
2017-08-05,54,POULTRY,65.833
2017-08-06,54,POULTRY,88.154
2017-08-07,54,POULTRY,61.533
2017-08-08,54,POULTRY,73.289
2017-08-09,54,POULTRY,51.015
2017-08-10,54,POULTRY,49.666
2017-08-11,54,POULTRY,80.759
2017-08-12,54,POULTRY,91.671
2017-08-13,54,POULTRY,79.062996
2017-08-14,54,POULTRY,56.155
2017-08-15,54,POULTRY,59.619
2017-08-02,54,PREPARED FOODS,69.0
2017-08-03,54,PREPARED FOODS,82.0
2017-08-04,54,PREPARED FOODS,90.0
2017-08-05,54,PREPARED FOODS,56.0
2017-08-06,54,PREPARED FOODS,145.0
2017-08-07,54,PREPARED FOODS,79.0
2017-08-08,54,PREPARED FOODS,86.0
2017-08-09,54,PREPARED FOODS,91.0
2017-08-10,54,PREPARED FOODS,61.0
2017-08-11,54,PREPARED FOODS,54.0
2017-08-12,54,PREPARED FOODS,81.0
2017-08-13,54,PREPARED FOODS,91.0
2017-08-14,54,PREPARED FOODS,147.0
2017-08-15,54,PREPARED FOODS,94.0
2017-08-02,54,PRODUCE,489.945
2017-08-03,54,PRODUCE,478.884
2017-08-04,54,PRODUCE,577.856
2017-08-05,54,PRODUCE,674.303
2017-08-06,54,PRODUCE,963.334
2017-08-07,54,PRODUCE,617.052
2017-08-08,54,PRODUCE,790.013
2017-08-09,54,PRODUCE,595.185
2017-08-10,54,PRODUCE,498.122
2017-08-11,54,PRODUCE,546.25
2017-08-12,54,PRODUCE,696.92
2017-08-13,54,PRODUCE,877.304
2017-08-14,54,PRODUCE,585.615
2017-08-15,54,PRODUCE,915.371
2017-08-02,54,SCHOOL AND OFFICE SUPPLIES,0.0
2017-08-03,54,SCHOOL AND OFFICE SUPPLIES,0.0
2017-08-04,54,SCHOOL AND OFFICE SUPPLIES,0.0
2017-08-05,54,SCHOOL AND OFFICE SUPPLIES,0.0
2017-08-06,54,SCHOOL AND OFFICE SUPPLIES,0.0
2017-08-07,54,SCHOOL AND OFFICE SUPPLIES,0.0
2017-08-08,54,SCHOOL AND OFFICE SUPPLIES,0.0
2017-08-09,54,SCHOOL AND OFFICE SUPPLIES,0.0
2017-08-10,54,SCHOOL AND OFFICE SUPPLIES,0.0
2017-08-11,54,SCHOOL AND OFFICE SUPPLIES,0.0
2017-08-12,54,SCHOOL AND OFFICE SUPPLIES,0.0
2017-08-13,54,SCHOOL AND OFFICE SUPPLIES,0.0
2017-08-14,54,SCHOOL AND OFFICE SUPPLIES,0.0
2017-08-15,54,SCHOOL AND OFFICE SUPPLIES,0.0
2017-08-02,54,SEAFOOD,3.0
2017-08-03,54,SEAFOOD,5.0
2017-08-04,54,SEAFOOD,0.0
2017-08-05,54,SEAFOOD,3.0
2017-08-06,54,SEAFOOD,0.0
2017-08-07,54,SEAFOOD,0.0
2017-08-08,54,SEAFOOD,12.0
2017-08-09,54,SEAFOOD,4.0
2017-08-10,54,SEAFOOD,2.0
2017-08-11,54,SEAFOOD,0.0
2017-08-12,54,SEAFOOD,1.0
2017-08-13,54,SEAFOOD,2.0
2017-08-14,54,SEAFOOD,0.0
2017-08-15,54,SEAFOOD,3.0
